transaction_id,timestamp,amount,fraud_probability,expected_net_benefit,priority,review_day,daily_rank,selected,negative_expected_benefit
txn_0031140,2026-04-01 03:36:53+00:00,7572.92,0.04262532933433849,113.53037097801625,113.53037097801625,2026-04-01 00:00:00+00:00,1,True,False
txn_0141065,2026-04-01 04:59:58+00:00,6920.82,0.007072684438375041,-25.17197782068387,-25.17197782068387,2026-04-01 00:00:00+00:00,2,True,True
txn_0017935,2026-04-01 05:09:32+00:00,1986.06,0.009255594000452332,-40.34613778970821,-40.34613778970821,2026-04-01 00:00:00+00:00,3,True,True
txn_0051757,2026-04-01 02:46:26+00:00,2000.96,0.005353049858162315,-44.37672818499765,-44.37672818499765,2026-04-01 00:00:00+00:00,4,True,True
txn_0212420,2026-04-01 00:55:43+00:00,5512.42,0.0017802875302519396,-45.00413932973171,-45.00413932973171,2026-04-01 00:00:00+00:00,5,True,True
txn_0183933,2026-04-01 01:59:10+00:00,7327.07,0.0011418630631972275,-45.759651549609885,-45.759651549609885,2026-04-01 00:00:00+00:00,6,True,True
txn_0128313,2026-04-01 02:46:53+00:00,2531.54,0.0025987732818370146,-46.58061207895731,-46.58061207895731,2026-04-01 00:00:00+00:00,7,True,True
txn_0117467,2026-04-01 03:33:49+00:00,2311.79,0.002452727064363712,-47.04226869671913,-47.04226869671913,2026-04-01 00:00:00+00:00,8,True,True
txn_0128314,2026-04-01 04:50:11+00:00,4937.39,0.001091746753090184,-47.250222911725515,-47.250222911725515,2026-04-01 00:00:00+00:00,9,True,True
txn_0009849,2026-04-01 05:01:15+00:00,1299.29,0.0027285468436659918,-48.09098584356331,-48.09098584356331,2026-04-01 00:00:00+00:00,10,True,True
txn_0091246,2026-04-01 06:41:55+00:00,3886.13,0.0008183706250025842,-48.36893415027922,-48.36893415027922,2026-04-01 00:00:00+00:00,11,True,True
txn_0034604,2026-04-01 03:46:49+00:00,1526.74,0.0017948000163685292,-48.54016351068633,-48.54016351068633,2026-04-01 00:00:00+00:00,12,True,True
txn_0078881,2026-04-01 05:16:37+00:00,4731.63,0.000457787153726943,-48.89407092721915,-48.89407092721915,2026-04-01 00:00:00+00:00,13,True,True
txn_0078882,2026-04-01 05:27:54+00:00,4566.15,0.00045497462116574826,-48.93851008572372,-48.93851008572372,2026-04-01 00:00:00+00:00,14,True,True
txn_0034420,2026-04-01 05:38:30+00:00,912.87,0.0016769081070956034,-49.15075504278304,-49.15075504278304,2026-04-01 00:00:00+00:00,15,True,True
txn_0064493,2026-04-01 03:44:57+00:00,169.06,0.004944826225788902,-49.33477252784461,-49.33477252784461,2026-04-01 00:00:00+00:00,16,True,True
txn_0079786,2026-04-01 05:51:15+00:00,1445.58,0.000830462280009018,-49.358227054631826,-49.358227054631826,2026-04-01 00:00:00+00:00,17,True,True
txn_0072437,2026-04-01 03:41:49+00:00,1493.27,0.0007974048882789181,-49.36475935682592,-49.36475935682592,2026-04-01 00:00:00+00:00,18,True,True
txn_0067571,2026-04-01 05:18:00+00:00,1554.98,0.0007494586569961892,-49.379830455922225,-49.379830455922225,2026-04-01 00:00:00+00:00,19,True,True
txn_0130737,2026-04-01 01:07:11+00:00,281.25,0.0028323847985821955,-49.46007664777027,-49.46007664777027,2026-04-01 00:00:00+00:00,20,True,True
txn_0190098,2026-04-01 03:28:14+00:00,912.67,0.0007977207569589466,-49.59608606052519,-49.59608606052519,2026-04-01 00:00:00+00:00,21,True,True
txn_0084057,2026-04-01 02:47:37+00:00,4746.89,0.00016379109143589438,-49.603061298415135,-49.603061298415135,2026-04-01 00:00:00+00:00,22,True,True
txn_0092184,2026-04-01 00:59:48+00:00,1087.24,0.0005793924441356798,-49.65606105731218,-49.65606105731218,2026-04-01 00:00:00+00:00,23,True,True
txn_0110667,2026-04-01 04:05:51+00:00,5027.66,0.00012547211114233384,-49.67831083728995,-49.67831083728995,2026-04-01 00:00:00+00:00,24,True,True
txn_0210677,2026-04-01 06:32:20+00:00,2111.06,0.0002787015638301549,-49.691887060138846,-49.691887060138846,2026-04-01 00:00:00+00:00,25,True,True
txn_0054127,2026-04-01 04:04:57+00:00,1343.01,0.0004230043206179863,-49.69480026765252,-49.69480026765252,2026-04-01 00:00:00+00:00,26,True,True
txn_0141069,2026-04-01 01:38:07+00:00,2085.96,0.000276386936905907,-49.69791460570058,-49.69791460570058,2026-04-01 00:00:00+00:00,27,True,True
txn_0040737,2026-04-01 01:32:27+00:00,1142.8,0.00047074796027181,-49.7074772174871,-49.7074772174871,2026-04-01 00:00:00+00:00,28,True,True
txn_0141067,2026-04-01 06:37:06+00:00,6549.84,8.590486079692392e-05,-49.71437321023909,-49.71437321023909,2026-04-01 00:00:00+00:00,29,True,True
txn_0105884,2026-04-01 05:53:51+00:00,28177.9,1.9905960124719807e-05,-49.7185506250946,-49.7185506250946,2026-04-01 00:00:00+00:00,30,True,True
txn_0122052,2026-04-01 05:42:57+00:00,790.39,0.0006287595467064544,-49.72007939360402,-49.72007939360402,2026-04-01 00:00:00+00:00,31,True,True
txn_0165753,2026-04-01 05:14:48+00:00,948.4,0.0005237113677459435,-49.72547050102757,-49.72547050102757,2026-04-01 00:00:00+00:00,32,True,True
txn_0095134,2026-04-01 05:33:32+00:00,1164.69,0.000433104266837373,-49.726128682386715,-49.726128682386715,2026-04-01 00:00:00+00:00,33,True,True
txn_0130738,2026-04-01 05:53:58+00:00,118.71,0.0024426698461810356,-49.73288183897087,-49.73288183897087,2026-04-01 00:00:00+00:00,34,True,True
txn_0005898,2026-04-01 00:30:23+00:00,5868.48,8.857781742759538e-05,-49.735662534119875,-49.735662534119875,2026-04-01 00:00:00+00:00,35,True,True
txn_0110483,2026-04-01 06:44:39+00:00,2372.42,0.00021375935104902573,-49.735748552639684,-49.735748552639684,2026-04-01 00:00:00+00:00,36,True,True
txn_0126998,2026-04-01 05:16:59+00:00,1077.39,0.00044758761569356156,-49.73650740857928,-49.73650740857928,2026-04-01 00:00:00+00:00,37,True,True
txn_0071876,2026-04-01 01:45:04+00:00,13424.57,3.846653464828242e-05,-49.73987832974594,-49.73987832974594,2026-04-01 00:00:00+00:00,38,True,True
txn_0201213,2026-04-01 01:45:58+00:00,974.96,0.0004587580442996694,-49.753426726349815,-49.753426726349815,2026-04-01 00:00:00+00:00,39,True,True
txn_0046435,2026-04-01 01:35:55+00:00,5355.1,7.922686591015147e-05,-49.78390476188677,-49.78390476188677,2026-04-01 00:00:00+00:00,40,True,True
txn_0118033,2026-04-01 04:32:47+00:00,1385.8,0.000273040364260277,-49.797158313391044,-49.797158313391044,2026-04-01 00:00:00+00:00,41,True,True
txn_0122434,2026-04-01 04:28:26+00:00,1570.53,0.0002362968536801197,-49.802629508510876,-49.802629508510876,2026-04-01 00:00:00+00:00,42,True,True
txn_0125193,2026-04-01 04:27:29+00:00,599.05,0.0005640637185045525,-49.8028456287897,-49.8028456287897,2026-04-01 00:00:00+00:00,43,True,True
txn_0165050,2026-04-01 05:01:33+00:00,613.68,0.0005501220829685207,-49.80369443591351,-49.80369443591351,2026-04-01 00:00:00+00:00,44,True,True
txn_0091601,2026-04-01 00:27:01+00:00,4048.1,9.393413474597471e-05,-49.80517590783011,-49.80517590783011,2026-04-01 00:00:00+00:00,45,True,True
txn_0001009,2026-04-01 05:48:30+00:00,441.43,0.0007077636757236892,-49.80839775652646,-49.80839775652646,2026-04-01 00:00:00+00:00,46,True,True
txn_0155811,2026-04-01 05:40:36+00:00,1439.19,0.0002463267733838327,-49.810428146837666,-49.810428146837666,2026-04-01 00:00:00+00:00,47,True,True
txn_0183931,2026-04-01 00:21:02+00:00,11256.68,3.2772451282282496e-05,-49.81390687898576,-49.81390687898576,2026-04-01 00:00:00+00:00,48,True,True
txn_0001618,2026-04-01 02:46:35+00:00,1186.9,0.0002888017586704343,-49.81417050838351,-49.81417050838351,2026-04-01 00:00:00+00:00,49,True,True
txn_0136205,2026-04-01 01:54:51+00:00,1566.64,0.0002190012321158031,-49.81750189325326,-49.81750189325326,2026-04-01 00:00:00+00:00,50,True,True
txn_0128315,2026-04-01 00:54:58+00:00,5129.03,6.829857755115531e-05,-49.82143234451384,-49.82143234451384,2026-04-01 00:00:00+00:00,51,False,True
txn_0084060,2026-04-01 06:28:42+00:00,1059.9,0.000303505478293387,-49.82398199786375,-49.82398199786375,2026-04-01 00:00:00+00:00,52,False,True
txn_0103620,2026-04-01 04:46:20+00:00,1020.7,0.0002856724613860577,-49.839923436262325,-49.839923436262325,2026-04-01 00:00:00+00:00,53,False,True
txn_0057158,2026-04-01 06:20:44+00:00,1745.74,0.0001612593896456429,-49.85117854707772,-49.85117854707772,2026-04-01 00:00:00+00:00,54,False,True
txn_0177073,2026-04-01 01:27:12+00:00,6306.68,4.631879272280098e-05,-49.85162515851934,-49.85162515851934,2026-04-01 00:00:00+00:00,55,False,True
txn_0009848,2026-04-01 04:28:05+00:00,4677.64,6.115953087512395e-05,-49.853900889454884,-49.853900889454884,2026-04-01 00:00:00+00:00,56,False,True
txn_0141066,2026-04-01 00:45:24+00:00,4441.28,6.430147822918376e-05,-49.853994491473685,-49.853994491473685,2026-04-01 00:00:00+00:00,57,False,True
txn_0185757,2026-04-01 05:07:42+00:00,1087.81,0.00024294903068687137,-49.85571135592991,-49.85571135592991,2026-04-01 00:00:00+00:00,58,False,True
txn_0093449,2026-04-01 05:18:48+00:00,7703.38,3.5192050786723566e-05,-49.862691527365946,-49.862691527365946,2026-04-01 00:00:00+00:00,59,False,True
txn_0009963,2026-04-01 00:46:58+00:00,1777.24,0.00014615469837843463,-49.86281627700804,-49.86281627700804,2026-04-01 00:00:00+00:00,60,False,True
txn_0203736,2026-04-01 05:45:52+00:00,1398.76,0.00018197899085693465,-49.863628583831634,-49.863628583831634,2026-04-01 00:00:00+00:00,61,False,True
txn_0038847,2026-04-01 03:40:13+00:00,4979.71,5.143317602596319e-05,-49.86936719070457,-49.86936719070457,2026-04-01 00:00:00+00:00,62,False,True
txn_0056621,2026-04-01 03:25:43+00:00,1235.14,0.00019554127669804206,-49.86946250991468,-49.86946250991468,2026-04-01 00:00:00+00:00,63,False,True
txn_0179599,2026-04-01 05:32:25+00:00,84.72,0.0013937816882169092,-49.871270323276285,-49.871270323276285,2026-04-01 00:00:00+00:00,64,False,True
txn_0166229,2026-04-01 04:58:18+00:00,13612.67,1.815048549463739e-05,-49.87555419103613,-49.87555419103613,2026-04-01 00:00:00+00:00,65,False,True
txn_0054126,2026-04-01 00:36:20+00:00,1372.04,0.00016732784670509603,-49.87684335826812,-49.87684335826812,2026-04-01 00:00:00+00:00,66,False,True
txn_0085181,2026-04-01 06:26:50+00:00,2310.48,0.00010142633775024622,-49.8777569206899,-49.8777569206899,2026-04-01 00:00:00+00:00,67,False,True
txn_0136412,2026-04-01 06:49:23+00:00,1334.9,0.0001699765792513928,-49.878050303216085,-49.878050303216085,2026-04-01 00:00:00+00:00,68,False,True
txn_0093067,2026-04-01 06:18:09+00:00,3499.63,6.726542731281537e-05,-49.878934674940986,-49.878934674940986,2026-04-01 00:00:00+00:00,69,False,True
txn_0162345,2026-04-01 04:24:27+00:00,1388.57,0.00016264330617227703,-49.87894702686557,-49.87894702686557,2026-04-01 00:00:00+00:00,70,False,True
txn_0042833,2026-04-01 02:19:45+00:00,1485.14,0.00014923625603279313,-49.88171982055609,-49.88171982055609,2026-04-01 00:00:00+00:00,71,False,True
txn_0020644,2026-04-01 04:51:05+00:00,3209.4,6.843387303402013e-05,-49.886762470290606,-49.886762470290606,2026-04-01 00:00:00+00:00,72,False,True
txn_0152734,2026-04-01 03:03:36+00:00,597.66,0.0003207885059903968,-49.88809934545537,-49.88809934545537,2026-04-01 00:00:00+00:00,73,False,True
txn_0088789,2026-04-01 00:30:54+00:00,768.99,0.00025693778233132564,-49.88836181826595,-49.88836181826595,2026-04-01 00:00:00+00:00,74,False,True
txn_0053459,2026-04-01 06:45:57+00:00,478.94,0.0003837249778724957,-49.88892313065525,-49.88892313065525,2026-04-01 00:00:00+00:00,75,False,True
txn_0152056,2026-04-01 01:43:17+00:00,10368.85,2.1183324390263536e-05,-49.889117477228496,-49.889117477228496,2026-04-01 00:00:00+00:00,76,False,True
txn_0139530,2026-04-01 05:25:19+00:00,2527.74,7.744783630747621e-05,-49.8982436113107,-49.8982436113107,2026-04-01 00:00:00+00:00,77,False,True
txn_0200017,2026-04-01 01:22:01+00:00,1432.94,0.00012933878278608929,-49.90086570315795,-49.90086570315795,2026-04-01 00:00:00+00:00,78,False,True
txn_0117463,2026-04-01 00:35:35+00:00,2503.18,7.462071572420075e-05,-49.902874422620535,-49.902874422620535,2026-04-01 00:00:00+00:00,79,False,True
txn_0034421,2026-04-01 06:12:31+00:00,1051.46,0.0001668189142981673,-49.90395734647112,-49.90395734647112,2026-04-01 00:00:00+00:00,80,False,True
txn_0034606,2026-04-01 01:01:32+00:00,1152.23,0.00015322267083162246,-49.90406498745226,-49.90406498745226,2026-04-01 00:00:00+00:00,81,False,True
txn_0087141,2026-04-01 00:36:03+00:00,3365.42,5.3975411733899976e-05,-49.90647626433455,-49.90647626433455,2026-04-01 00:00:00+00:00,82,False,True
txn_0212069,2026-04-01 03:01:04+00:00,2012.27,8.827599102922851e-05,-49.906768636214345,-49.906768636214345,2026-04-01 00:00:00+00:00,83,False,True
txn_0199705,2026-04-01 03:30:37+00:00,299.07,0.00045298209010577727,-49.909614218650745,-49.909614218650745,2026-04-01 00:00:00+00:00,84,False,True
txn_0054970,2026-04-01 01:17:28+00:00,4214.14,4.142899311501253e-05,-49.9106347618214,-49.9106347618214,2026-04-01 00:00:00+00:00,85,False,True
txn_0072433,2026-04-01 04:49:11+00:00,677.68,0.0002297612214757902,-49.91065964664135,-49.91065964664135,2026-04-01 00:00:00+00:00,86,False,True
txn_0123705,2026-04-01 06:20:27+00:00,1071.88,0.00014642797376352375,-49.914201993053,-49.914201993053,2026-04-01 00:00:00+00:00,87,False,True
txn_0020641,2026-04-01 02:54:22+00:00,2128.19,7.475767096656413e-05,-49.91671285256451,-49.91671285256451,2026-04-01 00:00:00+00:00,88,False,True
txn_0184293,2026-04-01 03:53:10+00:00,950.65,0.00015722490233127843,-49.91740582818282,-49.91740582818282,2026-04-01 00:00:00+00:00,89,False,True
txn_0033351,2026-04-01 01:54:51+00:00,2785.43,5.688323604965075e-05,-49.91793370210262,-49.91793370210262,2026-04-01 00:00:00+00:00,90,False,True
txn_0182648,2026-04-01 01:03:43+00:00,1562.84,9.747911054101618e-05,-49.91895391791399,-49.91895391791399,2026-04-01 00:00:00+00:00,91,False,True
txn_0072435,2026-04-01 05:55:22+00:00,603.4,0.0002274219368496558,-49.92001570480998,-49.92001570480998,2026-04-01 00:00:00+00:00,92,False,True
txn_0116256,2026-04-01 04:33:33+00:00,3576.37,4.160914075084284e-05,-49.92351470160891,-49.92351470160891,2026-04-01 00:00:00+00:00,93,False,True
txn_0081562,2026-04-01 06:31:22+00:00,1004.74,0.00013820272185011297,-49.92366096253165,-49.92366096253165,2026-04-01 00:00:00+00:00,94,False,True
txn_0059944,2026-04-01 03:10:56+00:00,3649.58,4.069936262033964e-05,-49.923697241953015,-49.923697241953015,2026-04-01 00:00:00+00:00,95,False,True
txn_0185755,2026-04-01 06:41:43+00:00,839.53,0.00016022034762964372,-49.92473408839576,-49.92473408839576,2026-04-01 00:00:00+00:00,96,False,True
txn_0164382,2026-04-01 02:47:09+00:00,1303.46,0.00010643747922445862,-49.92530962770382,-49.92530962770382,2026-04-01 00:00:00+00:00,97,False,True
txn_0104107,2026-04-01 06:29:52+00:00,4080.82,3.52547255871506e-05,-49.926303169085365,-49.926303169085365,2026-04-01 00:00:00+00:00,98,False,True
txn_0074449,2026-04-01 03:17:07+00:00,882.99,0.0001496584203309691,-49.92644363469943,-49.92644363469943,2026-04-01 00:00:00+00:00,99,False,True
txn_0110485,2026-04-01 04:32:09+00:00,2633.85,5.346898677073371e-05,-49.926911905258414,-49.926911905258414,2026-04-01 00:00:00+00:00,100,False,True
txn_0212421,2026-04-01 00:52:07+00:00,3864.11,3.658578049728904e-05,-49.927484970836446,-49.927484970836446,2026-04-01 00:00:00+00:00,101,False,True
txn_0114065,2026-04-01 00:06:58+00:00,795.93,0.00015468746103527856,-49.930705431517325,-49.930705431517325,2026-04-01 00:00:00+00:00,102,False,True
txn_0010492,2026-04-01 05:04:27+00:00,3487.54,3.8169752769224294e-05,-49.931532242575145,-49.931532242575145,2026-04-01 00:00:00+00:00,103,False,True
txn_0034789,2026-04-01 03:23:51+00:00,3385.75,3.90469451604948e-05,-49.9319460554534,-49.9319460554534,2026-04-01 00:00:00+00:00,104,False,True
txn_0052170,2026-04-01 04:06:34+00:00,3492.95,3.768946219742299e-05,-49.932291823398884,-49.932291823398884,2026-04-01 00:00:00+00:00,105,False,True
txn_0158905,2026-04-01 01:02:28+00:00,1156.78,0.00010524907859439738,-49.933862531502065,-49.933862531502065,2026-04-01 00:00:00+00:00,106,False,True
txn_0028394,2026-04-01 03:17:58+00:00,1572.72,7.860413578768312e-05,-49.93425864499261,-49.93425864499261,2026-04-01 00:00:00+00:00,107,False,True
txn_0034199,2026-04-01 04:59:53+00:00,975.09,0.0001221576240830692,-49.93433477996227,-49.93433477996227,2026-04-01 00:00:00+00:00,108,False,True
txn_0094565,2026-04-01 04:19:23+00:00,875.5,0.00013175909628997272,-49.93573450078456,-49.93573450078456,2026-04-01 00:00:00+00:00,109,False,True
txn_0078884,2026-04-01 02:32:35+00:00,3736.34,3.317094839745693e-05,-49.93637248191245,-49.93637248191245,2026-04-01 00:00:00+00:00,110,False,True
txn_0075943,2026-04-01 03:35:27+00:00,2733.23,4.453433208123886e-05,-49.93691199715873,-49.93691199715873,2026-04-01 00:00:00+00:00,111,False,True
txn_0169271,2026-04-01 00:04:03+00:00,707.1,0.00015315649299548474,-49.93819369725167,-49.93819369725167,2026-04-01 00:00:00+00:00,112,False,True
txn_0053147,2026-04-01 05:07:28+00:00,1973.12,5.9422543191057836e-05,-49.938404968629875,-49.938404968629875,2026-04-01 00:00:00+00:00,113,False,True
txn_0053460,2026-04-01 00:29:49+00:00,1149.44,9.814700731666302e-05,-49.938685601589135,-49.938685601589135,2026-04-01 00:00:00+00:00,114,False,True
txn_0120597,2026-04-01 01:11:48+00:00,1419.89,8.032903693198417e-05,-49.93895435002872,-49.93895435002872,2026-04-01 00:00:00+00:00,115,False,True
txn_0139527,2026-04-01 05:05:37+00:00,3477.57,3.374810336514773e-05,-49.939631898921974,-49.939631898921974,2026-04-01 00:00:00+00:00,116,False,True
txn_0006825,2026-04-01 03:17:38+00:00,1653.88,6.674123280218411e-05,-49.94147194330645,-49.94147194330645,2026-04-01 00:00:00+00:00,117,False,True
txn_0115935,2026-04-01 05:10:54+00:00,681.16,0.0001485638133798838,-49.94197394577008,-49.94197394577008,2026-04-01 00:00:00+00:00,118,False,True
txn_0092028,2026-04-01 00:31:16+00:00,10.0,0.0010539816068437648,-49.94203101162359,-49.94203101162359,2026-04-01 00:00:00+00:00,119,False,True
txn_0136709,2026-04-01 00:22:35+00:00,2935.9,3.800811025383731e-05,-49.942305589040195,-49.942305589040195,2026-04-01 00:00:00+00:00,120,False,True
txn_0033633,2026-04-01 03:56:17+00:00,285.36,0.00029804585733790134,-49.94257252420813,-49.94257252420813,2026-04-01 00:00:00+00:00,121,False,True
txn_0102919,2026-04-01 04:54:44+00:00,949.74,0.00010733733208400905,-49.94366185450907,-49.94366185450907,2026-04-01 00:00:00+00:00,122,False,True
txn_0087939,2026-04-01 04:38:11+00:00,1316.89,7.943875272372205e-05,-49.94372201282664,-49.94372201282664,2026-04-01 00:00:00+00:00,123,False,True
txn_0189432,2026-04-01 01:14:43+00:00,1566.68,6.673498946652116e-05,-49.94438706387797,-49.94438706387797,2026-04-01 00:00:00+00:00,124,False,True
txn_0110670,2026-04-01 01:07:53+00:00,4510.96,2.40374157777813e-05,-49.94458221867264,-49.94458221867264,2026-04-01 00:00:00+00:00,125,False,True
txn_0107495,2026-04-01 02:33:35+00:00,1244.23,8.233552097825433e-05,-49.9446610613177,-49.9446610613177,2026-04-01 00:00:00+00:00,126,False,True
txn_0139491,2026-04-01 05:12:52+00:00,3307.23,3.246021135204204e-05,-49.944700297037485,-49.944700297037485,2026-04-01 00:00:00+00:00,127,False,True
txn_0124386,2026-04-01 00:09:02+00:00,1291.55,7.920213630293533e-05,-49.944893133613824,-49.944893133613824,2026-04-01 00:00:00+00:00,128,False,True
txn_0204802,2026-04-01 06:28:39+00:00,635.55,0.0001490423516101577,-49.94518594913658,-49.94518594913658,2026-04-01 00:00:00+00:00,129,False,True
txn_0148525,2026-04-01 03:28:42+00:00,1565.04,6.552383909782385e-05,-49.94545009347428,-49.94545009347428,2026-04-01 00:00:00+00:00,130,False,True
txn_0156521,2026-04-01 00:21:21+00:00,1266.08,7.920213630293533e-05,-49.94590177281964,-49.94590177281964,2026-04-01 00:00:00+00:00,131,False,True
txn_0196541,2026-04-01 00:57:31+00:00,645.36,0.0001428268214714497,-49.946771300174014,-49.946771300174014,2026-04-01 00:00:00+00:00,132,False,True
txn_0154431,2026-04-01 00:53:43+00:00,3283.28,3.115962938127111e-05,-49.94728912455347,-49.94728912455347,2026-04-01 00:00:00+00:00,133,False,True
txn_0084733,2026-04-01 00:22:41+00:00,726.91,0.00012554437311669436,-49.948093051213036,-49.948093051213036,2026-04-01 00:00:00+00:00,134,False,True
txn_0060570,2026-04-01 01:53:13+00:00,3894.29,2.5652541177709777e-05,-49.948768155649645,-49.948768155649645,2026-04-01 00:00:00+00:00,135,False,True
txn_0045261,2026-04-01 03:33:49+00:00,3152.49,3.143057181432306e-05,-49.94888618973982,-49.94888618973982,2026-04-01 00:00:00+00:00,136,False,True
txn_0152735,2026-04-01 02:57:23+00:00,3121.58,3.140393086621853e-05,-49.9494148622,-49.9494148622,2026-04-01 00:00:00+00:00,137,False,True
txn_0198505,2026-04-01 03:34:23+00:00,284.67,0.0002610793179581941,-49.94978530938051,-49.94978530938051,2026-04-01 00:00:00+00:00,138,False,True
txn_0198984,2026-04-01 02:55:42+00:00,574.88,0.00014361084374388042,-49.95153995688707,-49.95153995688707,2026-04-01 00:00:00+00:00,139,False,True
txn_0007974,2026-04-01 04:02:23+00:00,591.72,0.00013609422455448776,-49.95293045149559,-49.95293045149559,2026-04-01 00:00:00+00:00,140,False,True
txn_0089156,2026-04-01 05:35:53+00:00,1462.71,5.951650805092749e-05,-49.95349647885187,-49.95349647885187,2026-04-01 00:00:00+00:00,141,False,True
txn_0107492,2026-04-01 00:05:40+00:00,1098.6,7.71070634161128e-05,-49.95378973689472,-49.95378973689472,2026-04-01 00:00:00+00:00,142,False,True
txn_0195931,2026-04-01 00:51:39+00:00,1539.25,5.510958633178928e-05,-49.954830805302805,-49.954830805302805,2026-04-01 00:00:00+00:00,143,False,True
txn_0122433,2026-04-01 03:27:49+00:00,2107.06,4.086152516506988e-05,-49.95490808113459,-49.95490808113459,2026-04-01 00:00:00+00:00,144,False,True
txn_0163853,2026-04-01 06:30:00+00:00,664.22,0.00011737000452261313,-49.95515174757187,-49.95515174757187,2026-04-01 00:00:00+00:00,145,False,True
txn_0199026,2026-04-01 02:22:47+00:00,84.66,0.0004846364833307014,-49.95525351349408,-49.95525351349408,2026-04-01 00:00:00+00:00,146,False,True
txn_0051755,2026-04-01 00:08:41+00:00,1444.23,5.759938567222159e-05,-49.95552665033169,-49.95552665033169,2026-04-01 00:00:00+00:00,147,False,True
txn_0211128,2026-04-01 00:22:37+00:00,2164.61,3.87098796417967e-05,-49.956168609732195,-49.956168609732195,2026-04-01 00:00:00+00:00,148,False,True
txn_0017936,2026-04-01 01:35:40+00:00,2822.81,2.969928099964919e-05,-49.95659732225071,-49.95659732225071,2026-04-01 00:00:00+00:00,149,False,True
txn_0056042,2026-04-01 06:06:55+00:00,3221.75,2.61292481301493e-05,-49.95660258501184,-49.95660258501184,2026-04-01 00:00:00+00:00,150,False,True
txn_0122411,2026-04-01 02:51:17+00:00,5272.96,1.5909007581242766e-05,-49.957260769313145,-49.957260769313145,2026-04-01 00:00:00+00:00,151,False,True
txn_0136202,2026-04-01 02:02:40+00:00,1633.93,4.882889723551714e-05,-49.9576670551082,-49.9576670551082,2026-04-01 00:00:00+00:00,152,False,True
txn_0200016,2026-04-01 00:03:01+00:00,1152.1,6.698581013208205e-05,-49.95806353356681,-49.95806353356681,2026-04-01 00:00:00+00:00,153,False,True
txn_0059863,2026-04-01 01:41:18+00:00,474.93,0.00014579051248327747,-49.95809033032899,-49.95809033032899,2026-04-01 00:00:00+00:00,154,False,True
txn_0040078,2026-04-01 02:06:25+00:00,726.36,0.00010105470301586495,-49.9582462178079,-49.9582462178079,2026-04-01 00:00:00+00:00,155,False,True
txn_0017653,2026-04-01 02:49:09+00:00,964.32,7.693237333002247e-05,-49.959059668208695,-49.959059668208695,2026-04-01 00:00:00+00:00,156,False,True
txn_0089154,2026-04-01 01:59:39+00:00,1599.94,4.778167127376239e-05,-49.959387012867445,-49.959387012867445,2026-04-01 00:00:00+00:00,157,False,True
txn_0098528,2026-04-01 02:26:32+00:00,960.17,7.496015910511401e-05,-49.960264744060765,-49.960264744060765,2026-04-01 00:00:00+00:00,158,False,True
txn_0031139,2026-04-01 02:24:21+00:00,1114.37,6.532060949711366e-05,-49.960338305722495,-49.960338305722495,2026-04-01 00:00:00+00:00,159,False,True
txn_0110332,2026-04-01 06:44:07+00:00,1198.53,6.072275650124933e-05,-49.96057483950022,-49.96057483950022,2026-04-01 00:00:00+00:00,160,False,True
txn_0146423,2026-04-01 06:03:25+00:00,3252.19,2.3491878832799505e-05,-49.96062537934774,-49.96062537934774,2026-04-01 00:00:00+00:00,161,False,True
txn_0118034,2026-04-01 02:48:03+00:00,3000.09,2.539556413847693e-05,-49.96063573278497,-49.96063573278497,2026-04-01 00:00:00+00:00,162,False,True
txn_0013695,2026-04-01 02:09:24+00:00,1656.85,4.4350386582466275e-05,-49.9610415116663,-49.9610415116663,2026-04-01 00:00:00+00:00,163,False,True
txn_0162674,2026-04-01 04:19:55+00:00,697.73,9.765462684353893e-05,-49.96104898726405,-49.96104898726405,2026-04-01 00:00:00+00:00,164,False,True
txn_0007038,2026-04-01 04:15:58+00:00,2144.07,3.420031535114581e-05,-49.96162604916498,-49.96162604916498,2026-04-01 00:00:00+00:00,165,False,True
txn_0165414,2026-04-01 00:13:58+00:00,406.64,0.00015095250890078844,-49.961760710445255,-49.961760710445255,2026-04-01 00:00:00+00:00,166,False,True
txn_0199703,2026-04-01 01:00:17+00:00,607.85,0.00010802557266610736,-49.961767049194144,-49.961767049194144,2026-04-01 00:00:00+00:00,167,False,True
txn_0056622,2026-04-01 00:46:08+00:00,732.61,9.164285934701965e-05,-49.961848619439536,-49.961848619439536,2026-04-01 00:00:00+00:00,168,False,True
txn_0067147,2026-04-01 03:11:33+00:00,650.4,0.00010120563926067321,-49.962027644149394,-49.962027644149394,2026-04-01 00:00:00+00:00,169,False,True
txn_0057073,2026-04-01 01:25:58+00:00,781.5,8.595668637292066e-05,-49.96211459048114,-49.96211459048114,2026-04-01 00:00:00+00:00,170,False,True
txn_0008537,2026-04-01 00:23:34+00:00,981.6,6.983136259851208e-05,-49.96223519910673,-49.96223519910673,2026-04-01 00:00:00+00:00,171,False,True
txn_0176031,2026-04-01 06:29:00+00:00,1656.47,4.300053644951317e-05,-49.96223542387126,-49.96223542387126,2026-04-01 00:00:00+00:00,172,False,True
txn_0008640,2026-04-01 06:41:08+00:00,1021.35,6.713044516117985e-05,-49.96236163765926,-49.96236163765926,2026-04-01 00:00:00+00:00,173,False,True
txn_0020488,2026-04-01 04:59:09+00:00,1775.31,4.009795030528093e-05,-49.9624019564065,-49.9624019564065,2026-04-01 00:00:00+00:00,174,False,True
txn_0136203,2026-04-01 00:26:21+00:00,2508.98,2.8612691239600206e-05,-49.96267503040486,-49.96267503040486,2026-04-01 00:00:00+00:00,175,False,True
txn_0171695,2026-04-01 00:18:42+00:00,1871.26,3.764836217454012e-05,-49.9628926447899,-49.9628926447899,2026-04-01 00:00:00+00:00,176,False,True
txn_0126994,2026-04-01 03:01:15+00:00,1451.25,4.780999884023001e-05,-49.962917369649546,-49.962917369649546,2026-04-01 00:00:00+00:00,177,False,True
txn_0148899,2026-04-01 01:12:35+00:00,896.84,7.359319423770862e-05,-49.963319680128045,-49.963319680128045,2026-04-01 00:00:00+00:00,178,False,True
txn_0118035,2026-04-01 04:48:30+00:00,2694.07,2.610172003953183e-05,-49.96353498354457,-49.96353498354457,2026-04-01 00:00:00+00:00,179,False,True
txn_0116363,2026-04-01 01:42:38+00:00,2456.97,2.8415461330502206e-05,-49.963671258920876,-49.963671258920876,2026-04-01 00:00:00+00:00,180,False,True
txn_0085176,2026-04-01 04:05:48+00:00,1257.33,5.3282140191539817e-05,-49.96383927632691,-49.96383927632691,2026-04-01 00:00:00+00:00,181,False,True
txn_0012527,2026-04-01 01:34:50+00:00,1951.44,3.502965632441034e-05,-49.96406938091493,-49.96406938091493,2026-04-01 00:00:00+00:00,182,False,True
txn_0107489,2026-04-01 00:41:56+00:00,1092.03,5.9877770586138406e-05,-49.96431195056411,-49.96431195056411,2026-04-01 00:00:00+00:00,183,False,True
txn_0174152,2026-04-01 01:26:46+00:00,2107.53,3.216460994715703e-05,-49.96449782930167,-49.96449782930167,2026-04-01 00:00:00+00:00,184,False,True
txn_0147465,2026-04-01 03:15:14+00:00,1163.0,5.60723634700647e-05,-49.96459030246866,-49.96459030246866,2026-04-01 00:00:00+00:00,185,False,True
txn_0206400,2026-04-01 01:49:43+00:00,44.58,0.00048789059931439113,-49.96473038857556,-49.96473038857556,2026-04-01 00:00:00+00:00,186,False,True
txn_0024427,2026-04-01 04:38:29+00:00,2807.58,2.425260463800977e-05,-49.96474180590331,-49.96474180590331,2026-04-01 00:00:00+00:00,187,False,True
txn_0145257,2026-04-01 02:12:49+00:00,1006.69,6.334124042088721e-05,-49.96495044131931,-49.96495044131931,2026-04-01 00:00:00+00:00,188,False,True
txn_0182519,2026-04-01 00:01:04+00:00,2130.07,3.139856135605203e-05,-49.964989505138355,-49.964989505138355,2026-04-01 00:00:00+00:00,189,False,True
txn_0210679,2026-04-01 05:59:54+00:00,2837.48,2.3755762364726983e-05,-49.96510896158443,-49.96510896158443,2026-04-01 00:00:00+00:00,190,False,True
txn_0024426,2026-04-01 03:59:21+00:00,2993.77,2.248517220241913e-05,-49.965218024397664,-49.965218024397664,2026-04-01 00:00:00+00:00,191,False,True
txn_0001619,2026-04-01 04:43:44+00:00,1350.68,4.7868413805023264e-05,-49.96527912473067,-49.96527912473067,2026-04-01 00:00:00+00:00,192,False,True
txn_0150287,2026-04-01 00:25:48+00:00,1514.57,4.29526133465045e-05,-49.965324999534566,-49.965324999534566,2026-04-01 00:00:00+00:00,193,False,True
txn_0027485,2026-04-01 02:59:22+00:00,964.8,6.45256775345597e-05,-49.9656465292806,-49.9656465292806,2026-04-01 00:00:00+00:00,194,False,True
txn_0054069,2026-04-01 03:21:41+00:00,866.1,7.056164816804883e-05,-49.96591519585242,-49.96591519585242,2026-04-01 00:00:00+00:00,195,False,True
txn_0192935,2026-04-01 03:09:01+00:00,1507.12,4.241076851506089e-05,-49.965920402852035,-49.965920402852035,2026-04-01 00:00:00+00:00,196,False,True
txn_0211486,2026-04-01 05:20:52+00:00,3313.53,1.9944373503346494e-05,-49.965959641357564,-49.965959641357564,2026-04-01 00:00:00+00:00,197,False,True
txn_0080380,2026-04-01 05:09:57+00:00,1158.41,5.39593975258852e-05,-49.96604847727973,-49.96604847727973,2026-04-01 00:00:00+00:00,198,False,True
txn_0175739,2026-04-01 06:35:56+00:00,549.53,0.0001040550873406212,-49.96620654955983,-49.96620654955983,2026-04-01 00:00:00+00:00,199,False,True
txn_0086050,2026-04-01 03:17:29+00:00,469.55,0.00011802271525209276,-49.96639008126408,-49.96639008126408,2026-04-01 00:00:00+00:00,200,False,True
txn_0203409,2026-04-01 00:01:51+00:00,1997.38,3.198248221704088e-05,-49.96646029072381,-49.96646029072381,2026-04-01 00:00:00+00:00,201,False,True
txn_0198508,2026-04-01 01:11:36+00:00,705.39,8.323009115852684e-05,-49.966483658440914,-49.966483658440914,2026-04-01 00:00:00+00:00,202,False,True
txn_0210145,2026-04-01 01:20:38+00:00,702.64,8.323009115852684e-05,-49.96659809981626,-49.96659809981626,2026-04-01 00:00:00+00:00,203,False,True
txn_0049280,2026-04-01 04:25:12+00:00,1036.74,5.8684002546515796e-05,-49.966645773472635,-49.966645773472635,2026-04-01 00:00:00+00:00,204,False,True
txn_0212071,2026-04-01 01:47:43+00:00,2512.91,2.5332337356796236e-05,-49.96690444119853,-49.96690444119853,2026-04-01 00:00:00+00:00,205,False,True
txn_0030073,2026-04-01 03:30:57+00:00,1646.47,3.779618746548742e-05,-49.96699504623857,-49.96699504623857,2026-04-01 00:00:00+00:00,206,False,True
txn_0206401,2026-04-01 00:12:15+00:00,22.72,0.0005348050339158467,-49.967184363118925,-49.967184363118925,2026-04-01 00:00:00+00:00,207,False,True
txn_0067149,2026-04-01 03:37:50+00:00,1061.77,5.6283179248020435e-05,-49.96730594542252,-49.96730594542252,2026-04-01 00:00:00+00:00,208,False,True
txn_0073952,2026-04-01 01:51:11+00:00,1422.24,4.241076851506089e-05,-49.967720315867815,-49.967720315867815,2026-04-01 00:00:00+00:00,209,False,True
txn_0001620,2026-04-01 01:35:45+00:00,1691.19,3.5631326676787284e-05,-49.9680887619849,-49.9680887619849,2026-04-01 00:00:00+00:00,210,False,True
txn_0053457,2026-04-01 02:25:20+00:00,1115.87,5.237171741625539e-05,-49.96816139997255,-49.96816139997255,2026-04-01 00:00:00+00:00,211,False,True
txn_0072839,2026-04-01 02:55:59+00:00,976.87,5.883917518439575e-05,-49.96831892870959,-49.96831892870959,2026-04-01 00:00:00+00:00,212,False,True
txn_0206053,2026-04-01 00:55:39+00:00,1611.91,3.6836585047954416e-05,-49.96846954084528,-49.96846954084528,2026-04-01 00:00:00+00:00,213,False,True
txn_0006110,2026-04-01 03:41:17+00:00,1668.88,3.5631326676787284e-05,-49.968486229433985,-49.968486229433985,2026-04-01 00:00:00+00:00,214,False,True
txn_0038882,2026-04-01 04:19:28+00:00,1378.83,4.245946263521265e-05,-49.96860483643558,-49.96860483643558,2026-04-01 00:00:00+00:00,215,False,True
txn_0016764,2026-04-01 00:01:26+00:00,1357.02,4.29526133465045e-05,-49.96870859165094,-49.96870859165094,2026-04-01 00:00:00+00:00,216,False,True
txn_0054432,2026-04-01 01:17:15+00:00,1648.29,3.5631326676787284e-05,-49.96885305394212,-49.96885305394212,2026-04-01 00:00:00+00:00,217,False,True
txn_0158333,2026-04-01 01:46:37+00:00,2173.56,2.7199697160791073e-05,-49.96907992826156,-49.96907992826156,2026-04-01 00:00:00+00:00,218,False,True
txn_0035923,2026-04-01 00:50:35+00:00,1466.31,3.945092991974418e-05,-49.96910380697871,-49.96910380697871,2026-04-01 00:00:00+00:00,219,False,True
txn_0172678,2026-04-01 02:27:17+00:00,1627.46,3.5631326676787284e-05,-49.969224154209456,-49.969224154209456,2026-04-01 00:00:00+00:00,220,False,True
txn_0182644,2026-04-01 00:17:36+00:00,1042.0,5.379130211283141e-05,-49.96928516649358,-49.96928516649358,2026-04-01 00:00:00+00:00,221,False,True
txn_0006000,2026-04-01 02:21:19+00:00,2188.53,2.6703165862073863e-05,-49.969444501914836,-49.969444501914836,2026-04-01 00:00:00+00:00,222,False,True
txn_0093064,2026-04-01 00:38:54+00:00,2938.79,2.0095098305064118e-05,-49.96946760811078,-49.96946760811078,2026-04-01 00:00:00+00:00,223,False,True
txn_0155809,2026-04-01 00:22:26+00:00,934.29,5.903280934610166e-05,-49.969471477810714,-49.969471477810714,2026-04-01 00:00:00+00:00,224,False,True
txn_0090600,2026-04-01 05:21:20+00:00,601.16,8.646145545713667e-05,-49.96968834294584,-49.96968834294584,2026-04-01 00:00:00+00:00,225,False,True
txn_0105120,2026-04-01 01:58:42+00:00,199.14,0.0002018618685720478,-49.96980752031768,-49.96980752031768,2026-04-01 00:00:00+00:00,226,False,True
txn_0072305,2026-04-01 05:09:40+00:00,2507.66,2.307278829153051e-05,-49.969917006441854,-49.969917006441854,2026-04-01 00:00:00+00:00,227,False,True
txn_0146519,2026-04-01 04:43:35+00:00,2021.64,2.788702303635443e-05,-49.97041688822257,-49.97041688822257,2026-04-01 00:00:00+00:00,228,False,True
txn_0006824,2026-04-01 01:40:31+00:00,2151.34,2.5892393031682397e-05,-49.97085370993603,-49.97085370993603,2026-04-01 00:00:00+00:00,229,False,True
txn_0156715,2026-04-01 03:45:42+00:00,893.09,5.867756453525085e-05,-49.97086394871784,-49.97086394871784,2026-04-01 00:00:00+00:00,230,False,True
txn_0115883,2026-04-01 06:04:29+00:00,1615.19,3.3919428624461816e-05,-49.97091086760881,-49.97091086760881,2026-04-01 00:00:00+00:00,231,False,True
txn_0172056,2026-04-01 02:24:33+00:00,493.22,9.769526160919274e-05,-49.97102260845409,-49.97102260845409,2026-04-01 00:00:00+00:00,232,False,True
txn_0038143,2026-04-01 03:58:53+00:00,894.32,5.828280199827841e-05,-49.97102412215854,-49.97102412215854,2026-04-01 00:00:00+00:00,233,False,True
txn_0185655,2026-04-01 05:05:02+00:00,1451.65,3.712079203460871e-05,-49.971200761519746,-49.971200761519746,2026-04-01 00:00:00+00:00,234,False,True
txn_0020643,2026-04-01 02:26:19+00:00,2596.57,2.1356460207533584e-05,-49.97120540504909,-49.97120540504909,2026-04-01 00:00:00+00:00,235,False,True
txn_0200706,2026-04-01 02:55:29+00:00,2076.72,2.64540575815284e-05,-49.97120846189057,-49.97120846189057,2026-04-01 00:00:00+00:00,236,False,True
txn_0018589,2026-04-01 03:08:01+00:00,1245.47,4.2793369547582404e-05,-49.971211402537406,-49.971211402537406,2026-04-01 00:00:00+00:00,237,False,True
txn_0041460,2026-04-01 02:16:50+00:00,2007.9,2.7271660531644403e-05,-49.97125703338268,-49.97125703338268,2026-04-01 00:00:00+00:00,238,False,True
txn_0194092,2026-04-01 04:15:47+00:00,1763.15,3.08473273696846e-05,-49.97126340100559,-49.97126340100559,2026-04-01 00:00:00+00:00,239,False,True
txn_0136201,2026-04-01 03:33:10+00:00,743.64,6.787588557409001e-05,-49.97136859394713,-49.97136859394713,2026-04-01 00:00:00+00:00,240,False,True
txn_0211645,2026-04-01 05:53:17+00:00,3428.7,1.622728838026195e-05,-49.971369383746286,-49.971369383746286,2026-04-01 00:00:00+00:00,241,False,True
txn_0034605,2026-04-01 02:28:02+00:00,265.68,0.0001558852239140739,-49.97149794565955,-49.97149794565955,2026-04-01 00:00:00+00:00,242,False,True
txn_0066563,2026-04-01 01:32:40+00:00,566.81,8.528206576187931e-05,-49.971566532864664,-49.971566532864664,2026-04-01 00:00:00+00:00,243,False,True
txn_0026714,2026-04-01 04:08:27+00:00,994.48,5.1882721497372564e-05,-49.97160769948778,-49.97160769948778,2026-04-01 00:00:00+00:00,244,False,True
txn_0025328,2026-04-01 02:08:07+00:00,1097.43,4.733376215815306e-05,-49.971660566589485,-49.971660566589485,2026-04-01 00:00:00+00:00,245,False,True
txn_0007298,2026-04-01 03:11:09+00:00,1151.16,4.497372931226145e-05,-49.97186533441683,-49.97186533441683,2026-04-01 00:00:00+00:00,246,False,True
txn_0129037,2026-04-01 03:44:09+00:00,373.88,0.00011791288573878542,-49.972061720853056,-49.972061720853056,2026-04-01 00:00:00+00:00,247,False,True
txn_0082372,2026-04-01 01:28:05+00:00,2646.68,2.0322940833144786e-05,-49.972089692436214,-49.972089692436214,2026-04-01 00:00:00+00:00,248,False,True
txn_0183324,2026-04-01 06:14:18+00:00,1469.02,3.551617189094367e-05,-49.97213720798984,-49.97213720798984,2026-04-01 00:00:00+00:00,249,False,True
txn_0046000,2026-04-01 03:35:26+00:00,1462.1,3.5631326676787284e-05,-49.97217015229909,-49.97217015229909,2026-04-01 00:00:00+00:00,250,False,True
txn_0037011,2026-04-01 04:14:58+00:00,2613.91,2.0501969748642386e-05,-49.97217974963973,-49.97217974963973,2026-04-01 00:00:00+00:00,251,False,True
txn_0148452,2026-04-01 02:07:50+00:00,2116.62,2.4723030052226096e-05,-49.97259921856282,-49.97259921856282,2026-04-01 00:00:00+00:00,252,False,True
txn_0074445,2026-04-01 02:33:49+00:00,1145.87,4.370034354055018e-05,-49.97277752649657,-49.97277752649657,2026-04-01 00:00:00+00:00,253,False,True
txn_0042244,2026-04-01 01:43:38+00:00,504.68,8.99073920277974e-05,-49.97281739909432,-49.97281739909432,2026-04-01 00:00:00+00:00,254,False,True
txn_0176469,2026-04-01 05:22:37+00:00,861.76,5.627823608536626e-05,-49.97293692183127,-49.97293692183127,2026-04-01 00:00:00+00:00,255,False,True
txn_0108319,2026-04-01 06:03:33+00:00,1491.07,3.3919428624461816e-05,-49.97301590734924,-49.97301590734924,2026-04-01 00:00:00+00:00,256,False,True
txn_0057157,2026-04-01 05:56:44+00:00,1262.82,3.937812496019703e-05,-49.97316735187087,-49.97316735187087,2026-04-01 00:00:00+00:00,257,False,True
txn_0111096,2026-04-01 02:51:44+00:00,1980.11,2.5662262214388568e-05,-49.97330983587262,-49.97330983587262,2026-04-01 00:00:00+00:00,258,False,True
txn_0123612,2026-04-01 01:02:02+00:00,691.39,6.744367194138217e-05,-49.973312876231155,-49.973312876231155,2026-04-01 00:00:00+00:00,259,False,True
txn_0082917,2026-04-01 01:23:18+00:00,233.14,0.00015930551468012905,-49.97346448041973,-49.97346448041973,2026-04-01 00:00:00+00:00,260,False,True
txn_0151118,2026-04-01 04:14:02+00:00,1443.72,3.436790722153527e-05,-49.97347278713198,-49.97347278713198,2026-04-01 00:00:00+00:00,261,False,True
txn_0107387,2026-04-01 04:02:51+00:00,831.35,5.658529924264305e-05,-49.973649640775186,-49.973649640775186,2026-04-01 00:00:00+00:00,262,False,True
txn_0166560,2026-04-01 05:03:43+00:00,1530.91,3.231344021280462e-05,-49.97364984361126,-49.97364984361126,2026-04-01 00:00:00+00:00,263,False,True
txn_0184294,2026-04-01 03:00:22+00:00,1113.71,4.340829945707734e-05,-49.973657456432974,-49.973657456432974,2026-04-01 00:00:00+00:00,264,False,True
txn_0174456,2026-04-01 02:38:57+00:00,1367.78,3.5631326676787284e-05,-49.97385052566517,-49.97385052566517,2026-04-01 00:00:00+00:00,265,False,True
txn_0164940,2026-04-01 03:20:36+00:00,2883.05,1.7525616624889566e-05,-49.97386010466356,-49.97386010466356,2026-04-01 00:00:00+00:00,266,False,True
txn_0132308,2026-04-01 04:43:23+00:00,939.89,5.000243350125835e-05,-49.97400148471319,-49.97400148471319,2026-04-01 00:00:00+00:00,267,False,True
txn_0095435,2026-04-01 03:02:33+00:00,10.0,0.0004717086977996492,-49.974056021621024,-49.974056021621024,2026-04-01 00:00:00+00:00,268,False,True
txn_0026671,2026-04-01 01:24:02+00:00,1623.28,2.990361806484775e-05,-49.97423384653061,-49.97423384653061,2026-04-01 00:00:00+00:00,269,False,True
txn_0112548,2026-04-01 01:43:38+00:00,1047.67,4.476512081890149e-05,-49.97431220689489,-49.97431220689489,2026-04-01 00:00:00+00:00,270,False,True
txn_0162343,2026-04-01 02:53:56+00:00,888.33,5.196406447529567e-05,-49.97432117807857,-49.97432117807857,2026-04-01 00:00:00+00:00,271,False,True
txn_0203410,2026-04-01 04:42:54+00:00,1737.01,2.782869083331946e-05,-49.97443920832614,-49.97443920832614,2026-04-01 00:00:00+00:00,272,False,True
txn_0128065,2026-04-01 03:42:58+00:00,603.12,7.255891557596642e-05,-49.97449118764011,-49.97449118764011,2026-04-01 00:00:00+00:00,273,False,True
txn_0021672,2026-04-01 01:24:40+00:00,787.26,5.735998058396344e-05,-49.97455339181354,-49.97455339181354,2026-04-01 00:00:00+00:00,274,False,True
txn_0139368,2026-04-01 00:02:55+00:00,401.29,0.0001014225904375963,-49.97457893481977,-49.97457893481977,2026-04-01 00:00:00+00:00,275,False,True
txn_0122554,2026-04-01 05:44:28+00:00,831.45,5.413297089443491e-05,-49.97478892213019,-49.97478892213019,2026-04-01 00:00:00+00:00,276,False,True
txn_0172055,2026-04-01 02:01:42+00:00,2005.3,2.3934820362587582e-05,-49.974805011345325,-49.974805011345325,2026-04-01 00:00:00+00:00,277,False,True
txn_0034941,2026-04-01 03:24:40+00:00,554.11,7.68585770458239e-05,-49.97486301808428,-49.97486301808428,2026-04-01 00:00:00+00:00,278,False,True
txn_0038147,2026-04-01 03:53:53+00:00,837.65,5.336257817723695e-05,-49.97498228928606,-49.97498228928606,2026-04-01 00:00:00+00:00,279,False,True
txn_0024814,2026-04-01 05:29:00+00:00,1088.23,4.17622381836289e-05,-49.97518842786153,-49.97518842786153,2026-04-01 00:00:00+00:00,280,False,True
txn_0103326,2026-04-01 04:10:02+00:00,1323.39,3.48209414625604e-05,-49.9752181100658,-49.9752181100658,2026-04-01 00:00:00+00:00,281,False,True
txn_0158472,2026-04-01 01:35:46+00:00,743.61,5.872166801340363e-05,-49.975230906823604,-49.975230906823604,2026-04-01 00:00:00+00:00,282,False,True
txn_0196923,2026-04-01 05:03:38+00:00,2275.51,2.076323837935e-05,-49.97533835979874,-49.97533835979874,2026-04-01 00:00:00+00:00,283,False,True
txn_0086296,2026-04-01 03:33:03+00:00,956.88,4.6642924822859616e-05,-49.97535201280662,-49.97535201280662,2026-04-01 00:00:00+00:00,284,False,True
txn_0085178,2026-04-01 00:16:51+00:00,1575.82,2.927725558422012e-05,-49.97546829477343,-49.97546829477343,2026-04-01 00:00:00+00:00,285,False,True
txn_0166645,2026-04-01 04:59:50+00:00,1066.85,4.194426606884727e-05,-49.975528666568785,-49.975528666568785,2026-04-01 00:00:00+00:00,286,False,True
txn_0071731,2026-04-01 03:46:46+00:00,608.61,6.866135047437975e-05,-49.97567294022018,-49.97567294022018,2026-04-01 00:00:00+00:00,287,False,True
txn_0201826,2026-04-01 03:19:20+00:00,2101.2,2.209454557985929e-05,-49.975682743134804,-49.975682743134804,2026-04-01 00:00:00+00:00,288,False,True
txn_0186475,2026-04-01 06:18:00+00:00,277.24,0.00012820453384436347,-49.97581806082628,-49.97581806082628,2026-04-01 00:00:00+00:00,289,False,True
txn_0146171,2026-04-01 01:48:44+00:00,2443.3,1.9009559606597115e-05,-49.97582649352628,-49.97582649352628,2026-04-01 00:00:00+00:00,290,False,True
txn_0014453,2026-04-01 02:31:18+00:00,1498.57,3.0121949506406506e-05,-49.97592397758877,-49.97592397758877,2026-04-01 00:00:00+00:00,291,False,True
txn_0137550,2026-04-01 03:44:49+00:00,2044.36,2.2383767983014103e-05,-49.97600057164397,-49.97600057164397,2026-04-01 00:00:00+00:00,292,False,True
txn_0210053,2026-04-01 04:28:08+00:00,1029.51,4.2335009141988816e-05,-49.97609109191202,-49.97609109191202,2026-04-01 00:00:00+00:00,293,False,True
txn_0162673,2026-04-01 03:14:21+00:00,1017.34,4.2724134850329904e-05,-49.97613130758317,-49.97613130758317,2026-04-01 00:00:00+00:00,294,False,True
txn_0136152,2026-04-01 00:35:53+00:00,729.49,5.754058960463005e-05,-49.976135328164425,-49.976135328164425,2026-04-01 00:00:00+00:00,295,False,True
txn_0059158,2026-04-01 04:54:20+00:00,1728.27,2.5988935023010704e-05,-49.976242604882735,-49.976242604882735,2026-04-01 00:00:00+00:00,296,False,True
txn_0006264,2026-04-01 00:53:22+00:00,1231.34,3.549032899335561e-05,-49.976375152699,-49.976375152699,2026-04-01 00:00:00+00:00,297,False,True
txn_0204969,2026-04-01 05:05:59+00:00,497.14,7.860761155073853e-05,-49.976530125419295,-49.976530125419295,2026-04-01 00:00:00+00:00,298,False,True
txn_0049670,2026-04-01 06:31:17+00:00,230.24,0.0001421163417710799,-49.97653374964676,-49.97653374964676,2026-04-01 00:00:00+00:00,299,False,True
txn_0166559,2026-04-01 01:52:26+00:00,1410.33,3.103795977047072e-05,-49.97656121910994,-49.97656121910994,2026-04-01 00:00:00+00:00,300,False,True
txn_0068574,2026-04-01 02:57:30+00:00,2830.56,1.584728421891163e-05,-49.976779291379714,-49.976779291379714,2026-04-01 00:00:00+00:00,301,False,True
txn_0001412,2026-04-01 03:46:14+00:00,724.85,5.595040855741892e-05,-49.97692465275071,-49.97692465275071,2026-04-01 00:00:00+00:00,302,False,True
txn_0070127,2026-04-01 00:13:34+00:00,1078.41,3.8668377408241896e-05,-49.97721639868917,-49.97721639868917,2026-04-01 00:00:00+00:00,303,False,True
txn_0071701,2026-04-01 02:09:25+00:00,900.77,4.5006832114899794e-05,-49.977479256312186,-49.977479256312186,2026-04-01 00:00:00+00:00,304,False,True
txn_0048303,2026-04-01 00:46:04+00:00,402.71,8.8992316161077e-05,-49.97763133637133,-49.97763133637133,2026-04-01 00:00:00+00:00,305,False,True
txn_0011418,2026-04-01 05:17:10+00:00,996.1,4.064732607158748e-05,-49.97772323294647,-49.97772323294647,2026-04-01 00:00:00+00:00,306,False,True
txn_0207078,2026-04-01 00:56:32+00:00,994.7,4.039457640800933e-05,-49.97789002860308,-49.97789002860308,2026-04-01 00:00:00+00:00,307,False,True
txn_0063250,2026-04-01 00:06:03+00:00,929.19,4.2877402393576565e-05,-49.977935503115276,-49.977935503115276,2026-04-01 00:00:00+00:00,308,False,True
txn_0096917,2026-04-01 05:10:26+00:00,1833.69,2.2741139361473236e-05,-49.97801284311405,-49.97801284311405,2026-04-01 00:00:00+00:00,309,False,True
txn_0055021,2026-04-01 00:01:47+00:00,1566.42,2.6295275535984015e-05,-49.97809051347066,-49.97809051347066,2026-04-01 00:00:00+00:00,310,False,True
txn_0110331,2026-04-01 04:11:49+00:00,822.66,4.7436436492267845e-05,-49.97811614875302,-49.97811614875302,2026-04-01 00:00:00+00:00,311,False,True
txn_0164380,2026-04-01 01:16:32+00:00,928.99,4.241549875746787e-05,-49.97817743796678,-49.97817743796678,2026-04-01 00:00:00+00:00,312,False,True
txn_0126311,2026-04-01 05:41:57+00:00,2228.02,1.869378011358019e-05,-49.97824025300999,-49.97824025300999,2026-04-01 00:00:00+00:00,313,False,True
txn_0121425,2026-04-01 02:14:33+00:00,2107.94,1.9686468906893244e-05,-49.97826672892086,-49.97826672892086,2026-04-01 00:00:00+00:00,314,False,True
txn_0196517,2026-04-01 06:37:30+00:00,1444.39,2.798377763678782e-05,-49.97839106682776,-49.97839106682776,2026-04-01 00:00:00+00:00,315,False,True
txn_0141981,2026-04-01 00:09:02+00:00,1018.96,3.8476755783900974e-05,-49.97847302467402,-49.97847302467402,2026-04-01 00:00:00+00:00,316,False,True
txn_0147147,2026-04-01 03:14:27+00:00,910.47,4.241549875746787e-05,-49.97857020548527,-49.97857020548527,2026-04-01 00:00:00+00:00,317,False,True
txn_0116874,2026-04-01 02:19:18+00:00,1659.64,2.4246037498727174e-05,-49.97866785128787,-49.97866785128787,2026-04-01 00:00:00+00:00,318,False,True
txn_0149516,2026-04-01 03:57:07+00:00,2557.62,1.6049181709707036e-05,-49.978673686852325,-49.978673686852325,2026-04-01 00:00:00+00:00,319,False,True
txn_0028391,2026-04-01 00:31:54+00:00,1120.84,3.493340664770649e-05,-49.978675949914106,-49.978675949914106,2026-04-01 00:00:00+00:00,320,False,True
txn_0132728,2026-04-01 05:45:38+00:00,1955.29,2.0650784629719664e-05,-49.97877832442919,-49.97877832442919,2026-04-01 00:00:00+00:00,321,False,True
txn_0149242,2026-04-01 02:21:21+00:00,863.17,4.402420752979588e-05,-49.97879860201676,-49.97879860201676,2026-04-01 00:00:00+00:00,322,False,True
txn_0152876,2026-04-01 00:21:43+00:00,1001.3,3.8476755783900974e-05,-49.97881277442759,-49.97881277442759,2026-04-01 00:00:00+00:00,323,False,True
txn_0124889,2026-04-01 01:11:30+00:00,927.68,4.105799146251364e-05,-49.9789027616669,-49.9789027616669,2026-04-01 00:00:00+00:00,324,False,True
txn_0196542,2026-04-01 00:22:25+00:00,392.72,8.545813686110502e-05,-49.9789465334029,-49.9789465334029,2026-04-01 00:00:00+00:00,325,False,True
txn_0076690,2026-04-01 01:10:27+00:00,693.46,5.2613752279969566e-05,-49.97912654605797,-49.97912654605797,2026-04-01 00:00:00+00:00,326,False,True
txn_0183761,2026-04-01 03:52:26+00:00,532.06,6.595756966105874e-05,-49.97915542926002,-49.97915542926002,2026-04-01 00:00:00+00:00,327,False,True
txn_0075115,2026-04-01 04:24:47+00:00,245.07,0.00012077660561805,-49.979161808349694,-49.979161808349694,2026-04-01 00:00:00+00:00,328,False,True
txn_0087940,2026-04-01 03:25:21+00:00,880.91,4.241549875746787e-05,-49.97919710655691,-49.97919710655691,2026-04-01 00:00:00+00:00,329,False,True
txn_0183652,2026-04-01 05:38:52+00:00,947.64,3.969657362882576e-05,-49.97920614080175,-49.97920614080175,2026-04-01 00:00:00+00:00,330,False,True
txn_0013144,2026-04-01 01:34:48+00:00,1000.74,3.774932031580963e-05,-49.979223906577786,-49.979223906577786,2026-04-01 00:00:00+00:00,331,False,True
txn_0133869,2026-04-01 00:09:08+00:00,866.63,4.2877402393576565e-05,-49.97927670826215,-49.97927670826215,2026-04-01 00:00:00+00:00,332,False,True
txn_0143352,2026-04-01 03:55:00+00:00,990.53,3.797508433806455e-05,-49.9792935156384,-49.9792935156384,2026-04-01 00:00:00+00:00,333,False,True
txn_0112826,2026-04-01 00:01:07+00:00,962.3,3.889211773216797e-05,-49.97934245166656,-49.97934245166656,2026-04-01 00:00:00+00:00,334,False,True
txn_0069482,2026-04-01 00:32:02+00:00,971.43,3.8476755783900974e-05,-49.979387424775226,-49.979387424775226,2026-04-01 00:00:00+00:00,335,False,True
txn_0182520,2026-04-01 04:34:31+00:00,2259.86,1.7379096479594297e-05,-49.97949388269083,-49.97949388269083,2026-04-01 00:00:00+00:00,336,False,True
txn_0106691,2026-04-01 03:42:43+00:00,1531.25,2.5109569521507008e-05,-49.97952000735902,-49.97952000735902,2026-04-01 00:00:00+00:00,337,False,True
txn_0047624,2026-04-01 00:11:30+00:00,2496.49,1.576915218590108e-05,-49.979527777020415,-49.979527777020415,2026-04-01 00:00:00+00:00,338,False,True
txn_0154854,2026-04-01 01:44:47+00:00,850.33,4.263883908608826e-05,-49.97973951602566,-49.97973951602566,2026-04-01 00:00:00+00:00,339,False,True
txn_0051610,2026-04-01 01:54:57+00:00,1015.7,3.6302801574846726e-05,-49.979748482141474,-49.979748482141474,2026-04-01 00:00:00+00:00,340,False,True
txn_0073597,2026-04-01 02:09:17+00:00,851.92,4.241549875746787e-05,-49.9798119192114,-49.9798119192114,2026-04-01 00:00:00+00:00,341,False,True
txn_0042831,2026-04-01 01:02:21+00:00,840.76,4.241549875746787e-05,-49.98004859769446,-49.98004859769446,2026-04-01 00:00:00+00:00,342,False,True
txn_0034940,2026-04-01 05:30:25+00:00,683.58,5.07811342143331e-05,-49.980104459426165,-49.980104459426165,2026-04-01 00:00:00+00:00,343,False,True
txn_0073433,2026-04-01 05:50:27+00:00,437.44,7.35938609152612e-05,-49.98022385769485,-49.98022385769485,2026-04-01 00:00:00+00:00,344,False,True
txn_0032486,2026-04-01 04:30:41+00:00,289.05,0.00010147054446185868,-49.98026144233856,-49.98026144233856,2026-04-01 00:00:00+00:00,345,False,True
txn_0130735,2026-04-01 00:33:11+00:00,202.38,0.00013005018242005185,-49.98033771291991,-49.98033771291991,2026-04-01 00:00:00+00:00,346,False,True
txn_0189898,2026-04-01 06:34:40+00:00,694.73,4.926322282609749e-05,-49.980424519461714,-49.980424519461714,2026-04-01 00:00:00+00:00,347,False,True
txn_0105117,2026-04-01 06:08:26+00:00,572.64,5.8204205888185604e-05,-49.98042476147568,-49.98042476147568,2026-04-01 00:00:00+00:00,348,False,True
txn_0024213,2026-04-01 04:04:38+00:00,879.09,3.986959831941428e-05,-49.980482037490724,-49.980482037490724,2026-04-01 00:00:00+00:00,349,False,True
txn_0199017,2026-04-01 06:00:53+00:00,72.77,0.00022540085739576417,-49.980528746933864,-49.980528746933864,2026-04-01 00:00:00+00:00,350,False,True
txn_0032426,2026-04-01 02:43:07+00:00,1037.45,3.418236845082102e-05,-49.9805596325028,-49.9805596325028,2026-04-01 00:00:00+00:00,351,False,True
txn_0058420,2026-04-01 04:02:13+00:00,463.22,6.875554960698566e-05,-49.980637749675175,-49.980637749675175,2026-04-01 00:00:00+00:00,352,False,True
txn_0135424,2026-04-01 06:35:27+00:00,1021.45,3.4447647932628006e-05,-49.98068434261298,-49.98068434261298,2026-04-01 00:00:00+00:00,353,False,True
txn_0029396,2026-04-01 01:40:52+00:00,2584.38,1.4303833185835233e-05,-49.980801538136305,-49.980801538136305,2026-04-01 00:00:00+00:00,354,False,True
txn_0142247,2026-04-01 04:34:04+00:00,648.52,5.092059689866063e-05,-49.9809424574047,-49.9809424574047,2026-04-01 00:00:00+00:00,355,False,True
txn_0093259,2026-04-01 02:43:35+00:00,817.4,4.1432546601100224e-05,-49.98099489087408,-49.98099489087408,2026-04-01 00:00:00+00:00,356,False,True
txn_0169775,2026-04-01 04:21:25+00:00,849.69,3.986959831941428e-05,-49.98106812058602,-49.98106812058602,2026-04-01 00:00:00+00:00,357,False,True
txn_0140819,2026-04-01 00:23:05+00:00,2088.92,1.727593667926722e-05,-49.98109217834201,-49.98109217834201,2026-04-01 00:00:00+00:00,358,False,True
txn_0165750,2026-04-01 02:43:44+00:00,198.17,0.00012676811629586557,-49.98110077538203,-49.98110077538203,2026-04-01 00:00:00+00:00,359,False,True
txn_0148524,2026-04-01 01:39:39+00:00,2535.87,1.4303833185835233e-05,-49.981148477610226,-49.981148477610226,2026-04-01 00:00:00+00:00,360,False,True
txn_0000871,2026-04-01 04:46:31+00:00,236.15,0.00011204103310453568,-49.98116870336095,-49.98116870336095,2026-04-01 00:00:00+00:00,361,False,True
txn_0194297,2026-04-01 02:31:22+00:00,941.79,3.612789715365797e-05,-49.981181159012145,-49.981181159012145,2026-04-01 00:00:00+00:00,362,False,True
txn_0007625,2026-04-01 06:00:43+00:00,934.31,3.627868681395919e-05,-49.98123829572072,-49.98123829572072,2026-04-01 00:00:00+00:00,363,False,True
txn_0056343,2026-04-01 06:10:50+00:00,572.81,5.576280064714535e-05,-49.9812411150483,-49.9812411150483,2026-04-01 00:00:00+00:00,364,False,True
txn_0096062,2026-04-01 00:06:59+00:00,666.24,4.895591930272793e-05,-49.98124400819674,-49.98124400819674,2026-04-01 00:00:00+00:00,365,False,True
txn_0069133,2026-04-01 06:10:39+00:00,725.35,4.5310900343004664e-05,-49.98130132420095,-49.98130132420095,2026-04-01 00:00:00+00:00,366,False,True
txn_0049346,2026-04-01 06:47:39+00:00,1848.4,1.916591009129627e-05,-49.98132857038906,-49.98132857038906,2026-04-01 00:00:00+00:00,367,False,True
txn_0157781,2026-04-01 05:54:57+00:00,126.12,0.00016510453812926777,-49.9813332809191,-49.9813332809191,2026-04-01 00:00:00+00:00,368,False,True
txn_0123528,2026-04-01 01:01:36+00:00,931.49,3.612789715365797e-05,-49.98136721768249,-49.98136721768249,2026-04-01 00:00:00+00:00,369,False,True
txn_0154856,2026-04-01 03:25:15+00:00,991.26,3.3774322363044616e-05,-49.98157171648905,-49.98157171648905,2026-04-01 00:00:00+00:00,370,False,True
txn_0194232,2026-04-01 01:26:26+00:00,1029.85,3.241995165711503e-05,-49.98168515881011,-49.98168515881011,2026-04-01 00:00:00+00:00,371,False,True
txn_0007978,2026-04-01 01:34:38+00:00,1022.39,3.241995165711503e-05,-49.981806085229785,-49.981806085229785,2026-04-01 00:00:00+00:00,372,False,True
txn_0091245,2026-04-01 01:55:28+00:00,2053.13,1.679498382244796e-05,-49.981919108241186,-49.981919108241186,2026-04-01 00:00:00+00:00,373,False,True
txn_0097616,2026-04-01 02:07:33+00:00,962.24,3.403588954026936e-05,-49.981922858347374,-49.981922858347374,2026-04-01 00:00:00+00:00,374,False,True
txn_0040081,2026-04-01 00:39:53+00:00,1058.45,3.118694830594988e-05,-49.98193573986749,-49.98193573986749,2026-04-01 00:00:00+00:00,375,False,True
txn_0212242,2026-04-01 05:50:00+00:00,809.64,3.969657362882576e-05,-49.98194520438214,-49.98194520438214,2026-04-01 00:00:00+00:00,376,False,True
txn_0107195,2026-04-01 05:36:18+00:00,432.5,6.734702421461845e-05,-49.982068854802854,-49.982068854802854,2026-04-01 00:00:00+00:00,377,False,True
txn_0145258,2026-04-01 01:33:34+00:00,709.09,4.43205196323789e-05,-49.98207035538532,-49.98207035538532,2026-04-01 00:00:00+00:00,378,False,True
txn_0069575,2026-04-01 03:27:45+00:00,3832.54,9.117942393721144e-06,-49.9820716634095,-49.9820716634095,2026-04-01 00:00:00+00:00,379,False,True
txn_0134382,2026-04-01 00:22:36+00:00,1137.07,2.898106014607376e-05,-49.982074199962554,-49.982074199962554,2026-04-01 00:00:00+00:00,380,False,True
txn_0170136,2026-04-01 05:37:36+00:00,564.71,5.377130384040384e-05,-49.98212883831212,-49.98212883831212,2026-04-01 00:00:00+00:00,381,False,True
txn_0035271,2026-04-01 02:01:23+00:00,1295.76,2.551742669250787e-05,-49.98219189825983,-49.98219189825983,2026-04-01 00:00:00+00:00,382,False,True
txn_0051116,2026-04-01 05:04:45+00:00,791.39,3.969657362882576e-05,-49.982307435616505,-49.982307435616505,2026-04-01 00:00:00+00:00,383,False,True
txn_0121134,2026-04-01 03:54:19+00:00,1049.57,3.074151617531486e-05,-49.98233023762517,-49.98233023762517,2026-04-01 00:00:00+00:00,384,False,True
txn_0024913,2026-04-01 05:57:32+00:00,1658.28,1.999956183172968e-05,-49.98241758521125,-49.98241758521125,2026-04-01 00:00:00+00:00,385,False,True
txn_0130512,2026-04-01 03:55:41+00:00,2191.35,1.5346259135909286e-05,-49.982418174564465,-49.982418174564465,2026-04-01 00:00:00+00:00,386,False,True
txn_0157784,2026-04-01 05:32:07+00:00,177.18,0.00012660073401347764,-49.98245440427307,-49.98245440427307,2026-04-01 00:00:00+00:00,387,False,True
txn_0067148,2026-04-01 02:20:15+00:00,1070.98,2.964228068158018e-05,-49.982644741083746,-49.982644741083746,2026-04-01 00:00:00+00:00,388,False,True
txn_0144008,2026-04-01 03:00:07+00:00,1051.41,3.0119365672888228e-05,-49.98266013058529,-49.98266013058529,2026-04-01 00:00:00+00:00,389,False,True
txn_0127827,2026-04-01 00:23:04+00:00,1106.0,2.8457980009518397e-05,-49.98283983805426,-49.98283983805426,2026-04-01 00:00:00+00:00,390,False,True
txn_0097794,2026-04-01 03:22:56+00:00,1153.75,2.7311872982412534e-05,-49.98287886962415,-49.98287886962415,2026-04-01 00:00:00+00:00,391,False,True
txn_0121460,2026-04-01 06:32:28+00:00,1021.46,3.052645832615709e-05,-49.982882899022776,-49.982882899022776,2026-04-01 00:00:00+00:00,392,False,True
txn_0140823,2026-04-01 04:18:57+00:00,1850.6,1.754924616100697e-05,-49.98288422021917,-49.98288422021917,2026-04-01 00:00:00+00:00,393,False,True
txn_0080381,2026-04-01 00:51:21+00:00,811.88,3.750944550007069e-05,-49.9828979434187,-49.9828979434187,2026-04-01 00:00:00+00:00,394,False,True
txn_0043634,2026-04-01 03:24:25+00:00,312.42,8.288635744813197e-05,-49.982908004230616,-49.982908004230616,2026-04-01 00:00:00+00:00,395,False,True
txn_0072570,2026-04-01 00:04:12+00:00,676.01,4.3931442233542175e-05,-49.982954380756176,-49.982954380756176,2026-04-01 00:00:00+00:00,396,False,True
txn_0159315,2026-04-01 01:19:45+00:00,2888.26,1.1389530328667227e-05,-49.98298256105003,-49.98298256105003,2026-04-01 00:00:00+00:00,397,False,True
txn_0173915,2026-04-01 00:05:17+00:00,1058.47,2.9313860782368173e-05,-49.98302038584972,-49.98302038584972,2026-04-01 00:00:00+00:00,398,False,True
txn_0083167,2026-04-01 02:22:28+00:00,1899.89,1.6951436040186062e-05,-49.98304949628879,-49.98304949628879,2026-04-01 00:00:00+00:00,399,False,True
txn_0157626,2026-04-01 00:08:17+00:00,712.68,4.1453155892129986e-05,-49.983155924634794,-49.983155924634794,2026-04-01 00:00:00+00:00,400,False,True
txn_0205573,2026-04-01 04:37:31+00:00,2659.84,1.2198817820142567e-05,-49.983166607313635,-49.983166607313635,2026-04-01 00:00:00+00:00,401,False,True
txn_0144007,2026-04-01 06:47:29+00:00,1166.53,2.6568382024846612e-05,-49.983175173557036,-49.983175173557036,2026-04-01 00:00:00+00:00,402,False,True
txn_0005516,2026-04-01 05:55:34+00:00,884.3,3.4184695404463936e-05,-49.98317600215669,-49.98317600215669,2026-04-01 00:00:00+00:00,403,False,True
txn_0132344,2026-04-01 03:06:47+00:00,1010.21,3.0262310970829276e-05,-49.98320123986854,-49.98320123986854,2026-04-01 00:00:00+00:00,404,False,True
txn_0176470,2026-04-01 00:26:36+00:00,1042.2,2.9381040900791758e-05,-49.98322048754156,-49.98322048754156,2026-04-01 00:00:00+00:00,405,False,True
txn_0067570,2026-04-01 02:28:59+00:00,884.44,3.403588954026936e-05,-49.983246854450485,-49.983246854450485,2026-04-01 00:00:00+00:00,406,False,True
txn_0146407,2026-04-01 03:05:29+00:00,1064.36,2.8728182566726812e-05,-49.983275026673304,-49.983275026673304,2026-04-01 00:00:00+00:00,407,False,True
txn_0025151,2026-04-01 00:50:16+00:00,1587.24,1.9785146263954996e-05,-49.9833088549088,-49.9833088549088,2026-04-01 00:00:00+00:00,408,False,True
txn_0050132,2026-04-01 04:27:37+00:00,743.28,3.955366691159889e-05,-49.98332259188339,-49.98332259188339,2026-04-01 00:00:00+00:00,409,False,True
txn_0179600,2026-04-01 02:00:12+00:00,250.76,9.504637379401557e-05,-49.98333076696401,-49.98333076696401,2026-04-01 00:00:00+00:00,410,False,True
txn_0098254,2026-04-01 03:29:54+00:00,1057.93,2.8728182566726812e-05,-49.983367387780255,-49.983367387780255,2026-04-01 00:00:00+00:00,411,False,True
txn_0001409,2026-04-01 02:25:00+00:00,924.77,3.241995165711503e-05,-49.983388503070174,-49.983388503070174,2026-04-01 00:00:00+00:00,412,False,True
txn_0196734,2026-04-01 00:57:48+00:00,776.04,3.790668682541863e-05,-49.98339611303673,-49.98339611303673,2026-04-01 00:00:00+00:00,413,False,True
txn_0096061,2026-04-01 05:02:37+00:00,547.79,5.124760604510275e-05,-49.98340115664002,-49.98340115664002,2026-04-01 00:00:00+00:00,414,False,True
txn_0103328,2026-04-01 00:48:58+00:00,1602.91,1.9343021271836466e-05,-49.98353028782299,-49.98353028782299,2026-04-01 00:00:00+00:00,415,False,True
txn_0077501,2026-04-01 04:53:23+00:00,957.98,3.109207044984645e-05,-49.98355260565273,-49.98355260565273,2026-04-01 00:00:00+00:00,416,False,True
txn_0066254,2026-04-01 00:18:34+00:00,613.91,4.595231835357112e-05,-49.9835970902021,-49.9835970902021,2026-04-01 00:00:00+00:00,417,False,True
txn_0058176,2026-04-01 01:37:45+00:00,741.84,3.8922606503015526e-05,-49.98361669647075,-49.98361669647075,2026-04-01 00:00:00+00:00,418,False,True
txn_0097617,2026-04-01 05:30:24+00:00,802.17,3.6246708437747334e-05,-49.98364965352436,-49.98364965352436,2026-04-01 00:00:00+00:00,419,False,True
txn_0165922,2026-04-01 01:55:19+00:00,141.82,0.000135073435653983,-49.98366827089508,-49.98366827089508,2026-04-01 00:00:00+00:00,420,False,True
txn_0177374,2026-04-01 03:29:02+00:00,1599.98,1.920337949353301e-05,-49.98367731946429,-49.98367731946429,2026-04-01 00:00:00+00:00,421,False,True
txn_0023471,2026-04-01 02:26:21+00:00,895.42,3.276329479733503e-05,-49.98369338054642,-49.98369338054642,2026-04-01 00:00:00+00:00,422,False,True
txn_0132444,2026-04-01 04:56:14+00:00,2080.75,1.4949220763381705e-05,-49.98369974341013,-49.98369974341013,2026-04-01 00:00:00+00:00,423,False,True
txn_0149000,2026-04-01 03:39:17+00:00,557.77,4.9472138821327883e-05,-49.983729355623744,-49.983729355623744,2026-04-01 00:00:00+00:00,424,False,True
txn_0023080,2026-04-01 03:36:05+00:00,880.88,3.276329479733503e-05,-49.98393156969959,-49.98393156969959,2026-04-01 00:00:00+00:00,425,False,True
txn_0059282,2026-04-01 04:29:45+00:00,1189.39,2.4908909651079924e-05,-49.9839413504925,-49.9839413504925,2026-04-01 00:00:00+00:00,426,False,True
txn_0011843,2026-04-01 02:08:27+00:00,878.46,3.276329479733503e-05,-49.9839712132863,-49.9839712132863,2026-04-01 00:00:00+00:00,427,False,True
txn_0130511,2026-04-01 03:42:32+00:00,2310.59,1.3193941673110803e-05,-49.98409740807111,-49.98409740807111,2026-04-01 00:00:00+00:00,428,False,True
txn_0127205,2026-04-01 00:52:27+00:00,594.39,4.579794557807253e-05,-49.98409918228503,-49.98409918228503,2026-04-01 00:00:00+00:00,429,False,True
txn_0130022,2026-04-01 02:25:08+00:00,1892.35,1.592925391705918e-05,-49.984131675479176,-49.984131675479176,2026-04-01 00:00:00+00:00,430,False,True
txn_0008300,2026-04-01 03:45:31+00:00,2153.32,1.404686099278687e-05,-49.98417396359387,-49.98417396359387,2026-04-01 00:00:00+00:00,431,False,True
txn_0149003,2026-04-01 01:56:48+00:00,695.04,3.97256023568404e-05,-49.98420827855111,-49.98420827855111,2026-04-01 00:00:00+00:00,432,False,True
txn_0192425,2026-04-01 03:26:13+00:00,1997.73,1.5035293353262926e-05,-49.984230007037034,-49.984230007037034,2026-04-01 00:00:00+00:00,433,False,True
txn_0140199,2026-04-01 02:15:05+00:00,116.87,0.0001449699190135867,-49.98428018683177,-49.98428018683177,2026-04-01 00:00:00+00:00,434,False,True
txn_0033513,2026-04-01 02:38:47+00:00,1658.23,1.7835575228974033e-05,-49.98432047828258,-49.98432047828258,2026-04-01 00:00:00+00:00,435,False,True
txn_0185431,2026-04-01 03:14:53+00:00,2306.76,1.3011059242787464e-05,-49.98434275152841,-49.98434275152841,2026-04-01 00:00:00+00:00,436,False,True
txn_0129414,2026-04-01 04:38:33+00:00,862.74,3.2323433095530497e-05,-49.9844404690108,-49.9844404690108,2026-04-01 00:00:00+00:00,437,False,True
txn_0183121,2026-04-01 00:56:24+00:00,1899.25,1.5530384901537514e-05,-49.984475438992796,-49.984475438992796,2026-04-01 00:00:00+00:00,438,False,True
txn_0042563,2026-04-01 03:05:25+00:00,2338.59,1.2700144974611026e-05,-49.984514776733185,-49.984514776733185,2026-04-01 00:00:00+00:00,439,False,True
txn_0209217,2026-04-01 02:34:52+00:00,691.16,3.8969070686378455e-05,-49.98458461501788,-49.98458461501788,2026-04-01 00:00:00+00:00,440,False,True
txn_0082916,2026-04-01 05:43:11+00:00,424.64,5.872926129731591e-05,-49.98459414017648,-49.98459414017648,2026-04-01 00:00:00+00:00,441,False,True
txn_0193542,2026-04-01 03:57:35+00:00,640.16,4.1410402930372625e-05,-49.98467483808353,-49.98467483808353,2026-04-01 00:00:00+00:00,442,False,True
txn_0138361,2026-04-01 00:15:15+00:00,1148.32,2.451803179326434e-05,-49.98469682527592,-49.98469682527592,2026-04-01 00:00:00+00:00,443,False,True
txn_0156616,2026-04-01 05:07:09+00:00,1156.11,2.428342544498541e-05,-49.98474867323215,-49.98474867323215,2026-04-01 00:00:00+00:00,444,False,True
txn_0032295,2026-04-01 02:38:53+00:00,983.5,2.807319038064811e-05,-49.98479134911128,-49.98479134911128,2026-04-01 00:00:00+00:00,445,False,True
txn_0018285,2026-04-01 02:48:20+00:00,2082.79,1.3891050833601361e-05,-49.98483937657546,-49.98483937657546,2026-04-01 00:00:00+00:00,446,False,True
txn_0119907,2026-04-01 05:43:22+00:00,441.15,5.5855314764347e-05,-49.98488694820763,-49.98488694820763,2026-04-01 00:00:00+00:00,447,False,True
txn_0076560,2026-04-01 02:12:22+00:00,693.58,3.79026740364145e-05,-49.9849605979691,-49.9849605979691,2026-04-01 00:00:00+00:00,448,False,True
txn_0125192,2026-04-01 02:50:10+00:00,227.62,9.170442213268706e-05,-49.98497789861044,-49.98497789861044,2026-04-01 00:00:00+00:00,449,False,True
txn_0050133,2026-04-01 04:06:23+00:00,578.19,4.4206647810037455e-05,-49.98500974676085,-49.98500974676085,2026-04-01 00:00:00+00:00,450,False,True
txn_0165413,2026-04-01 00:16:53+00:00,132.46,0.0001288878334913568,-49.985019367113296,-49.985019367113296,2026-04-01 00:00:00+00:00,451,False,True
txn_0157140,2026-04-01 03:21:42+00:00,684.71,3.813154549543704e-05,-49.985038897467135,-49.985038897467135,2026-04-01 00:00:00+00:00,452,False,True
txn_0159014,2026-04-01 01:23:59+00:00,1618.59,1.739746501512364e-05,-49.98505044529983,-49.98505044529983,2026-04-01 00:00:00+00:00,453,False,True
txn_0013518,2026-04-01 03:31:48+00:00,800.75,3.313288271224433e-05,-49.98507777794847,-49.98507777794847,2026-04-01 00:00:00+00:00,454,False,True
txn_0165049,2026-04-01 04:33:50+00:00,321.27,7.040830985115783e-05,-49.9851695456545,-49.9851695456545,2026-04-01 00:00:00+00:00,455,False,True
txn_0148229,2026-04-01 03:37:56+00:00,877.42,3.0271628502994043e-05,-49.9852059524343,-49.9852059524343,2026-04-01 00:00:00+00:00,456,False,True
txn_0131895,2026-04-01 04:08:46+00:00,558.6,4.489717566314362e-05,-49.98521536005413,-49.98521536005413,2026-04-01 00:00:00+00:00,457,False,True
txn_0049457,2026-04-01 00:58:59+00:00,1425.36,1.9343021271836466e-05,-49.9852474645364,-49.9852474645364,2026-04-01 00:00:00+00:00,458,False,True
txn_0031763,2026-04-01 05:32:46+00:00,1050.89,2.5603969084955547e-05,-49.985266324009906,-49.985266324009906,2026-04-01 00:00:00+00:00,459,False,True
txn_0007975,2026-04-01 05:47:41+00:00,361.0,6.386477818763653e-05,-49.98527916862775,-49.98527916862775,2026-04-01 00:00:00+00:00,460,False,True
txn_0000084,2026-04-01 03:04:33+00:00,674.64,3.79026740364145e-05,-49.985319536292224,-49.985319536292224,2026-04-01 00:00:00+00:00,461,False,True
txn_0023758,2026-04-01 02:52:48+00:00,830.74,3.152122287406055e-05,-49.9853309685111,-49.9853309685111,2026-04-01 00:00:00+00:00,462,False,True
txn_0159312,2026-04-01 00:26:59+00:00,2686.73,1.0498452571064973e-05,-49.98537182363332,-49.98537182363332,2026-04-01 00:00:00+00:00,463,False,True
txn_0194575,2026-04-01 04:23:30+00:00,928.39,2.8442122960741686e-05,-49.9853752025842,-49.9853752025842,2026-04-01 00:00:00+00:00,464,False,True
txn_0164604,2026-04-01 03:33:23+00:00,1649.33,1.6653676457320685e-05,-49.98543361208146,-49.98543361208146,2026-04-01 00:00:00+00:00,465,False,True
txn_0162675,2026-04-01 03:35:10+00:00,882.15,2.960418971706732e-05,-49.98546212253469,-49.98546212253469,2026-04-01 00:00:00+00:00,466,False,True
txn_0206399,2026-04-01 05:07:24+00:00,94.2,0.0001493009533039637,-49.985502877434186,-49.985502877434186,2026-04-01 00:00:00+00:00,467,False,True
txn_0129038,2026-04-01 01:31:41+00:00,673.82,3.7333697613965425e-05,-49.98555521905618,-49.98555521905618,2026-04-01 00:00:00+00:00,468,False,True
txn_0137985,2026-04-01 06:08:42+00:00,183.18,0.00010104156649474063,-49.98569352460001,-49.98569352460001,2026-04-01 00:00:00+00:00,469,False,True
txn_0109340,2026-04-01 03:08:45+00:00,941.04,2.7367979008280044e-05,-49.98575441956661,-49.98575441956661,2026-04-01 00:00:00+00:00,470,False,True
txn_0204490,2026-04-01 04:24:36+00:00,187.98,9.86040955737062e-05,-49.98580199627834,-49.98580199627834,2026-04-01 00:00:00+00:00,471,False,True
txn_0038145,2026-04-01 00:46:05+00:00,630.39,3.879907725614976e-05,-49.98583077098144,-49.98583077098144,2026-04-01 00:00:00+00:00,472,False,True
txn_0112889,2026-04-01 05:35:16+00:00,187.95,9.817620198838575e-05,-49.98586508131873,-49.98586508131873,2026-04-01 00:00:00+00:00,473,False,True
txn_0000301,2026-04-01 04:59:49+00:00,1043.43,2.4603951339230718e-05,-49.985933551960095,-49.985933551960095,2026-04-01 00:00:00+00:00,474,False,True
txn_0179852,2026-04-01 02:18:37+00:00,364.8,6.027787440575764e-05,-49.9859914219881,-49.9859914219881,2026-04-01 00:00:00+00:00,475,False,True
txn_0069306,2026-04-01 05:58:23+00:00,678.01,3.5473020462300424e-05,-49.98620081767506,-49.98620081767506,2026-04-01 00:00:00+00:00,476,False,True
txn_0163475,2026-04-01 05:39:25+00:00,1152.69,2.1994745876349968e-05,-49.98622370089407,-49.98622370089407,2026-04-01 00:00:00+00:00,477,False,True
txn_0088698,2026-04-01 02:08:58+00:00,707.09,3.369423888537347e-05,-49.986402858369004,-49.986402858369004,2026-04-01 00:00:00+00:00,478,False,True
txn_0040076,2026-04-01 03:26:29+00:00,1052.31,2.3573863981792257e-05,-49.986417800397575,-49.986417800397575,2026-04-01 00:00:00+00:00,479,False,True
txn_0173857,2026-04-01 03:59:38+00:00,17.84,0.0002303146196772851,-49.98642986260861,-49.98642986260861,2026-04-01 00:00:00+00:00,480,False,True
txn_0007778,2026-04-01 00:44:45+00:00,564.79,4.0751722025545956e-05,-49.986454331357315,-49.986454331357315,2026-04-01 00:00:00+00:00,481,False,True
txn_0148767,2026-04-01 06:28:02+00:00,953.01,2.5704742072698842e-05,-49.98646632477501,-49.98646632477501,2026-04-01 00:00:00+00:00,482,False,True
txn_0004278,2026-04-01 01:41:01+00:00,705.4,3.3571408842540885e-05,-49.98648079365911,-49.98648079365911,2026-04-01 00:00:00+00:00,483,False,True
txn_0181462,2026-04-01 03:01:06+00:00,632.67,3.684844410642903e-05,-49.98650112522827,-49.98650112522827,2026-04-01 00:00:00+00:00,484,False,True
txn_0041416,2026-04-01 02:22:45+00:00,521.0,4.345857990680563e-05,-49.98650611093893,-49.98650611093893,2026-04-01 00:00:00+00:00,485,False,True
txn_0183439,2026-04-01 05:59:22+00:00,660.52,3.5473020462300424e-05,-49.986511029239004,-49.986511029239004,2026-04-01 00:00:00+00:00,486,False,True
txn_0069132,2026-04-01 03:06:44+00:00,884.08,2.7367979008280044e-05,-49.98653385960877,-49.98653385960877,2026-04-01 00:00:00+00:00,487,False,True
txn_0030809,2026-04-01 05:07:48+00:00,1248.11,1.997667814675357e-05,-49.98653462021179,-49.98653462021179,2026-04-01 00:00:00+00:00,488,False,True
txn_0012873,2026-04-01 02:31:39+00:00,754.27,3.152122287406055e-05,-49.98653618246769,-49.98653618246769,2026-04-01 00:00:00+00:00,489,False,True
txn_0171415,2026-04-01 02:20:58+00:00,654.09,3.556245371040921e-05,-49.98659135464076,-49.98659135464076,2026-04-01 00:00:00+00:00,490,False,True
txn_0208115,2026-04-01 02:21:14+00:00,605.03,3.7994718046085165e-05,-49.98660629196798,-49.98660629196798,2026-04-01 00:00:00+00:00,491,False,True
txn_0115243,2026-04-01 02:10:22+00:00,1136.33,2.1559195889153024e-05,-49.986672859673185,-49.986672859673185,2026-04-01 00:00:00+00:00,492,False,True
txn_0157786,2026-04-01 03:38:13+00:00,571.32,3.965230318985352e-05,-49.986690307911296,-49.986690307911296,2026-04-01 00:00:00+00:00,493,False,True
txn_0004902,2026-04-01 05:26:10+00:00,364.12,5.6836787611376545e-05,-49.98681045506691,-49.98681045506691,2026-04-01 00:00:00+00:00,494,False,True
txn_0161583,2026-04-01 02:34:54+00:00,1289.81,1.8966626820770935e-05,-49.98681999618911,-49.98681999618911,2026-04-01 00:00:00+00:00,495,False,True
txn_0151063,2026-04-01 04:43:09+00:00,2122.26,1.1846781625171448e-05,-49.98683668553282,-49.98683668553282,2026-04-01 00:00:00+00:00,496,False,True
txn_0043004,2026-04-01 05:57:06+00:00,1627.24,1.5089491684348005e-05,-49.98696841319156,-49.98696841319156,2026-04-01 00:00:00+00:00,497,False,True
txn_0204801,2026-04-01 00:47:36+00:00,1215.64,1.977818444774691e-05,-49.986989514706586,-49.986989514706586,2026-04-01 00:00:00+00:00,498,False,True
txn_0119390,2026-04-01 06:47:37+00:00,1152.6,2.0758372675123227e-05,-49.98699903119357,-49.98699903119357,2026-04-01 00:00:00+00:00,499,False,True
txn_0198760,2026-04-01 05:59:51+00:00,2026.83,1.2132327523011553e-05,-49.987098300927116,-49.987098300927116,2026-04-01 00:00:00+00:00,500,False,True
txn_0210926,2026-04-01 03:48:21+00:00,1870.84,1.3085627900116603e-05,-49.98710516055466,-49.98710516055466,2026-04-01 00:00:00+00:00,501,False,True
txn_0171366,2026-04-01 04:34:55+00:00,1051.55,2.23133416169858e-05,-49.98715253573048,-49.98715253573048,2026-04-01 00:00:00+00:00,502,False,True
txn_0019551,2026-04-01 04:55:00+00:00,908.29,2.5442009161133547e-05,-49.987173538291465,-49.987173538291465,2026-04-01 00:00:00+00:00,503,False,True
txn_0080000,2026-04-01 00:50:35+00:00,461.96,4.558579837777059e-05,-49.98719130237181,-49.98719130237181,2026-04-01 00:00:00+00:00,504,False,True
txn_0202269,2026-04-01 03:18:45+00:00,1558.83,1.538877511710398e-05,-49.98723631908625,-49.98723631908625,2026-04-01 00:00:00+00:00,505,False,True
txn_0112549,2026-04-01 01:47:45+00:00,1231.19,1.9125910926083405e-05,-49.987269889317155,-49.987269889317155,2026-04-01 00:00:00+00:00,506,False,True
txn_0152423,2026-04-01 02:15:34+00:00,589.55,3.676420004642732e-05,-49.987324622928995,-49.987324622928995,2026-04-01 00:00:00+00:00,507,False,True
txn_0033777,2026-04-01 04:19:27+00:00,670.99,3.276777108031647e-05,-49.987368188087395,-49.987368188087395,2026-04-01 00:00:00+00:00,508,False,True
txn_0030810,2026-04-01 01:59:39+00:00,1407.61,1.6670625809282763e-05,-49.987433598911835,-49.987433598911835,2026-04-01 00:00:00+00:00,509,False,True
txn_0004606,2026-04-01 01:15:25+00:00,1115.21,2.0658489590052765e-05,-49.98744779843263,-49.98744779843263,2026-04-01 00:00:00+00:00,510,False,True
txn_0207380,2026-04-01 05:50:55+00:00,1139.23,2.017506441087931e-05,-49.98749922746505,-49.98749922746505,2026-04-01 00:00:00+00:00,511,False,True
txn_0033773,2026-04-01 03:14:58+00:00,863.92,2.592218471876541e-05,-49.987506543852945,-49.987506543852945,2026-04-01 00:00:00+00:00,512,False,True
txn_0022662,2026-04-01 06:27:51+00:00,260.98,6.88509028379831e-05,-49.98757310054677,-49.98757310054677,2026-04-01 00:00:00+00:00,513,False,True
txn_0102028,2026-04-01 05:56:43+00:00,862.67,2.5704742072698842e-05,-49.987627407974436,-49.987627407974436,2026-04-01 00:00:00+00:00,514,False,True
txn_0101115,2026-04-01 05:31:08+00:00,602.36,3.514958198138248e-05,-49.98765616979978,-49.98765616979978,2026-04-01 00:00:00+00:00,515,False,True
txn_0031968,2026-04-01 00:04:20+00:00,413.22,4.780359929034574e-05,-49.98773311838611,-49.98773311838611,2026-04-01 00:00:00+00:00,516,False,True
txn_0090601,2026-04-01 04:27:41+00:00,846.94,2.581678241120607e-05,-49.987776528031766,-49.987776528031766,2026-04-01 00:00:00+00:00,517,False,True
txn_0081561,2026-04-01 04:50:14+00:00,583.11,3.571415612588939e-05,-49.98780165140442,-49.98780165140442,2026-04-01 00:00:00+00:00,518,False,True
txn_0001010,2026-04-01 00:30:02+00:00,694.24,3.065635527880407e-05,-49.98782574819168,-49.98782574819168,2026-04-01 00:00:00+00:00,519,False,True
txn_0086180,2026-04-01 01:45:28+00:00,576.42,3.598883077431956e-05,-49.98782821754382,-49.98782821754382,2026-04-01 00:00:00+00:00,520,False,True
txn_0003181,2026-04-01 01:35:27+00:00,624.13,3.3526179482763894e-05,-49.98786134382558,-49.98786134382558,2026-04-01 00:00:00+00:00,521,False,True
txn_0170791,2026-04-01 05:09:56+00:00,1162.59,1.918389797688477e-05,-49.987889301126685,-49.987889301126685,2026-04-01 00:00:00+00:00,522,False,True
txn_0175737,2026-04-01 05:27:44+00:00,923.04,2.359207547345374e-05,-49.98793218155382,-49.98793218155382,2026-04-01 00:00:00+00:00,523,False,True
txn_0057345,2026-04-01 05:23:50+00:00,835.38,2.5752118968609436e-05,-49.98795599147957,-49.98795599147957,2026-04-01 00:00:00+00:00,524,False,True
txn_0138360,2026-04-01 01:18:41+00:00,1274.58,1.7499962250239785e-05,-49.98797245094504,-49.98797245094504,2026-04-01 00:00:00+00:00,525,False,True
txn_0190549,2026-04-01 00:39:42+00:00,682.65,3.065635527880407e-05,-49.98800340177053,-49.98800340177053,2026-04-01 00:00:00+00:00,526,False,True
txn_0026572,2026-04-01 02:37:11+00:00,1364.86,1.629809771930791e-05,-49.98806278428745,-49.98806278428745,2026-04-01 00:00:00+00:00,527,False,True
txn_0029048,2026-04-01 02:14:10+00:00,1327.26,1.6670625809282763e-05,-49.98810334130373,-49.98810334130373,2026-04-01 00:00:00+00:00,528,False,True
txn_0191745,2026-04-01 03:51:47+00:00,674.64,3.068525859509302e-05,-49.98811498564095,-49.98811498564095,2026-04-01 00:00:00+00:00,529,False,True
txn_0041872,2026-04-01 03:05:33+00:00,1440.16,1.538877511710398e-05,-49.98814941205782,-49.98814941205782,2026-04-01 00:00:00+00:00,530,False,True
txn_0154433,2026-04-01 03:08:28+00:00,2134.64,1.0581064720961444e-05,-49.98817756476598,-49.98817756476598,2026-04-01 00:00:00+00:00,531,False,True
txn_0013398,2026-04-01 03:38:09+00:00,353.23,5.21319187767524e-05,-49.988186125226406,-49.988186125226406,2026-04-01 00:00:00+00:00,532,False,True
txn_0012275,2026-04-01 04:25:50+00:00,725.46,2.8519190918057923e-05,-49.98822927433239,-49.98822927433239,2026-04-01 00:00:00+00:00,533,False,True
txn_0145313,2026-04-01 04:50:25+00:00,1234.57,1.749047804654651e-05,-49.98832886635671,-49.98832886635671,2026-04-01 00:00:00+00:00,534,False,True
txn_0128190,2026-04-01 04:48:32+00:00,661.57,3.052332341502761e-05,-49.98837717629341,-49.98837717629341,2026-04-01 00:00:00+00:00,535,False,True
txn_0034424,2026-04-01 02:00:19+00:00,272.83,6.206637614844964e-05,-49.98842989649028,-49.98842989649028,2026-04-01 00:00:00+00:00,536,False,True
txn_0171499,2026-04-01 03:11:38+00:00,484.54,3.954062473323604e-05,-49.988443461609215,-49.988443461609215,2026-04-01 00:00:00+00:00,537,False,True
txn_0114385,2026-04-01 02:30:28+00:00,589.16,3.3497984313093294e-05,-49.9884572645654,-49.9884572645654,2026-04-01 00:00:00+00:00,538,False,True
txn_0111672,2026-04-01 03:57:44+00:00,1504.93,1.4371283545964923e-05,-49.98846754794929,-49.98846754794929,2026-04-01 00:00:00+00:00,539,False,True
txn_0174035,2026-04-01 04:39:29+00:00,1936.35,1.1285063184777241e-05,-49.98850983079184,-49.98850983079184,2026-04-01 00:00:00+00:00,540,False,True
txn_0028863,2026-04-01 02:39:38+00:00,404.43,4.5272291960433175e-05,-49.9885816488832,-49.9885816488832,2026-04-01 00:00:00+00:00,541,False,True
txn_0067770,2026-04-01 05:15:23+00:00,1623.46,1.3143916338988449e-05,-49.988673492973206,-49.988673492973206,2026-04-01 00:00:00+00:00,542,False,True
txn_0168974,2026-04-01 00:13:01+00:00,525.74,3.619432218100078e-05,-49.98867588241923,-49.98867588241923,2026-04-01 00:00:00+00:00,543,False,True
txn_0035304,2026-04-01 06:21:25+00:00,1104.63,1.8795185965879637e-05,-49.98867937756496,-49.98867937756496,2026-04-01 00:00:00+00:00,544,False,True
txn_0162938,2026-04-01 02:30:12+00:00,824.3,2.4493547967509002e-05,-49.98868030680681,-49.98868030680681,2026-04-01 00:00:00+00:00,545,False,True
txn_0204391,2026-04-01 00:56:03+00:00,1030.14,1.9947485817954046e-05,-49.98872827418885,-49.98872827418885,2026-04-01 00:00:00+00:00,546,False,True
txn_0118781,2026-04-01 00:12:22+00:00,522.5,3.619432218100078e-05,-49.98873451722116,-49.98873451722116,2026-04-01 00:00:00+00:00,547,False,True
txn_0076684,2026-04-01 02:13:45+00:00,650.5,2.9841984179410963e-05,-49.98880179543667,-49.98880179543667,2026-04-01 00:00:00+00:00,548,False,True
txn_0050493,2026-04-01 01:00:02+00:00,295.08,5.590521699449474e-05,-49.98895648343491,-49.98895648343491,2026-04-01 00:00:00+00:00,549,False,True
txn_0102379,2026-04-01 00:48:52+00:00,49.89,0.00014731316750633616,-49.98895961466123,-49.98895961466123,2026-04-01 00:00:00+00:00,550,False,True
txn_0147223,2026-04-01 03:27:47+00:00,202.75,7.287021474635518e-05,-49.988969271242766,-49.988969271242766,2026-04-01 00:00:00+00:00,551,False,True
txn_0165219,2026-04-01 06:01:29+00:00,669.71,2.8568852817610955e-05,-49.989005134148876,-49.989005134148876,2026-04-01 00:00:00+00:00,552,False,True
txn_0061913,2026-04-01 06:23:42+00:00,1553.24,1.3291346311631526e-05,-49.98901310731188,-49.98901310731188,2026-04-01 00:00:00+00:00,553,False,True
txn_0198506,2026-04-01 01:31:14+00:00,533.56,3.458977717711935e-05,-49.989042650385834,-49.989042650385834,2026-04-01 00:00:00+00:00,554,False,True
txn_0070569,2026-04-01 04:28:20+00:00,1579.36,1.2978522155382343e-05,-49.98910219451657,-49.98910219451657,2026-04-01 00:00:00+00:00,555,False,True
txn_0021790,2026-04-01 02:31:26+00:00,159.94,8.37654733412983e-05,-49.98911300142983,-49.98911300142983,2026-04-01 00:00:00+00:00,556,False,True
txn_0143350,2026-04-01 04:12:53+00:00,971.49,2.0306771992193612e-05,-49.98912074843904,-49.98912074843904,2026-04-01 00:00:00+00:00,557,False,True
txn_0175743,2026-04-01 04:42:49+00:00,1101.89,1.7947589636648405e-05,-49.989214485745805,-49.989214485745805,2026-04-01 00:00:00+00:00,558,False,True
txn_0056428,2026-04-01 06:30:49+00:00,704.39,2.67150906841533e-05,-49.98925532410228,-49.98925532410228,2026-04-01 00:00:00+00:00,559,False,True
txn_0026573,2026-04-01 04:55:57+00:00,1251.26,1.5696471429871144e-05,-49.989394993007835,-49.989394993007835,2026-04-01 00:00:00+00:00,560,False,True
txn_0045815,2026-04-01 04:47:30+00:00,555.25,3.232911679431041e-05,-49.98940817311026,-49.98940817311026,2026-04-01 00:00:00+00:00,561,False,True
txn_0009809,2026-04-01 06:24:00+00:00,756.03,2.4707743939970095e-05,-49.98942471497753,-49.98942471497753,2026-04-01 00:00:00+00:00,562,False,True
txn_0142795,2026-04-01 03:21:19+00:00,487.18,3.587102969655715e-05,-49.989468624391385,-49.989468624391385,2026-04-01 00:00:00+00:00,563,False,True
txn_0196211,2026-04-01 01:24:17+00:00,891.37,2.102548626735123e-05,-49.98957798183957,-49.98957798183957,2026-04-01 00:00:00+00:00,564,False,True
txn_0210881,2026-04-01 03:46:52+00:00,478.6,3.587102969655715e-05,-49.989622511108784,-49.989622511108784,2026-04-01 00:00:00+00:00,565,False,True
txn_0059159,2026-04-01 06:37:42+00:00,438.25,3.850587339134804e-05,-49.98963710682355,-49.98963710682355,2026-04-01 00:00:00+00:00,566,False,True
txn_0089211,2026-04-01 01:22:17+00:00,391.54,4.215954684522695e-05,-49.989638448171846,-49.989638448171846,2026-04-01 00:00:00+00:00,567,False,True
txn_0073297,2026-04-01 01:31:25+00:00,3071.63,6.504593609704141e-06,-49.98968491788483,-49.98968491788483,2026-04-01 00:00:00+00:00,568,False,True
txn_0130304,2026-04-01 01:33:09+00:00,272.83,5.514319478829557e-05,-49.98972048134354,-49.98972048134354,2026-04-01 00:00:00+00:00,569,False,True
txn_0101117,2026-04-01 04:44:27+00:00,418.68,3.9622616658255134e-05,-49.98972427059585,-49.98972427059585,2026-04-01 00:00:00+00:00,570,False,True
txn_0082483,2026-04-01 04:09:41+00:00,669.65,2.638140058382583e-05,-49.98984777752033,-49.98984777752033,2026-04-01 00:00:00+00:00,571,False,True
txn_0062754,2026-04-01 06:41:51+00:00,646.62,2.7162550333602083e-05,-49.98985994833496,-49.98985994833496,2026-04-01 00:00:00+00:00,572,False,True
txn_0140454,2026-04-01 03:42:28+00:00,410.38,3.965549330708412e-05,-49.98988031466296,-49.98988031466296,2026-04-01 00:00:00+00:00,573,False,True
txn_0046976,2026-04-01 05:02:54+00:00,1140.15,1.6299064594229428e-05,-49.98989335752173,-49.98989335752173,2026-04-01 00:00:00+00:00,574,False,True
txn_0163694,2026-04-01 04:05:28+00:00,795.73,2.252485050114507e-05,-49.98991190783031,-49.98991190783031,2026-04-01 00:00:00+00:00,575,False,True
txn_0103622,2026-04-01 05:09:10+00:00,666.65,2.6242949634689058e-05,-49.98994042133128,-49.98994042133128,2026-04-01 00:00:00+00:00,576,False,True
txn_0092836,2026-04-01 05:44:22+00:00,665.32,2.6266909965167804e-05,-49.989948704232724,-49.989948704232724,2026-04-01 00:00:00+00:00,577,False,True
txn_0092027,2026-04-01 00:09:30+00:00,483.31,3.440874235237993e-05,-49.98996451824922,-49.98996451824922,2026-04-01 00:00:00+00:00,578,False,True
txn_0179290,2026-04-01 00:46:40+00:00,593.08,2.8930638373739255e-05,-49.98997437657796,-49.98997437657796,2026-04-01 00:00:00+00:00,579,False,True
txn_0208337,2026-04-01 01:04:02+00:00,419.55,3.8452139720023824e-05,-49.990011095404235,-49.990011095404235,2026-04-01 00:00:00+00:00,580,False,True
txn_0140581,2026-04-01 06:04:54+00:00,519.18,3.1893765200288395e-05,-49.990126009231645,-49.990126009231645,2026-04-01 00:00:00+00:00,581,False,True
txn_0084736,2026-04-01 05:49:22+00:00,744.14,2.3389715117286614e-05,-49.99012790294044,-49.99012790294044,2026-04-01 00:00:00+00:00,582,False,True
txn_0114384,2026-04-01 06:26:15+00:00,509.37,3.228553525317577e-05,-49.990163081691385,-49.990163081691385,2026-04-01 00:00:00+00:00,583,False,True
txn_0100840,2026-04-01 06:39:35+00:00,77.81,0.00011055245012365467,-49.99017133442175,-49.99017133442175,2026-04-01 00:00:00+00:00,584,False,True
txn_0189670,2026-04-01 02:02:59+00:00,493.88,3.2935821452950694e-05,-49.990220037177764,-49.990220037177764,2026-04-01 00:00:00+00:00,585,False,True
txn_0104320,2026-04-01 03:28:28+00:00,10.0,0.00017663709963969422,-49.99028495951982,-49.99028495951982,2026-04-01 00:00:00+00:00,586,False,True
txn_0096451,2026-04-01 00:48:22+00:00,460.36,3.458855790040831e-05,-49.99030897784746,-49.99030897784746,2026-04-01 00:00:00+00:00,587,False,True
txn_0191418,2026-04-01 05:55:06+00:00,1341.84,1.3291346311631526e-05,-49.99041800261702,-49.99041800261702,2026-04-01 00:00:00+00:00,588,False,True
txn_0132836,2026-04-01 05:36:20+00:00,12.42,0.00016933210745913774,-49.99048184223972,-49.99048184223972,2026-04-01 00:00:00+00:00,589,False,True
txn_0149001,2026-04-01 01:40:47+00:00,501.02,3.160572030787839e-05,-49.990502164990275,-49.990502164990275,2026-04-01 00:00:00+00:00,590,False,True
txn_0066938,2026-04-01 05:26:22+00:00,1323.01,1.3291346311631526e-05,-49.990543140642544,-49.990543140642544,2026-04-01 00:00:00+00:00,591,False,True
txn_0004605,2026-04-01 05:11:02+00:00,1323.22,1.3284310313871874e-05,-49.99054675193755,-49.99054675193755,2026-04-01 00:00:00+00:00,592,False,True
txn_0187476,2026-04-01 05:26:25+00:00,373.47,3.975526251886762e-05,-49.99058853792759,-49.99058853792759,2026-04-01 00:00:00+00:00,593,False,True
txn_0165751,2026-04-01 05:39:01+00:00,547.25,2.9064560647457484e-05,-49.990593981560465,-49.990593981560465,2026-04-01 00:00:00+00:00,594,False,True
txn_0118446,2026-04-01 00:42:25+00:00,578.11,2.7680044128677904e-05,-49.99061494263795,-49.99061494263795,2026-04-01 00:00:00+00:00,595,False,True
txn_0023755,2026-04-01 02:56:32+00:00,714.1,2.2759883966208737e-05,-49.990735589231555,-49.990735589231555,2026-04-01 00:00:00+00:00,596,False,True
txn_0136413,2026-04-01 04:50:21+00:00,599.43,2.6371677588928257e-05,-49.99077742877199,-49.99077742877199,2026-04-01 00:00:00+00:00,597,False,True
txn_0155239,2026-04-01 04:19:42+00:00,1178.19,1.4381828421400567e-05,-49.99080864536503,-49.99080864536503,2026-04-01 00:00:00+00:00,598,False,True
txn_0210969,2026-04-01 03:56:00+00:00,520.6,2.9528258527749233e-05,-49.99083738137884,-49.99083738137884,2026-04-01 00:00:00+00:00,599,False,True
txn_0122053,2026-04-01 02:30:09+00:00,462.44,3.204271723579388e-05,-49.99098894705895,-49.99098894705895,2026-04-01 00:00:00+00:00,600,False,True
txn_0161945,2026-04-01 01:42:57+00:00,1708.0,9.928489739756226e-06,-49.99102464527526,-49.99102464527526,2026-04-01 00:00:00+00:00,601,False,True
txn_0123286,2026-04-01 01:30:21+00:00,605.45,2.5337896202286588e-05,-49.991062690562046,-49.991062690562046,2026-04-01 00:00:00+00:00,602,False,True
txn_0070237,2026-04-01 06:18:09+00:00,413.16,3.4703269037393054e-05,-49.99109583523039,-49.99109583523039,2026-04-01 00:00:00+00:00,603,False,True
txn_0033984,2026-04-01 05:01:12+00:00,1233.91,1.3291346311631526e-05,-49.99113527012073,-49.99113527012073,2026-04-01 00:00:00+00:00,604,False,True
txn_0049620,2026-04-01 04:19:40+00:00,573.3,2.6323989488671628e-05,-49.99113802893864,-49.99113802893864,2026-04-01 00:00:00+00:00,605,False,True
txn_0161193,2026-04-01 02:25:00+00:00,293.02,4.5068089579678456e-05,-49.9911436697167,-49.9911436697167,2026-04-01 00:00:00+00:00,606,False,True
txn_0073186,2026-04-01 00:00:44+00:00,355.19,3.8796849625354615e-05,-49.99117003100952,-49.99117003100952,2026-04-01 00:00:00+00:00,607,False,True
txn_0022207,2026-04-01 00:21:05+00:00,411.12,3.4509103183658576e-05,-49.991180853590386,-49.991180853590386,2026-04-01 00:00:00+00:00,608,False,True
txn_0165411,2026-04-01 00:12:18+00:00,26.07,0.0001396820792671405,-49.99119514013339,-49.99119514013339,2026-04-01 00:00:00+00:00,609,False,True
txn_0154429,2026-04-01 02:51:34+00:00,240.6,5.1316253143825e-05,-49.99126084208961,-49.99126084208961,2026-04-01 00:00:00+00:00,610,False,True
txn_0003182,2026-04-01 02:16:47+00:00,536.12,2.7391259075274464e-05,-49.99128793613852,-49.99128793613852,2026-04-01 00:00:00+00:00,611,False,True
txn_0030306,2026-04-01 00:57:08+00:00,487.79,2.9617915394155145e-05,-49.99129544275523,-49.99129544275523,2026-04-01 00:00:00+00:00,612,False,True
txn_0153085,2026-04-01 03:47:09+00:00,416.44,3.358681762247424e-05,-49.991327211953525,-49.991327211953525,2026-04-01 00:00:00+00:00,613,False,True
txn_0137766,2026-04-01 02:18:52+00:00,419.76,3.336639434027738e-05,-49.99132874143885,-49.99132874143885,2026-04-01 00:00:00+00:00,614,False,True
txn_0194389,2026-04-01 04:02:01+00:00,252.54,4.915333823947853e-05,-49.991335741068525,-49.991335741068525,2026-04-01 00:00:00+00:00,615,False,True
txn_0079357,2026-04-01 06:23:57+00:00,627.79,2.3790461180426324e-05,-49.99134277012875,-49.99134277012875,2026-04-01 00:00:00+00:00,616,False,True
txn_0211737,2026-04-01 01:10:04+00:00,206.24,5.653719228622785e-05,-49.991343025117125,-49.991343025117125,2026-04-01 00:00:00+00:00,617,False,True
txn_0038616,2026-04-01 06:36:01+00:00,564.0,2.6068971958557992e-05,-49.991345101309754,-49.991345101309754,2026-04-01 00:00:00+00:00,618,False,True
txn_0057619,2026-04-01 02:24:12+00:00,433.91,3.239432000002383e-05,-49.991352174304396,-49.991352174304396,2026-04-01 00:00:00+00:00,619,False,True
txn_0090110,2026-04-01 04:29:59+00:00,254.93,4.845606526608407e-05,-49.99140074437756,-49.99140074437756,2026-04-01 00:00:00+00:00,620,False,True
txn_0041119,2026-04-01 06:06:52+00:00,335.61,3.9429966603357486e-05,-49.99141195612396,-49.99141195612396,2026-04-01 00:00:00+00:00,621,False,True
txn_0137549,2026-04-01 02:27:39+00:00,1525.66,1.0556064322016618e-05,-49.99141971423713,-49.99141971423713,2026-04-01 00:00:00+00:00,622,False,True
txn_0186476,2026-04-01 00:06:26+00:00,384.08,3.5434353620472985e-05,-49.9914234690497,-49.9914234690497,2026-04-01 00:00:00+00:00,623,False,True
txn_0178918,2026-04-01 06:33:07+00:00,2740.63,6.036989352155745e-06,-49.99142557346829,-49.99142557346829,2026-04-01 00:00:00+00:00,624,False,True
txn_0153084,2026-04-01 04:20:02+00:00,354.28,3.759541925583829e-05,-49.991460576470224,-49.991460576470224,2026-04-01 00:00:00+00:00,625,False,True
txn_0033636,2026-04-01 03:07:01+00:00,545.36,2.6203265827358813e-05,-49.99154473018283,-49.99154473018283,2026-04-01 00:00:00+00:00,626,False,True
txn_0189671,2026-04-01 05:20:19+00:00,598.14,2.413569893891936e-05,-49.991574951571394,-49.991574951571394,2026-04-01 00:00:00+00:00,627,False,True
txn_0008639,2026-04-01 04:33:24+00:00,603.33,2.389415786181032e-05,-49.991597260975524,-49.991597260975524,2026-04-01 00:00:00+00:00,628,False,True
txn_0086766,2026-04-01 01:16:09+00:00,478.87,2.8802774437661335e-05,-49.99166346898063,-49.99166346898063,2026-04-01 00:00:00+00:00,629,False,True
txn_0127671,2026-04-01 03:24:13+00:00,414.59,3.2269942291473675e-05,-49.99169710519812,-49.99169710519812,2026-04-01 00:00:00+00:00,630,False,True
txn_0190095,2026-04-01 00:16:32+00:00,593.85,2.3622300912669103e-05,-49.99180483325587,-49.99180483325587,2026-04-01 00:00:00+00:00,631,False,True
txn_0212050,2026-04-01 06:02:10+00:00,612.3,2.2938872660008166e-05,-49.99183032050214,-49.99183032050214,2026-04-01 00:00:00+00:00,632,False,True
txn_0040080,2026-04-01 03:53:45+00:00,1174.13,1.2751156741745062e-05,-49.99187668433032,-49.99187668433032,2026-04-01 00:00:00+00:00,633,False,True
txn_0087206,2026-04-01 04:11:57+00:00,377.99,3.375769457800604e-05,-49.99193207978433,-49.99193207978433,2026-04-01 00:00:00+00:00,634,False,True
txn_0057510,2026-04-01 01:58:32+00:00,477.95,2.767457158061359e-05,-49.99200274067749,-49.99200274067749,2026-04-01 00:00:00+00:00,635,False,True
txn_0199018,2026-04-01 04:15:47+00:00,98.06,8.045471761928229e-05,-49.99203256931416,-49.99203256931416,2026-04-01 00:00:00+00:00,636,False,True
txn_0105118,2026-04-01 00:33:59+00:00,368.72,3.3812306932559386e-05,-49.992075747747286,-49.992075747747286,2026-04-01 00:00:00+00:00,637,False,True
txn_0005714,2026-04-01 03:49:36+00:00,679.59,2.0179461823629134e-05,-49.99213414667846,-49.99213414667846,2026-04-01 00:00:00+00:00,638,False,True
txn_0203965,2026-04-01 00:27:15+00:00,391.55,3.1859634424318724e-05,-49.992169698349365,-49.992169698349365,2026-04-01 00:00:00+00:00,639,False,True
txn_0117011,2026-04-01 01:50:46+00:00,483.89,2.6286136647819025e-05,-49.99232589383635,-49.99232589383635,2026-04-01 00:00:00+00:00,640,False,True
txn_0089641,2026-04-01 02:06:39+00:00,477.38,2.6570518640743875e-05,-49.992329356973606,-49.992329356973606,2026-04-01 00:00:00+00:00,641,False,True
txn_0077809,2026-04-01 01:12:47+00:00,538.65,2.394109418474004e-05,-49.99235501009946,-49.99235501009946,2026-04-01 00:00:00+00:00,642,False,True
txn_0163725,2026-04-01 03:08:30+00:00,547.49,2.3588187893845334e-05,-49.9923634421103,-49.9923634421103,2026-04-01 00:00:00+00:00,643,False,True
txn_0068663,2026-04-01 01:59:47+00:00,2841.39,5.183114835723967e-06,-49.99237721892668,-49.99237721892668,2026-04-01 00:00:00+00:00,644,False,True
txn_0145134,2026-04-01 05:38:33+00:00,1049.19,1.318299620221092e-05,-49.99242511629719,-49.99242511629719,2026-04-01 00:00:00+00:00,645,False,True
txn_0201880,2026-04-01 04:03:13+00:00,1736.38,8.222879265043636e-06,-49.99244983448763,-49.99244983448763,2026-04-01 00:00:00+00:00,646,False,True
txn_0128860,2026-04-01 06:13:54+00:00,329.17,3.4913074950942116e-05,-49.99250817781165,-49.99250817781165,2026-04-01 00:00:00+00:00,647,False,True
txn_0093947,2026-04-01 01:47:12+00:00,392.21,3.0349593242242728e-05,-49.99253081335512,-49.99253081335512,2026-04-01 00:00:00+00:00,648,False,True
txn_0168554,2026-04-01 03:27:25+00:00,850.42,1.5693643652443488e-05,-49.992542223599926,-49.992542223599926,2026-04-01 00:00:00+00:00,649,False,True
txn_0099845,2026-04-01 06:10:55+00:00,480.86,2.55213854215033e-05,-49.99258782403203,-49.99258782403203,2026-04-01 00:00:00+00:00,650,False,True
txn_0115327,2026-04-01 03:45:40+00:00,420.65,2.84664650819931e-05,-49.99258946747753,-49.99258946747753,2026-04-01 00:00:00+00:00,651,False,True
txn_0176468,2026-04-01 04:21:28+00:00,1086.63,1.2451817121397778e-05,-49.99261215012462,-49.99261215012462,2026-04-01 00:00:00+00:00,652,False,True
txn_0072436,2026-04-01 05:11:05+00:00,1007.04,1.3346601834284896e-05,-49.992612388952686,-49.992612388952686,2026-04-01 00:00:00+00:00,653,False,True
txn_0113553,2026-04-01 01:10:49+00:00,390.09,3.0105109728916126e-05,-49.99262289338648,-49.99262289338648,2026-04-01 00:00:00+00:00,654,False,True
txn_0057617,2026-04-01 01:22:08+00:00,512.43,2.406614818132659e-05,-49.99263058443466,-49.99263058443466,2026-04-01 00:00:00+00:00,655,False,True
txn_0002094,2026-04-01 02:42:25+00:00,422.66,2.8118175695039583e-05,-49.99265187714561,-49.99265187714561,2026-04-01 00:00:00+00:00,656,False,True
txn_0044055,2026-04-01 05:11:53+00:00,531.17,2.3276651322433703e-05,-49.99265423799241,-49.99265423799241,2026-04-01 00:00:00+00:00,657,False,True
txn_0095295,2026-04-01 05:08:29+00:00,503.57,2.4306530485478537e-05,-49.99266465369744,-49.99266465369744,2026-04-01 00:00:00+00:00,658,False,True
txn_0208616,2026-04-01 02:48:47+00:00,640.17,1.9732215186458743e-05,-49.992697403142714,-49.992697403142714,2026-04-01 00:00:00+00:00,659,False,True
txn_0029564,2026-04-01 03:24:59+00:00,526.83,2.29622953411177e-05,-49.99280327220566,-49.99280327220566,2026-04-01 00:00:00+00:00,660,False,True
txn_0098695,2026-04-01 06:22:04+00:00,395.08,2.8942711558443598e-05,-49.99283552118082,-49.99283552118082,2026-04-01 00:00:00+00:00,661,False,True
txn_0157627,2026-04-01 00:10:24+00:00,643.47,1.919741327429802e-05,-49.99286364957648,-49.99286364957648,2026-04-01 00:00:00+00:00,662,False,True
txn_0212674,2026-04-01 05:46:30+00:00,1571.94,8.513132914021111e-06,-49.992883276277865,-49.992883276277865,2026-04-01 00:00:00+00:00,663,False,True
txn_0170792,2026-04-01 05:48:28+00:00,1175.95,1.1154896189523655e-05,-49.99288345510349,-49.99288345510349,2026-04-01 00:00:00+00:00,664,False,True
txn_0097317,2026-04-01 00:31:14+00:00,183.51,4.988317394395288e-05,-49.992928810677576,-49.992928810677576,2026-04-01 00:00:00+00:00,665,False,True
txn_0171163,2026-04-01 04:29:26+00:00,419.53,2.7041900324369644e-05,-49.992975460762246,-49.992975460762246,2026-04-01 00:00:00+00:00,666,False,True
txn_0062320,2026-04-01 04:47:10+00:00,432.36,2.6229057272381766e-05,-49.99301834953524,-49.99301834953524,2026-04-01 00:00:00+00:00,667,False,True
txn_0060746,2026-04-01 00:02:42+00:00,914.92,1.3676827717715458e-05,-49.99305955700637,-49.99305955700637,2026-04-01 00:00:00+00:00,668,False,True
txn_0002455,2026-04-01 03:18:21+00:00,1168.3,1.0914980397933651e-05,-49.99307826518065,-49.99307826518065,2026-04-01 00:00:00+00:00,669,False,True
txn_0176702,2026-04-01 05:18:31+00:00,469.49,2.423149658136698e-05,-49.993100202505936,-49.993100202505936,2026-04-01 00:00:00+00:00,670,False,True
txn_0015984,2026-04-01 01:03:13+00:00,454.85,2.470947481449399e-05,-49.99314497394959,-49.99314497394959,2026-04-01 00:00:00+00:00,671,False,True
txn_0036319,2026-04-01 02:02:27+00:00,1089.09,1.1526877240985783e-05,-49.99314675277076,-49.99314675277076,2026-04-01 00:00:00+00:00,672,False,True
txn_0083965,2026-04-01 03:01:46+00:00,415.63,2.642909958213258e-05,-49.993186181691236,-49.993186181691236,2026-04-01 00:00:00+00:00,673,False,True
txn_0102917,2026-04-01 01:18:13+00:00,483.16,2.331341098600712e-05,-49.9932022756247,-49.9932022756247,2026-04-01 00:00:00+00:00,674,False,True
txn_0113347,2026-04-01 04:53:23+00:00,365.25,2.910306336776917e-05,-49.99322989988408,-49.99322989988408,2026-04-01 00:00:00+00:00,675,False,True
txn_0047246,2026-04-01 03:55:59+00:00,396.63,2.7260959417081422e-05,-49.99323069486235,-49.99323069486235,2026-04-01 00:00:00+00:00,676,False,True
txn_0200607,2026-04-01 04:08:46+00:00,400.28,2.7041900324369644e-05,-49.993235739052864,-49.993235739052864,2026-04-01 00:00:00+00:00,677,False,True
txn_0012700,2026-04-01 03:30:30+00:00,358.13,2.944669713401026e-05,-49.993254792321,-49.993254792321,2026-04-01 00:00:00+00:00,678,False,True
txn_0012429,2026-04-01 05:15:14+00:00,523.59,2.1630868688951482e-05,-49.99325560329712,-49.99325560329712,2026-04-01 00:00:00+00:00,679,False,True
txn_0063538,2026-04-01 04:07:29+00:00,320.43,3.204082934551673e-05,-49.99326453705913,-49.99326453705913,2026-04-01 00:00:00+00:00,680,False,True
txn_0090111,2026-04-01 00:56:28+00:00,346.12,3.0155218570806824e-05,-49.9932735769456,-49.9932735769456,2026-04-01 00:00:00+00:00,681,False,True
txn_0028191,2026-04-01 04:33:15+00:00,471.47,2.345623733035313e-05,-49.99329773202641,-49.99329773202641,2026-04-01 00:00:00+00:00,682,False,True
txn_0029194,2026-04-01 04:05:03+00:00,518.8,2.1576543965981367e-05,-49.99332421729692,-49.99332421729692,2026-04-01 00:00:00+00:00,683,False,True
txn_0075113,2026-04-01 03:51:28+00:00,353.28,2.944669713401026e-05,-49.99332620056155,-49.99332620056155,2026-04-01 00:00:00+00:00,684,False,True
txn_0096305,2026-04-01 00:00:08+00:00,357.11,2.9050743744045854e-05,-49.99336030726358,-49.99336030726358,2026-04-01 00:00:00+00:00,685,False,True
txn_0200459,2026-04-01 01:25:27+00:00,393.8,2.684643821932147e-05,-49.99337161440365,-49.99337161440365,2026-04-01 00:00:00+00:00,686,False,True
txn_0182910,2026-04-01 00:29:07+00:00,865.26,1.3676827717715458e-05,-49.9933991526386,-49.9933991526386,2026-04-01 00:00:00+00:00,687,False,True
txn_0055140,2026-04-01 01:40:12+00:00,310.44,3.193324374543969e-05,-49.993446659718565,-49.993446659718565,2026-04-01 00:00:00+00:00,688,False,True
txn_0190550,2026-04-01 01:51:47+00:00,663.01,1.7085174753103806e-05,-49.99348192040582,-49.99348192040582,2026-04-01 00:00:00+00:00,689,False,True
txn_0053639,2026-04-01 03:15:42+00:00,111.52,6.091606315923321e-05,-49.993557517160276,-49.993557517160276,2026-04-01 00:00:00+00:00,690,False,True
txn_0181593,2026-04-01 04:15:20+00:00,538.95,2.0060899074161665e-05,-49.993591044268285,-49.993591044268285,2026-04-01 00:00:00+00:00,691,False,True
txn_0012967,2026-04-01 00:43:32+00:00,321.52,3.0150477212951482e-05,-49.99364548542259,-49.99364548542259,2026-04-01 00:00:00+00:00,692,False,True
txn_0140200,2026-04-01 03:00:08+00:00,154.36,4.9860340043028864e-05,-49.99365876195333,-49.99365876195333,2026-04-01 00:00:00+00:00,693,False,True
txn_0088130,2026-04-01 00:58:42+00:00,280.14,3.334267395931239e-05,-49.993662557960555,-49.993662557960555,2026-04-01 00:00:00+00:00,694,False,True
txn_0076688,2026-04-01 03:15:38+00:00,738.64,1.509955978228496e-05,-49.99366845259209,-49.99366845259209,2026-04-01 00:00:00+00:00,695,False,True
txn_0102667,2026-04-01 00:29:33+00:00,190.94,4.349115286591548e-05,-49.99367334199259,-49.99367334199259,2026-04-01 00:00:00+00:00,696,False,True
txn_0105121,2026-04-01 01:32:55+00:00,226.77,3.8624233071553615e-05,-49.9936893796796,-49.9936893796796,2026-04-01 00:00:00+00:00,697,False,True
txn_0012701,2026-04-01 06:05:55+00:00,400.4,2.512599156660922e-05,-49.99371347691004,-49.99371347691004,2026-04-01 00:00:00+00:00,698,False,True
txn_0187478,2026-04-01 04:31:46+00:00,453.99,2.2666351806565372e-05,-49.99372153388134,-49.99372153388134,2026-04-01 00:00:00+00:00,699,False,True
txn_0165220,2026-04-01 04:44:59+00:00,420.41,2.410125444908869e-05,-49.99372873308607,-49.99372873308607,2026-04-01 00:00:00+00:00,700,False,True
txn_0200340,2026-04-01 04:47:45+00:00,267.69,3.397487229132408e-05,-49.9937538896036,-49.9937538896036,2026-04-01 00:00:00+00:00,701,False,True
txn_0055947,2026-04-01 06:28:46+00:00,268.92,3.382742846151707e-05,-49.99376019254599,-49.99376019254599,2026-04-01 00:00:00+00:00,702,False,True
txn_0110279,2026-04-01 03:50:31+00:00,360.52,2.7056388174020233e-05,-49.99376999605905,-49.99376999605905,2026-04-01 00:00:00+00:00,703,False,True
txn_0079785,2026-04-01 02:42:00+00:00,459.97,2.2114709442287433e-05,-49.993808213076804,-49.993808213076804,2026-04-01 00:00:00+00:00,704,False,True
txn_0208785,2026-04-01 06:04:46+00:00,555.5,1.8858100149538444e-05,-49.99381925767599,-49.99381925767599,2026-04-01 00:00:00+00:00,705,False,True
txn_0022321,2026-04-01 00:37:23+00:00,326.37,2.878722675889771e-05,-49.9938629950634,-49.9938629950634,2026-04-01 00:00:00+00:00,706,False,True
txn_0004417,2026-04-01 00:29:04+00:00,350.42,2.719104618171192e-05,-49.99387630448941,-49.99387630448941,2026-04-01 00:00:00+00:00,707,False,True
txn_0056814,2026-04-01 03:54:35+00:00,388.39,2.506743726330085e-05,-49.99387865715749,-49.99387865715749,2026-04-01 00:00:00+00:00,708,False,True
txn_0188932,2026-04-01 04:38:16+00:00,484.0,2.0824430657695844e-05,-49.99391926624796,-49.99391926624796,2026-04-01 00:00:00+00:00,709,False,True
txn_0176740,2026-04-01 04:20:04+00:00,673.03,1.5662014436095064e-05,-49.99394639649023,-49.99394639649023,2026-04-01 00:00:00+00:00,710,False,True
txn_0153086,2026-04-01 04:54:23+00:00,305.39,2.9746752003075644e-05,-49.99397048210274,-49.99397048210274,2026-04-01 00:00:00+00:00,711,False,True
txn_0073140,2026-04-01 01:25:55+00:00,491.53,2.0186783905363422e-05,-49.994029455858225,-49.994029455858225,2026-04-01 00:00:00+00:00,712,False,True
txn_0111765,2026-04-01 02:18:23+00:00,221.59,3.6754917133089736e-05,-49.994089993099585,-49.994089993099585,2026-04-01 00:00:00+00:00,713,False,True
txn_0182286,2026-04-01 04:21:16+00:00,235.53,3.519947550708784e-05,-49.99409475999155,-49.99409475999155,2026-04-01 00:00:00+00:00,714,False,True
txn_0134947,2026-04-01 06:38:38+00:00,445.98,2.1368835825595875e-05,-49.99416652150797,-49.99416652150797,2026-04-01 00:00:00+00:00,715,False,True
txn_0170132,2026-04-01 06:09:40+00:00,348.7,2.599350632290347e-05,-49.994168356856456,-49.994168356856456,2026-04-01 00:00:00+00:00,716,False,True
txn_0111673,2026-04-01 03:17:39+00:00,2071.5,5.362247764043338e-06,-49.99417793949019,-49.99417793949019,2026-04-01 00:00:00+00:00,717,False,True
txn_0124173,2026-04-01 05:58:22+00:00,350.4,2.5842665006848075e-05,-49.99418023184046,-49.99418023184046,2026-04-01 00:00:00+00:00,718,False,True
txn_0205072,2026-04-01 00:27:23+00:00,325.14,2.7244451280708696e-05,-49.99420864699126,-49.99420864699126,2026-04-01 00:00:00+00:00,719,False,True
txn_0163217,2026-04-01 02:53:52+00:00,219.72,3.605683490962097e-05,-49.99423595437135,-49.99423595437135,2026-04-01 00:00:00+00:00,720,False,True
txn_0072434,2026-04-01 01:13:28+00:00,478.23,1.9930607430588244e-05,-49.994237762432704,-49.994237762432704,2026-04-01 00:00:00+00:00,721,False,True
txn_0038618,2026-04-01 03:51:31+00:00,424.65,2.1742755420457012e-05,-49.99429633168433,-49.99429633168433,2026-04-01 00:00:00+00:00,722,False,True
txn_0178636,2026-04-01 06:25:25+00:00,1238.62,8.513132914021111e-06,-49.994302075009315,-49.994302075009315,2026-04-01 00:00:00+00:00,723,False,True
txn_0050077,2026-04-01 06:27:20+00:00,298.6,2.8436649453334018e-05,-49.99433257576395,-49.99433257576395,2026-04-01 00:00:00+00:00,724,False,True
txn_0129415,2026-04-01 06:19:27+00:00,186.06,3.959058502818922e-05,-49.99433735862341,-49.99433735862341,2026-04-01 00:00:00+00:00,725,False,True
txn_0048045,2026-04-01 00:56:06+00:00,747.59,1.3332982305278596e-05,-49.99434954876393,-49.99434954876393,2026-04-01 00:00:00+00:00,726,False,True
txn_0204543,2026-04-01 04:33:32+00:00,203.12,3.714950693382954e-05,-49.99436962072911,-49.99436962072911,2026-04-01 00:00:00+00:00,727,False,True
txn_0041809,2026-04-01 02:39:38+00:00,294.53,2.8259134677518407e-05,-49.994425461797846,-49.994425461797846,2026-04-01 00:00:00+00:00,728,False,True
txn_0187471,2026-04-01 02:29:04+00:00,471.34,1.9464110466972435e-05,-49.9944396875629,-49.9944396875629,2026-04-01 00:00:00+00:00,729,False,True
txn_0045854,2026-04-01 04:04:11+00:00,289.35,2.8485037938819715e-05,-49.99445467523926,-49.99445467523926,2026-04-01 00:00:00+00:00,730,False,True
txn_0205362,2026-04-01 05:49:56+00:00,319.49,2.622004235036205e-05,-49.99450047721722,-49.99450047721722,2026-04-01 00:00:00+00:00,731,False,True
txn_0055139,2026-04-01 02:22:26+00:00,274.98,2.9055143817408583e-05,-49.99455245108567,-49.99455245108567,2026-04-01 00:00:00+00:00,732,False,True
txn_0144342,2026-04-01 01:56:32+00:00,354.93,2.3890402702355237e-05,-49.99456576954931,-49.99456576954931,2026-04-01 00:00:00+00:00,733,False,True
txn_0129765,2026-04-01 03:44:58+00:00,139.62,4.532744784860057e-05,-49.99456931847326,-49.99456931847326,2026-04-01 00:00:00+00:00,734,False,True
txn_0093476,2026-04-01 05:34:53+00:00,396.98,2.181542552782546e-05,-49.99457908491059,-49.99457908491059,2026-04-01 00:00:00+00:00,735,False,True
txn_0036737,2026-04-01 01:45:39+00:00,280.31,2.8484330886948046e-05,-49.99458356206019,-49.99458356206019,2026-04-01 00:00:00+00:00,736,False,True
txn_0211524,2026-04-01 03:55:10+00:00,482.68,1.8585230426502483e-05,-49.99458537896754,-49.99458537896754,2026-04-01 00:00:00+00:00,737,False,True
txn_0169811,2026-04-01 02:50:42+00:00,561.36,1.635620310246167e-05,-49.99459133075808,-49.99459133075808,2026-04-01 00:00:00+00:00,738,False,True
txn_0132143,2026-04-01 05:24:32+00:00,221.07,3.358501932541561e-05,-49.9946084289226,-49.9946084289226,2026-04-01 00:00:00+00:00,739,False,True
txn_0111919,2026-04-01 04:08:21+00:00,413.52,2.0985852057901875e-05,-49.99461167262562,-49.99461167262562,2026-04-01 00:00:00+00:00,740,False,True
txn_0172463,2026-04-01 00:59:21+00:00,313.78,2.6017255987926466e-05,-49.99461728990866,-49.99461728990866,2026-04-01 00:00:00+00:00,741,False,True
txn_0024665,2026-04-01 06:06:40+00:00,196.26,3.629267983259388e-05,-49.9946239653364,-49.9946239653364,2026-04-01 00:00:00+00:00,742,False,True
txn_0174791,2026-04-01 03:50:36+00:00,505.79,1.767459207082101e-05,-49.99464645443471,-49.99464645443471,2026-04-01 00:00:00+00:00,743,False,True
txn_0101575,2026-04-01 02:24:30+00:00,326.26,2.5015197361310763e-05,-49.994668510986386,-49.994668510986386,2026-04-01 00:00:00+00:00,744,False,True
txn_0070765,2026-04-01 05:51:07+00:00,409.44,2.0894776677524896e-05,-49.9946776824847,-49.9946776824847,2026-04-01 00:00:00+00:00,745,False,True
txn_0086052,2026-04-01 03:00:44+00:00,471.81,1.8585230426502483e-05,-49.994686389694905,-49.994686389694905,2026-04-01 00:00:00+00:00,746,False,True
txn_0109069,2026-04-01 00:23:12+00:00,358.88,2.3029864865060396e-05,-49.99471602780537,-49.99471602780537,2026-04-01 00:00:00+00:00,747,False,True
txn_0183507,2026-04-01 00:10:36+00:00,205.72,3.440666873701981e-05,-49.99474059661686,-49.99474059661686,2026-04-01 00:00:00+00:00,748,False,True
txn_0144341,2026-04-01 03:45:34+00:00,308.27,2.5755101670785082e-05,-49.99474248232043,-49.99474248232043,2026-04-01 00:00:00+00:00,749,False,True
txn_0108423,2026-04-01 00:43:58+00:00,274.55,2.7973953133851485e-05,-49.99476117792686,-49.99476117792686,2026-04-01 00:00:00+00:00,750,False,True
txn_0028707,2026-04-01 00:11:58+00:00,280.1,2.7441879527158105e-05,-49.994784670795866,-49.994784670795866,2026-04-01 00:00:00+00:00,751,False,True
txn_0051419,2026-04-01 04:38:48+00:00,179.51,3.7261698991174506e-05,-49.994792491257485,-49.994792491257485,2026-04-01 00:00:00+00:00,752,False,True
txn_0104891,2026-04-01 02:23:51+00:00,191.99,3.565223987751741e-05,-49.994794951239086,-49.994794951239086,2026-04-01 00:00:00+00:00,753,False,True
txn_0110950,2026-04-01 02:23:25+00:00,172.37,3.800767269602689e-05,-49.9948239250939,-49.9948239250939,2026-04-01 00:00:00+00:00,754,False,True
txn_0043498,2026-04-01 01:01:36+00:00,183.71,3.6487528763363286e-05,-49.99482406160727,-49.99482406160727,2026-04-01 00:00:00+00:00,755,False,True
txn_0050362,2026-04-01 01:06:59+00:00,400.14,2.065055925893321e-05,-49.99483591464612,-49.99483591464612,2026-04-01 00:00:00+00:00,756,False,True
txn_0096918,2026-04-01 02:35:15+00:00,1103.79,8.547655732082151e-06,-49.99485520875314,-49.99485520875314,2026-04-01 00:00:00+00:00,757,False,True
txn_0022088,2026-04-01 02:33:14+00:00,466.98,1.806694201176941e-05,-49.99487820260908,-49.99487820260908,2026-04-01 00:00:00+00:00,758,False,True
txn_0117099,2026-04-01 00:13:18+00:00,207.04,3.329726397659951e-05,-49.99488820403431,-49.99488820403431,2026-04-01 00:00:00+00:00,759,False,True
txn_0199828,2026-04-01 02:19:24+00:00,268.35,2.759375534205298e-05,-49.994917920109884,-49.994917920109884,2026-04-01 00:00:00+00:00,760,False,True
txn_0095430,2026-04-01 00:35:05+00:00,320.12,2.4099704076074946e-05,-49.99493761616178,-49.99493761616178,2026-04-01 00:00:00+00:00,761,False,True
txn_0201034,2026-04-01 04:48:37+00:00,611.72,1.418538284062255e-05,-49.99495198966234,-49.99495198966234,2026-04-01 00:00:00+00:00,762,False,True
txn_0144683,2026-04-01 05:55:44+00:00,475.1,1.7536780427460408e-05,-49.99495729878809,-49.99495729878809,2026-04-01 00:00:00+00:00,763,False,True
txn_0185290,2026-04-01 06:15:46+00:00,362.52,2.175859461950261e-05,-49.99496810740829,-49.99496810740829,2026-04-01 00:00:00+00:00,764,False,True
txn_0171501,2026-04-01 00:53:55+00:00,319.07,2.3985182505522246e-05,-49.9949742647837,-49.9949742647837,2026-04-01 00:00:00+00:00,765,False,True
txn_0165921,2026-04-01 04:41:39+00:00,175.87,3.6423661996404715e-05,-49.994975902182524,-49.994975902182524,2026-04-01 00:00:00+00:00,766,False,True
txn_0027861,2026-04-01 00:23:44+00:00,620.76,1.384134812811971e-05,-49.99501185496159,-49.99501185496159,2026-04-01 00:00:00+00:00,767,False,True
txn_0137987,2026-04-01 02:46:14+00:00,337.84,2.2600565339655766e-05,-49.99505228423584,-49.99505228423584,2026-04-01 00:00:00+00:00,768,False,True
txn_0188673,2026-04-01 02:02:33+00:00,269.76,2.6760023647670405e-05,-49.99505260682802,-49.99505260682802,2026-04-01 00:00:00+00:00,769,False,True
txn_0196212,2026-04-01 00:11:14+00:00,612.57,1.384134812811971e-05,-49.99506853528217,-49.99506853528217,2026-04-01 00:00:00+00:00,770,False,True
txn_0085744,2026-04-01 00:16:22+00:00,236.05,2.9246123149766546e-05,-49.995085920157756,-49.995085920157756,2026-04-01 00:00:00+00:00,771,False,True
txn_0199516,2026-04-01 04:42:54+00:00,451.26,1.7821888725979918e-05,-49.995087752810456,-49.995087752810456,2026-04-01 00:00:00+00:00,772,False,True
txn_0039909,2026-04-01 05:30:44+00:00,220.22,3.05779383988498e-05,-49.99510416628296,-49.99510416628296,2026-04-01 00:00:00+00:00,773,False,True
txn_0092446,2026-04-01 02:29:33+00:00,230.75,2.9467316565803652e-05,-49.99512684252293,-49.99512684252293,2026-04-01 00:00:00+00:00,774,False,True
txn_0193363,2026-04-01 02:02:39+00:00,237.1,2.8858248086754164e-05,-49.99513594228498,-49.99513594228498,2026-04-01 00:00:00+00:00,775,False,True
txn_0137767,2026-04-01 06:05:00+00:00,323.39,2.2876856483651175e-05,-49.9951570838667,-49.9951570838667,2026-04-01 00:00:00+00:00,776,False,True
txn_0071732,2026-04-01 01:13:16+00:00,303.89,2.396635110806406e-05,-49.99516011522549,-49.99516011522549,2026-04-01 00:00:00+00:00,777,False,True
txn_0170135,2026-04-01 00:15:05+00:00,256.35,2.7072624257375733e-05,-49.995176335172935,-49.995176335172935,2026-04-01 00:00:00+00:00,778,False,True
txn_0096646,2026-04-01 06:12:51+00:00,474.13,1.6762129580908215e-05,-49.99518817927186,-49.99518817927186,2026-04-01 00:00:00+00:00,779,False,True
txn_0156198,2026-04-01 05:18:15+00:00,721.37,1.1626778753376465e-05,-49.99522505636767,-49.99522505636767,2026-04-01 00:00:00+00:00,780,False,True
txn_0023129,2026-04-01 02:47:02+00:00,51.55,6.284396197347119e-05,-49.99523799878146,-49.99523799878146,2026-04-01 00:00:00+00:00,781,False,True
txn_0103618,2026-04-01 02:31:52+00:00,400.27,1.8971014755226505e-05,-49.995254685224204,-49.995254685224204,2026-04-01 00:00:00+00:00,782,False,True
txn_0004277,2026-04-01 06:26:58+00:00,642.69,1.2777428154559476e-05,-49.99525516594195,-49.99525516594195,2026-04-01 00:00:00+00:00,783,False,True
txn_0199016,2026-04-01 01:18:10+00:00,26.86,7.449017194595831e-05,-49.99527508839347,-49.99527508839347,2026-04-01 00:00:00+00:00,784,False,True
txn_0166228,2026-04-01 05:21:00+00:00,111.01,4.4782544176887185e-05,-49.99527521767662,-49.99527521767662,2026-04-01 00:00:00+00:00,785,False,True
txn_0197261,2026-04-01 02:01:27+00:00,260.03,2.620045821060358e-05,-49.995283524515216,-49.995283524515216,2026-04-01 00:00:00+00:00,786,False,True
txn_0108427,2026-04-01 04:24:38+00:00,210.49,3.0220607698437377e-05,-49.99530840175786,-49.99530840175786,2026-04-01 00:00:00+00:00,787,False,True
txn_0137965,2026-04-01 04:37:15+00:00,657.52,1.2375619085154585e-05,-49.9953126105153,-49.9953126105153,2026-04-01 00:00:00+00:00,788,False,True
txn_0038617,2026-04-01 01:39:17+00:00,327.04,2.1849334557315347e-05,-49.995334730085325,-49.995334730085325,2026-04-01 00:00:00+00:00,789,False,True
txn_0078112,2026-04-01 02:53:04+00:00,171.79,3.412507381256832e-05,-49.99536257309424,-49.99536257309424,2026-04-01 00:00:00+00:00,790,False,True
txn_0046183,2026-04-01 00:33:25+00:00,190.68,3.178956850247396e-05,-49.99537970411385,-49.99537970411385,2026-04-01 00:00:00+00:00,791,False,True
txn_0168913,2026-04-01 02:42:43+00:00,376.54,1.929054560122562e-05,-49.995403641699596,-49.995403641699596,2026-04-01 00:00:00+00:00,792,False,True
txn_0009572,2026-04-01 01:50:02+00:00,302.94,2.278630304186192e-05,-49.995409243526154,-49.995409243526154,2026-04-01 00:00:00+00:00,793,False,True
txn_0047849,2026-04-01 01:20:28+00:00,67.89,5.451338735116719e-05,-49.995423873698805,-49.995423873698805,2026-04-01 00:00:00+00:00,794,False,True
txn_0039473,2026-04-01 03:42:35+00:00,539.22,1.42610426324638e-05,-49.99544202816424,-49.99544202816424,2026-04-01 00:00:00+00:00,795,False,True
txn_0069955,2026-04-01 02:13:25+00:00,191.91,3.1226002540402535e-05,-49.99544240879922,-49.99544240879922,2026-04-01 00:00:00+00:00,796,False,True
txn_0011700,2026-04-01 05:24:26+00:00,244.8,2.6317830127162183e-05,-49.995462806086074,-49.995462806086074,2026-04-01 00:00:00+00:00,797,False,True
txn_0141711,2026-04-01 02:12:23+00:00,243.25,2.6415641079923766e-05,-49.99546641559965,-49.99546641559965,2026-04-01 00:00:00+00:00,798,False,True
txn_0087511,2026-04-01 00:24:32+00:00,209.2,2.9246123149766546e-05,-49.99547854936104,-49.99547854936104,2026-04-01 00:00:00+00:00,799,False,True
txn_0024232,2026-04-01 02:41:07+00:00,390.87,1.835318355703542e-05,-49.99549548639368,-49.99549548639368,2026-04-01 00:00:00+00:00,800,False,True
txn_0126045,2026-04-01 00:35:09+00:00,149.44,3.598780697858961e-05,-49.995511600713634,-49.995511600713634,2026-04-01 00:00:00+00:00,801,False,True
txn_0108642,2026-04-01 02:26:19+00:00,509.58,1.4724762000224522e-05,-49.99551203978995,-49.99551203978995,2026-04-01 00:00:00+00:00,802,False,True
txn_0034988,2026-04-01 03:29:38+00:00,312.68,2.1678199899588793e-05,-49.99552692023271,-49.99552692023271,2026-04-01 00:00:00+00:00,803,False,True
txn_0062374,2026-04-01 02:24:18+00:00,346.85,1.9991837569423603e-05,-49.995533323691056,-49.995533323691056,2026-04-01 00:00:00+00:00,804,False,True
txn_0137984,2026-04-01 03:22:21+00:00,314.98,2.1442775062831348e-05,-49.99555083860221,-49.99555083860221,2026-04-01 00:00:00+00:00,805,False,True
txn_0108424,2026-04-01 05:24:40+00:00,200.23,2.95900723452372e-05,-49.9955580862899,-49.9955580862899,2026-04-01 00:00:00+00:00,806,False,True
txn_0130989,2026-04-01 04:47:14+00:00,447.21,1.6176829450445077e-05,-49.99557393857821,-49.99557393857821,2026-04-01 00:00:00+00:00,807,False,True
txn_0114159,2026-04-01 02:39:21+00:00,778.11,1.0054410397522344e-05,-49.99558556084292,-49.99558556084292,2026-04-01 00:00:00+00:00,808,False,True
txn_0193771,2026-04-01 02:29:21+00:00,488.69,1.4912978589879358e-05,-49.99561043931696,-49.99561043931696,2026-04-01 00:00:00+00:00,809,False,True
txn_0194386,2026-04-01 00:04:28+00:00,334.72,2.0189038946231713e-05,-49.99561171049465,-49.99561171049465,2026-04-01 00:00:00+00:00,810,False,True
txn_0168912,2026-04-01 01:06:44+00:00,339.37,1.9896836154056083e-05,-49.99562896354949,-49.99562896354949,2026-04-01 00:00:00+00:00,811,False,True
txn_0000873,2026-04-01 00:09:12+00:00,211.52,2.7868150361016537e-05,-49.99565925689977,-49.99565925689977,2026-04-01 00:00:00+00:00,812,False,True
txn_0123080,2026-04-01 01:09:41+00:00,141.05,3.5938705289818275e-05,-49.99566848754494,-49.99566848754494,2026-04-01 00:00:00+00:00,813,False,True
txn_0039147,2026-04-01 06:12:57+00:00,487.68,1.468117953941821e-05,-49.995686082204145,-49.995686082204145,2026-04-01 00:00:00+00:00,814,False,True
txn_0163218,2026-04-01 00:47:47+00:00,318.8,2.0538965298058025e-05,-49.99569914066659,-49.99569914066659,2026-04-01 00:00:00+00:00,815,False,True
txn_0163855,2026-04-01 01:44:46+00:00,186.4,2.9888110733225882e-05,-49.995720022543004,-49.995720022543004,2026-04-01 00:00:00+00:00,816,False,True
txn_0010896,2026-04-01 04:54:24+00:00,329.96,1.981716465217905e-05,-49.99573970594308,-49.99573970594308,2026-04-01 00:00:00+00:00,817,False,True
txn_0185878,2026-04-01 05:03:16+00:00,415.74,1.6517359580879583e-05,-49.99574066848488,-49.99574066848488,2026-04-01 00:00:00+00:00,818,False,True
txn_0073366,2026-04-01 02:20:03+00:00,339.68,1.9368081606486998e-05,-49.99574212093963,-49.99574212093963,2026-04-01 00:00:00+00:00,819,False,True
txn_0107031,2026-04-01 02:19:19+00:00,244.45,2.453885834429237e-05,-49.99577379512166,-49.99577379512166,2026-04-01 00:00:00+00:00,820,False,True
txn_0097844,2026-04-01 06:37:43+00:00,362.16,1.8215547321404277e-05,-49.99579075132497,-49.99579075132497,2026-04-01 00:00:00+00:00,821,False,True
txn_0160251,2026-04-01 05:00:49+00:00,285.71,2.1806763145486818e-05,-49.99579445669358,-49.99579445669358,2026-04-01 00:00:00+00:00,822,False,True
txn_0088356,2026-04-01 05:59:41+00:00,1050.94,7.300829833030816e-06,-49.99579859145599,-49.99579859145599,2026-04-01 00:00:00+00:00,823,False,True
txn_0067568,2026-04-01 04:29:19+00:00,138.04,3.519480626758108e-05,-49.99581111415804,-49.99581111415804,2026-04-01 00:00:00+00:00,824,False,True
txn_0049205,2026-04-01 05:42:48+00:00,278.54,2.2125538725130938e-05,-49.9958122992855,-49.9958122992855,2026-04-01 00:00:00+00:00,825,False,True
txn_0147692,2026-04-01 05:34:37+00:00,161.19,3.201252893050466e-05,-49.995819323784325,-49.995819323784325,2026-04-01 00:00:00+00:00,826,False,True
txn_0170584,2026-04-01 03:56:07+00:00,258.96,2.314713938817532e-05,-49.99584555142261,-49.99584555142261,2026-04-01 00:00:00+00:00,827,False,True
txn_0012276,2026-04-01 04:10:00+00:00,386.51,1.7029054895844715e-05,-49.995857597251316,-49.995857597251316,2026-04-01 00:00:00+00:00,828,False,True
txn_0002754,2026-04-01 04:31:00+00:00,540.85,1.2921683247078681e-05,-49.99585956964555,-49.99585956964555,2026-04-01 00:00:00+00:00,829,False,True
txn_0174795,2026-04-01 00:22:27+00:00,328.68,1.9316313402844115e-05,-49.99585974138523,-49.99585974138523,2026-04-01 00:00:00+00:00,830,False,True
txn_0010164,2026-04-01 03:12:21+00:00,220.82,2.5743289406379816e-05,-49.99587051894632,-49.99587051894632,2026-04-01 00:00:00+00:00,831,False,True
txn_0088126,2026-04-01 03:56:33+00:00,257.06,2.293935584822536e-05,-49.99590463680042,-49.99590463680042,2026-04-01 00:00:00+00:00,832,False,True
txn_0020029,2026-04-01 01:40:47+00:00,185.1,2.8491061307094162e-05,-49.995938599210675,-49.995938599210675,2026-04-01 00:00:00+00:00,833,False,True
txn_0156085,2026-04-01 03:50:28+00:00,344.27,1.8204619459679777e-05,-49.99595611685633,-49.99595611685633,2026-04-01 00:00:00+00:00,834,False,True
txn_0182985,2026-04-01 04:03:56+00:00,206.58,2.6086545369772363e-05,-49.99600119346027,-49.99600119346027,2026-04-01 00:00:00+00:00,835,False,True
txn_0117644,2026-04-01 01:54:38+00:00,76.26,4.52819911674857e-05,-49.99600929811841,-49.99600929811841,2026-04-01 00:00:00+00:00,836,False,True
txn_0183508,2026-04-01 06:32:54+00:00,199.27,2.6530059467425116e-05,-49.99603017455159,-49.99603017455159,2026-04-01 00:00:00+00:00,837,False,True
txn_0019944,2026-04-01 01:25:43+00:00,226.9,2.426105543082089e-05,-49.99603453048984,-49.99603453048984,2026-04-01 00:00:00+00:00,838,False,True
txn_0099764,2026-04-01 05:02:27+00:00,282.33,2.065475043400857e-05,-49.99605153463329,-49.99605153463329,2026-04-01 00:00:00+00:00,839,False,True
txn_0106813,2026-04-01 04:24:52+00:00,384.25,1.629292594188847e-05,-49.99605507530632,-49.99605507530632,2026-04-01 00:00:00+00:00,840,False,True
txn_0018679,2026-04-01 04:33:18+00:00,201.97,2.6086545369772363e-05,-49.99606132294735,-49.99606132294735,2026-04-01 00:00:00+00:00,841,False,True
txn_0160013,2026-04-01 04:12:28+00:00,337.16,1.7975391876320442e-05,-49.99607093884367,-49.99607093884367,2026-04-01 00:00:00+00:00,842,False,True
txn_0058421,2026-04-01 00:52:15+00:00,171.12,2.877344669452124e-05,-49.9960994715661,-49.9960994715661,2026-04-01 00:00:00+00:00,843,False,True
txn_0018418,2026-04-01 05:57:34+00:00,312.81,1.8866056272042875e-05,-49.99610595165517,-49.99610595165517,2026-04-01 00:00:00+00:00,844,False,True
txn_0142707,2026-04-01 02:47:27+00:00,177.83,2.800421232675629e-05,-49.99610979484463,-49.99610979484463,2026-04-01 00:00:00+00:00,845,False,True
txn_0023950,2026-04-01 01:32:35+00:00,183.13,2.7085455532961032e-05,-49.99616564748747,-49.99616564748747,2026-04-01 00:00:00+00:00,846,False,True
txn_0168489,2026-04-01 05:17:50+00:00,195.01,2.597333433742475e-05,-49.99616880331856,-49.99616880331856,2026-04-01 00:00:00+00:00,847,False,True
txn_0099996,2026-04-01 01:22:47+00:00,214.63,2.426105543082089e-05,-49.9961833720649,-49.9961833720649,2026-04-01 00:00:00+00:00,848,False,True
txn_0109071,2026-04-01 03:07:32+00:00,336.96,1.7439569713737148e-05,-49.99618980280894,-49.99618980280894,2026-04-01 00:00:00+00:00,849,False,True
txn_0090244,2026-04-01 00:25:12+00:00,167.87,2.8421401470709607e-05,-49.99619337959402,-49.99619337959402,2026-04-01 00:00:00+00:00,850,False,True
txn_0088927,2026-04-01 00:02:51+00:00,153.76,2.9936011332840644e-05,-49.99620171888209,-49.99620171888209,2026-04-01 00:00:00+00:00,851,False,True
txn_0063735,2026-04-01 01:13:07+00:00,215.5,2.4063160922652973e-05,-49.99620403636445,-49.99620403636445,2026-04-01 00:00:00+00:00,852,False,True
txn_0021193,2026-04-01 05:12:59+00:00,169.96,2.807421392063889e-05,-49.99621054260499,-49.99621054260499,2026-04-01 00:00:00+00:00,853,False,True
txn_0121312,2026-04-01 02:24:04+00:00,224.52,2.3339027704339366e-05,-49.996213009364695,-49.996213009364695,2026-04-01 00:00:00+00:00,854,False,True
txn_0164764,2026-04-01 06:36:46+00:00,182.11,2.6801670701181987e-05,-49.99621949033925,-49.99621949033925,2026-04-01 00:00:00+00:00,855,False,True
txn_0171261,2026-04-01 02:45:49+00:00,190.53,2.6006769529004498e-05,-49.99622212662437,-49.99622212662437,2026-04-01 00:00:00+00:00,856,False,True
txn_0100299,2026-04-01 03:56:11+00:00,210.11,2.4324865259143773e-05,-49.996228308017244,-49.996228308017244,2026-04-01 00:00:00+00:00,857,False,True
txn_0055416,2026-04-01 03:13:34+00:00,257.73,2.0969820643600548e-05,-49.99624923303058,-49.99624923303058,2026-04-01 00:00:00+00:00,858,False,True
txn_0006385,2026-04-01 02:51:18+00:00,26.49,5.914885248359106e-05,-49.996259130824676,-49.996259130824676,2026-04-01 00:00:00+00:00,859,False,True
txn_0023337,2026-04-01 00:48:30+00:00,84.28,4.04889082338956e-05,-49.99626935199532,-49.99626935199532,2026-04-01 00:00:00+00:00,860,False,True
txn_0086987,2026-04-01 05:30:31+00:00,275.97,1.976189365603564e-05,-49.996285060421066,-49.996285060421066,2026-04-01 00:00:00+00:00,861,False,True
txn_0078108,2026-04-01 05:04:08+00:00,124.01,3.313786245774747e-05,-49.996288393715425,-49.996288393715425,2026-04-01 00:00:00+00:00,862,False,True
txn_0016240,2026-04-01 05:57:50+00:00,57.82,4.63485960879265e-05,-49.996342632282705,-49.996342632282705,2026-04-01 00:00:00+00:00,863,False,True
txn_0187029,2026-04-01 02:38:27+00:00,213.79,2.3117955784848652e-05,-49.99637290832714,-49.99637290832714,2026-04-01 00:00:00+00:00,864,False,True
txn_0157061,2026-04-01 04:12:47+00:00,225.18,2.2173880655776123e-05,-49.99639474874418,-49.99639474874418,2026-04-01 00:00:00+00:00,865,False,True
txn_0141709,2026-04-01 06:36:47+00:00,317.18,1.711312258423914e-05,-49.996430373760155,-49.996430373760155,2026-04-01 00:00:00+00:00,866,False,True
txn_0115514,2026-04-01 05:33:24+00:00,191.2,2.4448327760856647e-05,-49.996440323478026,-49.996440323478026,2026-04-01 00:00:00+00:00,867,False,True
txn_0101027,2026-04-01 01:17:05+00:00,225.63,2.179612433018863e-05,-49.99645126401718,-49.99645126401718,2026-04-01 00:00:00+00:00,868,False,True
txn_0149848,2026-04-01 06:19:43+00:00,341.2,1.606533643079817e-05,-49.99645598678337,-49.99645598678337,2026-04-01 00:00:00+00:00,869,False,True
txn_0059862,2026-04-01 01:03:24+00:00,139.14,2.9630489672367408e-05,-49.99645708234987,-49.99645708234987,2026-04-01 00:00:00+00:00,870,False,True
txn_0006710,2026-04-01 04:30:51+00:00,287.21,1.8283436640087833e-05,-49.996460235249295,-49.996460235249295,2026-04-01 00:00:00+00:00,871,False,True
txn_0075888,2026-04-01 00:20:19+00:00,279.81,1.8623982747974274e-05,-49.99646321255625,-49.99646321255625,2026-04-01 00:00:00+00:00,872,False,True
txn_0090243,2026-04-01 05:12:56+00:00,230.88,2.1325819161708094e-05,-49.99647185647789,-49.99647185647789,2026-04-01 00:00:00+00:00,873,False,True
txn_0145195,2026-04-01 03:29:33+00:00,445.1,1.2792597102113515e-05,-49.996513377659824,-49.996513377659824,2026-04-01 00:00:00+00:00,874,False,True
txn_0005599,2026-04-01 05:50:40+00:00,160.1,2.6632630784968446e-05,-49.99653642636642,-49.99653642636642,2026-04-01 00:00:00+00:00,875,False,True
txn_0088768,2026-04-01 06:19:05+00:00,300.23,1.7262811306787904e-05,-49.99654545251535,-49.99654545251535,2026-04-01 00:00:00+00:00,876,False,True
txn_0075062,2026-04-01 06:05:15+00:00,1283.99,4.988188897318027e-06,-49.996548198224005,-49.996548198224005,2026-04-01 00:00:00+00:00,877,False,True
txn_0138522,2026-04-01 01:47:35+00:00,216.45,2.179612433018863e-05,-49.99655130822786,-49.99655130822786,2026-04-01 00:00:00+00:00,878,False,True
txn_0123288,2026-04-01 02:05:20+00:00,133.28,2.9470700086198693e-05,-49.99656253754195,-49.99656253754195,2026-04-01 00:00:00+00:00,879,False,True
txn_0050492,2026-04-01 00:28:54+00:00,145.76,2.797401680662812e-05,-49.9965625528148,-49.9965625528148,2026-04-01 00:00:00+00:00,880,False,True
txn_0075061,2026-04-01 06:42:00+00:00,1153.91,5.482741056594057e-06,-49.99656256808087,-49.99656256808087,2026-04-01 00:00:00+00:00,881,False,True
txn_0088355,2026-04-01 05:54:28+00:00,1277.96,4.988188897318027e-06,-49.99656323761353,-49.99656323761353,2026-04-01 00:00:00+00:00,882,False,True
txn_0047247,2026-04-01 03:04:04+00:00,214.08,2.1698245496613365e-05,-49.99659250752722,-49.99659250752722,2026-04-01 00:00:00+00:00,883,False,True
txn_0104421,2026-04-01 05:37:38+00:00,539.66,1.0600721442291981e-05,-49.99660957126111,-49.99660957126111,2026-04-01 00:00:00+00:00,884,False,True
txn_0190705,2026-04-01 02:32:39+00:00,100.33,3.357354672838993e-05,-49.996637105691946,-49.996637105691946,2026-04-01 00:00:00+00:00,885,False,True
txn_0179423,2026-04-01 00:45:34+00:00,123.45,3.00283590042024e-05,-49.99664508159026,-49.99664508159026,2026-04-01 00:00:00+00:00,886,False,True
txn_0143050,2026-04-01 02:38:27+00:00,99.8,3.357354672838993e-05,-49.99664600268183,-49.99664600268183,2026-04-01 00:00:00+00:00,887,False,True
txn_0064495,2026-04-01 03:27:34+00:00,149.96,2.6755770813453177e-05,-49.99665606376373,-49.99665606376373,2026-04-01 00:00:00+00:00,888,False,True
txn_0206257,2026-04-01 06:39:21+00:00,496.92,1.0982469933897181e-05,-49.996722172023524,-49.996722172023524,2026-04-01 00:00:00+00:00,889,False,True
txn_0164163,2026-04-01 00:14:34+00:00,152.77,2.5551712077453917e-05,-49.99677064686909,-49.99677064686909,2026-04-01 00:00:00+00:00,890,False,True
txn_0016239,2026-04-01 00:58:22+00:00,76.89,3.630390370895794e-05,-49.99678910123646,-49.99678910123646,2026-04-01 00:00:00+00:00,891,False,True
txn_0008827,2026-04-01 01:13:32+00:00,117.91,2.9371143870427914e-05,-49.99679986701959,-49.99679986701959,2026-04-01 00:00:00+00:00,892,False,True
txn_0082126,2026-04-01 06:11:21+00:00,286.66,1.6523751204364705e-05,-49.99680546317966,-49.99680546317966,2026-04-01 00:00:00+00:00,893,False,True
txn_0035238,2026-04-01 02:50:33+00:00,175.97,2.3082502094094366e-05,-49.99681496094855,-49.99681496094855,2026-04-01 00:00:00+00:00,894,False,True
txn_0160700,2026-04-01 00:57:40+00:00,123.38,2.8419070207755608e-05,-49.99682587404849,-49.99682587404849,2026-04-01 00:00:00+00:00,895,False,True
txn_0023546,2026-04-01 05:53:55+00:00,269.04,1.710604865439396e-05,-49.99684359190229,-49.99684359190229,2026-04-01 00:00:00+00:00,896,False,True
txn_0118931,2026-04-01 04:29:40+00:00,471.05,1.1030340394547784e-05,-49.99685056205885,-49.99685056205885,2026-04-01 00:00:00+00:00,897,False,True
txn_0151993,2026-04-01 06:43:45+00:00,281.15,1.6523751204364705e-05,-49.99685098611423,-49.99685098611423,2026-04-01 00:00:00+00:00,898,False,True
txn_0105296,2026-04-01 06:10:15+00:00,495.13,1.0507718931854293e-05,-49.99687327061604,-49.99687327061604,2026-04-01 00:00:00+00:00,899,False,True
txn_0060110,2026-04-01 02:49:29+00:00,322.57,1.472053093929006e-05,-49.99688977262049,-49.99688977262049,2026-04-01 00:00:00+00:00,900,False,True
txn_0144464,2026-04-01 06:32:05+00:00,440.43,1.1425038209015892e-05,-49.99691278330035,-49.99691278330035,2026-04-01 00:00:00+00:00,901,False,True
txn_0196707,2026-04-01 02:36:44+00:00,317.0,1.472053093929006e-05,-49.996930769299155,-49.996930769299155,2026-04-01 00:00:00+00:00,902,False,True
txn_0114867,2026-04-01 02:43:38+00:00,279.56,1.6068154137525886e-05,-49.99695058570778,-49.99695058570778,2026-04-01 00:00:00+00:00,903,False,True
txn_0010443,2026-04-01 06:17:15+00:00,184.84,2.1354292305231166e-05,-49.99695872168989,-49.99695872168989,2026-04-01 00:00:00+00:00,904,False,True
txn_0077807,2026-04-01 05:38:15+00:00,563.76,9.158220847031795e-06,-49.99696056966528,-49.99696056966528,2026-04-01 00:00:00+00:00,905,False,True
txn_0097440,2026-04-01 04:43:26+00:00,191.5,2.0314343539455278e-05,-49.99703918442913,-49.99703918442913,2026-04-01 00:00:00+00:00,906,False,True
txn_0173366,2026-04-01 04:34:10+00:00,166.67,2.220317442215476e-05,-49.997039539738424,-49.997039539738424,2026-04-01 00:00:00+00:00,907,False,True
txn_0159643,2026-04-01 05:34:41+00:00,219.01,1.8486866576822035e-05,-49.997051252346665,-49.997051252346665,2026-04-01 00:00:00+00:00,908,False,True
txn_0136514,2026-04-01 04:36:11+00:00,373.66,1.2416195265382301e-05,-49.9970594724753,-49.9970594724753,2026-04-01 00:00:00+00:00,909,False,True
txn_0027867,2026-04-01 03:01:38+00:00,559.9,8.909889996653182e-06,-49.997060181795604,-49.997060181795604,2026-04-01 00:00:00+00:00,910,False,True
txn_0184715,2026-04-01 03:40:03+00:00,156.68,2.2903660549180194e-05,-49.99706054420513,-49.99706054420513,2026-04-01 00:00:00+00:00,911,False,True
txn_0145990,2026-04-01 01:42:39+00:00,135.29,2.4716585743254696e-05,-49.997092217270236,-49.997092217270236,2026-04-01 00:00:00+00:00,912,False,True
txn_0097075,2026-04-01 03:37:29+00:00,166.09,2.1804411906810215e-05,-49.997099032017864,-49.997099032017864,2026-04-01 00:00:00+00:00,913,False,True
txn_0084985,2026-04-01 04:50:13+00:00,180.36,2.0579795691171708e-05,-49.99711512424001,-49.99711512424001,2026-04-01 00:00:00+00:00,914,False,True
txn_0094403,2026-04-01 00:14:02+00:00,401.65,1.1485175496302418e-05,-49.997119230856136,-49.997119230856136,2026-04-01 00:00:00+00:00,915,False,True
txn_0206796,2026-04-01 00:57:28+00:00,95.94,2.9001316253945248e-05,-49.9971587410466,-49.9971587410466,2026-04-01 00:00:00+00:00,916,False,True
txn_0138527,2026-04-01 03:22:23+00:00,306.72,1.3911459351025781e-05,-49.997170965626374,-49.997170965626374,2026-04-01 00:00:00+00:00,917,False,True
txn_0080294,2026-04-01 00:43:52+00:00,75.77,3.212192965139816e-05,-49.997176964212585,-49.997176964212585,2026-04-01 00:00:00+00:00,918,False,True
txn_0077994,2026-04-01 01:37:06+00:00,309.0,1.3800342944319486e-05,-49.99717782986789,-49.99717782986789,2026-04-01 00:00:00+00:00,919,False,True
txn_0086876,2026-04-01 04:33:06+00:00,242.53,1.643709447708206e-05,-49.997184901014386,-49.997184901014386,2026-04-01 00:00:00+00:00,920,False,True
txn_0003986,2026-04-01 01:25:42+00:00,156.1,2.197985891650336e-05,-49.99718547906574,-49.99718547906574,2026-04-01 00:00:00+00:00,921,False,True
txn_0136077,2026-04-01 06:25:27+00:00,579.14,8.275736639165676e-06,-49.99718980810943,-49.99718980810943,2026-04-01 00:00:00+00:00,922,False,True
txn_0091761,2026-04-01 01:30:24+00:00,249.59,1.6068154137525886e-05,-49.997191366997534,-49.997191366997534,2026-04-01 00:00:00+00:00,923,False,True
txn_0030947,2026-04-01 03:55:50+00:00,284.03,1.4425673343230018e-05,-49.997230054333,-49.997230054333,2026-04-01 00:00:00+00:00,924,False,True
txn_0204971,2026-04-01 02:28:50+00:00,152.57,2.1904415877691926e-05,-49.99723380084088,-49.99723380084088,2026-04-01 00:00:00+00:00,925,False,True
txn_0125354,2026-04-01 02:47:32+00:00,256.89,1.5449454868688275e-05,-49.99724312202596,-49.99724312202596,2026-04-01 00:00:00+00:00,926,False,True
txn_0064496,2026-04-01 05:52:20+00:00,133.29,2.3613441105250568e-05,-49.99724561016228,-49.99724561016228,2026-04-01 00:00:00+00:00,927,False,True
txn_0095432,2026-04-01 01:03:26+00:00,359.49,1.1926458333587604e-05,-49.99725995583015,-49.99725995583015,2026-04-01 00:00:00+00:00,928,False,True
txn_0007734,2026-04-01 02:33:50+00:00,131.31,2.3574972206454886e-05,-49.99727343658946,-49.99727343658946,2026-04-01 00:00:00+00:00,929,False,True
txn_0167214,2026-04-01 01:59:57+00:00,145.55,2.197985891650336e-05,-49.99730142282152,-49.99730142282152,2026-04-01 00:00:00+00:00,930,False,True
txn_0096853,2026-04-01 04:13:57+00:00,88.32,2.8267754476902024e-05,-49.99733830823845,-49.99733830823845,2026-04-01 00:00:00+00:00,931,False,True
txn_0004414,2026-04-01 04:21:40+00:00,359.57,1.124347387322785e-05,-49.99741641835604,-49.99741641835604,2026-04-01 00:00:00+00:00,932,False,True
txn_0177693,2026-04-01 01:54:16+00:00,76.79,2.920458677095575e-05,-49.99741846055238,-49.99741846055238,2026-04-01 00:00:00+00:00,933,False,True
txn_0053643,2026-04-01 02:44:32+00:00,154.6,2.019220243271645e-05,-49.997429532630306,-49.997429532630306,2026-04-01 00:00:00+00:00,934,False,True
txn_0161191,2026-04-01 06:30:14+00:00,320.58,1.2118794054120869e-05,-49.99745153879836,-49.99745153879836,2026-04-01 00:00:00+00:00,935,False,True
txn_0210439,2026-04-01 01:34:26+00:00,111.5,2.3967238610348706e-05,-49.997465464516964,-49.997465464516964,2026-04-01 00:00:00+00:00,936,False,True
txn_0099218,2026-04-01 00:37:03+00:00,100.04,2.5138743589638382e-05,-49.997485622866165,-49.997485622866165,2026-04-01 00:00:00+00:00,937,False,True
txn_0075356,2026-04-01 05:52:38+00:00,149.08,2.0166242496529577e-05,-49.99748849615948,-49.99748849615948,2026-04-01 00:00:00+00:00,938,False,True
txn_0007735,2026-04-01 06:02:15+00:00,196.27,1.688128497621887e-05,-49.99749929085005,-49.99749929085005,2026-04-01 00:00:00+00:00,939,False,True
txn_0209658,2026-04-01 06:17:50+00:00,146.54,2.0166242496529577e-05,-49.99751410728745,-49.99751410728745,2026-04-01 00:00:00+00:00,940,False,True
txn_0082769,2026-04-01 04:37:15+00:00,348.17,1.107325259731311e-05,-49.997518650191736,-49.997518650191736,2026-04-01 00:00:00+00:00,941,False,True
txn_0106547,2026-04-01 06:41:31+00:00,142.2,2.0362891098166893e-05,-49.99753405388801,-49.99753405388801,2026-04-01 00:00:00+00:00,942,False,True
txn_0053350,2026-04-01 06:32:01+00:00,563.01,7.41872265030221e-06,-49.997540656347816,-49.997540656347816,2026-04-01 00:00:00+00:00,943,False,True
txn_0160194,2026-04-01 02:11:04+00:00,408.09,9.527472558978797e-06,-49.99757959323376,-49.99757959323376,2026-04-01 00:00:00+00:00,944,False,True
txn_0001313,2026-04-01 02:31:20+00:00,127.9,2.0853773389413924e-05,-49.99762371252228,-49.99762371252228,2026-04-01 00:00:00+00:00,945,False,True
txn_0077993,2026-04-01 01:48:48+00:00,383.32,9.771918491250701e-06,-49.9976385181774,-49.9976385181774,2026-04-01 00:00:00+00:00,946,False,True
txn_0073675,2026-04-01 05:12:54+00:00,172.65,1.695020004945077e-05,-49.99768926397826,-49.99768926397826,2026-04-01 00:00:00+00:00,947,False,True
txn_0116664,2026-04-01 03:46:36+00:00,106.49,2.2210773403189628e-05,-49.99770684869999,-49.99770684869999,2026-04-01 00:00:00+00:00,948,False,True
txn_0151843,2026-04-01 03:05:59+00:00,85.77,2.416039777670838e-05,-49.99775586145251,-49.99775586145251,2026-04-01 00:00:00+00:00,949,False,True
txn_0053215,2026-04-01 02:14:24+00:00,84.72,2.416039777670838e-05,-49.997768545661344,-49.997768545661344,2026-04-01 00:00:00+00:00,950,False,True
txn_0016459,2026-04-01 02:57:52+00:00,103.89,2.155039396579413e-05,-49.99780304508715,-49.99780304508715,2026-04-01 00:00:00+00:00,951,False,True
txn_0066558,2026-04-01 01:10:52+00:00,17.42,3.680891637842452e-05,-49.99783894851942,-49.99783894851942,2026-04-01 00:00:00+00:00,952,False,True
txn_0129767,2026-04-01 06:06:40+00:00,209.84,1.383222284209821e-05,-49.997857112037295,-49.997857112037295,2026-04-01 00:00:00+00:00,953,False,True
txn_0113552,2026-04-01 04:32:46+00:00,440.72,7.879115106786392e-06,-49.99786980243972,-49.99786980243972,2026-04-01 00:00:00+00:00,954,False,True
txn_0108665,2026-04-01 03:10:31+00:00,78.95,2.3661477336623976e-05,-49.997882889315306,-49.997882889315306,2026-04-01 00:00:00+00:00,955,False,True
txn_0035237,2026-04-01 05:53:40+00:00,223.86,1.3033896985835706e-05,-49.99788942106109,-49.99788942106109,2026-04-01 00:00:00+00:00,956,False,True
txn_0158016,2026-04-01 05:15:36+00:00,129.19,1.8151093461789932e-05,-49.997919975444745,-49.997919975444745,2026-04-01 00:00:00+00:00,957,False,True
txn_0170134,2026-04-01 06:28:44+00:00,196.95,1.355319664532752e-05,-49.99798768912809,-49.99798768912809,2026-04-01 00:00:00+00:00,958,False,True
txn_0190182,2026-04-01 03:30:05+00:00,123.22,1.755073612869605e-05,-49.99804116234068,-49.99804116234068,2026-04-01 00:00:00+00:00,959,False,True
txn_0085743,2026-04-01 04:04:23+00:00,272.76,1.0462621644345023e-05,-49.998049976577924,-49.998049976577924,2026-04-01 00:00:00+00:00,960,False,True
txn_0063541,2026-04-01 03:15:46+00:00,119.24,1.755073612869605e-05,-49.998076088305574,-49.998076088305574,2026-04-01 00:00:00+00:00,961,False,True
txn_0105119,2026-04-01 02:01:39+00:00,151.36,1.5186423260459735e-05,-49.99809137032462,-49.99809137032462,2026-04-01 00:00:00+00:00,962,False,True
txn_0015711,2026-04-01 05:50:48+00:00,95.51,1.9231024996976473e-05,-49.99812007115142,-49.99812007115142,2026-04-01 00:00:00+00:00,963,False,True
txn_0014739,2026-04-01 04:35:35+00:00,381.59,7.775748562830175e-06,-49.99812763862481,-49.99812763862481,2026-04-01 00:00:00+00:00,964,False,True
txn_0160702,2026-04-01 06:19:32+00:00,119.17,1.6805946925637412e-05,-49.998158320306146,-49.998158320306146,2026-04-01 00:00:00+00:00,965,False,True
txn_0090245,2026-04-01 06:40:46+00:00,220.84,1.1141934450991512e-05,-49.99821261087538,-49.99821261087538,2026-04-01 00:00:00+00:00,966,False,True
txn_0084987,2026-04-01 06:38:35+00:00,159.12,1.330209783504401e-05,-49.99827658020449,-49.99827658020449,2026-04-01 00:00:00+00:00,967,False,True
txn_0138867,2026-04-01 04:54:07+00:00,125.38,1.5202914329138753e-05,-49.99828678358425,-49.99828678358425,2026-04-01 00:00:00+00:00,968,False,True
txn_0062696,2026-04-01 00:18:41+00:00,227.2,1.0437233823353232e-05,-49.998292468546495,-49.998292468546495,2026-04-01 00:00:00+00:00,969,False,True
txn_0077995,2026-04-01 02:29:07+00:00,383.51,6.956955129718117e-06,-49.998318121312614,-49.998318121312614,2026-04-01 00:00:00+00:00,970,False,True
txn_0053642,2026-04-01 04:38:18+00:00,175.4,1.2102388422495955e-05,-49.998333501114224,-49.998333501114224,2026-04-01 00:00:00+00:00,971,False,True
txn_0200278,2026-04-01 05:38:10+00:00,71.6,1.9062519846418792e-05,-49.99836443579718,-49.99836443579718,2026-04-01 00:00:00+00:00,972,False,True
txn_0169632,2026-04-01 04:19:37+00:00,56.49,2.0740403068393008e-05,-49.99837716716191,-49.99837716716191,2026-04-01 00:00:00+00:00,973,False,True
txn_0108662,2026-04-01 06:18:35+00:00,111.46,1.5163949102297695e-05,-49.998396715661414,-49.998396715661414,2026-04-01 00:00:00+00:00,974,False,True
txn_0190181,2026-04-01 05:50:24+00:00,106.29,1.5491514900800526e-05,-49.998402127695556,-49.998402127695556,2026-04-01 00:00:00+00:00,975,False,True
txn_0211738,2026-04-01 01:14:43+00:00,243.63,9.258893451390815e-06,-49.998409183221646,-49.998409183221646,2026-04-01 00:00:00+00:00,976,False,True
txn_0134607,2026-04-01 06:10:07+00:00,369.86,6.674483720517299e-06,-49.99843196353954,-49.99843196353954,2026-04-01 00:00:00+00:00,977,False,True
txn_0120925,2026-04-01 04:20:37+00:00,444.34,5.740919393027198e-06,-49.9984374939688,-49.9984374939688,2026-04-01 00:00:00+00:00,978,False,True
txn_0019718,2026-04-01 05:47:26+00:00,92.15,1.5548417181239716e-05,-49.998506185819316,-49.998506185819316,2026-04-01 00:00:00+00:00,979,False,True
txn_0056888,2026-04-01 03:17:04+00:00,320.23,6.8399252627828015e-06,-49.99856282910341,-49.99856282910341,2026-04-01 00:00:00+00:00,980,False,True
txn_0066500,2026-04-01 05:28:28+00:00,495.1,4.817360766865249e-06,-49.998566594303824,-49.998566594303824,2026-04-01 00:00:00+00:00,981,False,True
txn_0147341,2026-04-01 03:01:05+00:00,306.97,6.432674242666431e-06,-49.99869104728173,-49.99869104728173,2026-04-01 00:00:00+00:00,982,False,True
txn_0095434,2026-04-01 04:57:54+00:00,213.75,8.126160223154048e-06,-49.99872520861499,-49.99872520861499,2026-04-01 00:00:00+00:00,983,False,True
txn_0007137,2026-04-01 06:36:38+00:00,321.83,5.952564107981467e-06,-49.99874451494117,-49.99874451494117,2026-04-01 00:00:00+00:00,984,False,True
txn_0064492,2026-04-01 05:05:46+00:00,178.56,8.531908875894904e-06,-49.998811675731766,-49.998811675731766,2026-04-01 00:00:00+00:00,985,False,True
txn_0063734,2026-04-01 04:13:46+00:00,240.89,6.7224207950546094e-06,-49.99885419698759,-49.99885419698759,2026-04-01 00:00:00+00:00,986,False,True
txn_0023130,2026-04-01 04:29:54+00:00,67.18,1.340952646269091e-05,-49.99887909768298,-49.99887909768298,2026-04-01 00:00:00+00:00,987,False,True
txn_0031589,2026-04-01 06:17:14+00:00,173.66,7.99636593438282e-06,-49.9989058572492,-49.9989058572492,2026-04-01 00:00:00+00:00,988,False,True
txn_0089905,2026-04-01 06:06:03+00:00,229.41,6.284594608952545e-06,-49.99896489584493,-49.99896489584493,2026-04-01 00:00:00+00:00,989,False,True
txn_0167809,2026-04-01 04:51:06+00:00,168.02,7.5088477978259415e-06,-49.998993739306606,-49.998993739306606,2026-04-01 00:00:00+00:00,990,False,True
txn_0183506,2026-04-01 00:13:46+00:00,230.76,5.965790136949417e-06,-49.99901337762716,-49.99901337762716,2026-04-01 00:00:00+00:00,991,False,True
txn_0046181,2026-04-01 04:20:35+00:00,201.17,6.329419456448985e-06,-49.999046884371154,-49.999046884371154,2026-04-01 00:00:00+00:00,992,False,True
txn_0111768,2026-04-01 04:59:07+00:00,267.83,4.837829218561567e-06,-49.99911025063926,-49.99911025063926,2026-04-01 00:00:00+00:00,993,False,True
txn_0124257,2026-04-01 05:04:16+00:00,124.93,7.43567693811541e-06,-49.99916374659316,-49.99916374659316,2026-04-01 00:00:00+00:00,994,False,True
txn_0136515,2026-04-01 04:48:42+00:00,386.91,3.3186311667007665e-06,-49.999192062649314,-49.999192062649314,2026-04-01 00:00:00+00:00,995,False,True
txn_0030948,2026-04-01 04:12:43+00:00,344.51,3.5704761891590057e-06,-49.99920644381458,-49.99920644381458,2026-04-01 00:00:00+00:00,996,False,True
txn_0091762,2026-04-01 05:42:56+00:00,263.88,4.257382332701265e-06,-49.99922541185839,-49.99922541185839,2026-04-01 00:00:00+00:00,997,False,True
txn_0184713,2026-04-01 04:43:48+00:00,172.01,5.645418842777377e-06,-49.99923219481029,-49.99923219481029,2026-04-01 00:00:00+00:00,998,False,True
txn_0080296,2026-04-01 04:30:21+00:00,85.14,5.653146639620149e-06,-49.99947668821557,-49.99947668821557,2026-04-01 00:00:00+00:00,999,False,True
txn_0199021,2026-04-01 04:39:58+00:00,130.33,2.9490241809665354e-06,-49.9996603756302,-49.9996603756302,2026-04-01 00:00:00+00:00,1000,False,True
