transaction_id,customer_id,merchant_id,merchant_category,timestamp,amount,device_id,geo_region,payment_method,status,account_created
txn_0096305,cust_00987,merch_0171,food_delivery,2026-04-01 00:00:08,357.11,dev_56101b342d,region_21,netbanking,success,2025-10-23
txn_0073186,cust_00763,merch_0023,food_delivery,2026-04-01 00:00:44,355.19,dev_de2bdd14b7,region_13,upi,success,2026-03-22
txn_0182519,cust_01892,merch_0085,travel,2026-04-01 00:01:04,2130.07,dev_9f0c59f9a5,region_20,upi,success,2026-03-06
txn_0112826,cust_01164,merch_0075,travel,2026-04-01 00:01:07,962.3,dev_a28a9c1109,region_09,netbanking,failed,2026-01-27
txn_0016764,cust_00182,merch_0164,travel,2026-04-01 00:01:26,1357.02,dev_367e16386a,region_05,netbanking,success,2026-03-06
txn_0055021,cust_00572,merch_0155,travel,2026-04-01 00:01:47,1566.42,dev_1ba8cfcc5f,region_17,card,success,2025-11-16
txn_0203409,cust_02108,merch_0020,digital_goods,2026-04-01 00:01:51,1997.38,dev_d26736e6ca,region_03,card,success,2025-11-04
txn_0060746,cust_00631,merch_0098,electronics,2026-04-01 00:02:42,914.92,dev_1b4cbfa573,region_02,card,success,2023-03-20
txn_0088927,cust_00918,merch_0016,fashion,2026-04-01 00:02:51,153.76,dev_a9394a5cd2,region_22,upi,success,2025-06-19
txn_0139368,cust_01449,merch_0176,electronics,2026-04-01 00:02:55,401.29,dev_22252d97a8,region_11,card,success,2025-12-16
txn_0200016,cust_02068,merch_0114,food_delivery,2026-04-01 00:03:01,1152.1,dev_f9f6108007,region_11,upi,success,2026-02-14
txn_0169271,cust_01755,merch_0167,electronics,2026-04-01 00:04:03,707.1,dev_f8f813a0e9,region_01,card,success,2025-12-17
txn_0072570,cust_00755,merch_0010,food_delivery,2026-04-01 00:04:12,676.01,dev_2e0ca6aa0b,region_19,card,success,2025-03-22
txn_0031968,cust_00334,merch_0101,digital_goods,2026-04-01 00:04:20,413.22,dev_01ceee7f0d,region_15,card,failed,2026-02-10
txn_0194386,cust_02014,merch_0070,home_goods,2026-04-01 00:04:28,334.72,dev_f8a44a0c56,region_19,upi,success,2026-01-04
txn_0173915,cust_01805,merch_0111,digital_goods,2026-04-01 00:05:17,1058.47,dev_e706c6f799,region_07,card,success,2025-04-04
txn_0107492,cust_01111,merch_0068,travel,2026-04-01 00:05:40,1098.6,dev_7673f45371,region_13,card,success,2026-02-15
txn_0063250,cust_00657,merch_0004,digital_goods,2026-04-01 00:06:03,929.19,dev_da9e87a70d,region_15,card,success,2025-07-15
txn_0186476,cust_01941,merch_0175,groceries,2026-04-01 00:06:26,384.08,dev_a19d1040db,region_11,card,success,2025-07-09
txn_0114065,cust_01176,merch_0097,electronics,2026-04-01 00:06:58,795.93,dev_6d903ae3a1,region_12,netbanking,success,2025-12-15
txn_0096062,cust_00984,merch_0074,travel,2026-04-01 00:06:59,666.24,dev_f745a6ac30,region_14,netbanking,success,2025-07-22
txn_0157626,cust_01629,merch_0034,home_goods,2026-04-01 00:08:17,712.68,dev_837db7f3f8,region_24,netbanking,success,2025-03-09
txn_0051755,cust_00537,merch_0155,travel,2026-04-01 00:08:41,1444.23,dev_ec18fdf949,region_15,upi,success,2026-01-10
txn_0124386,cust_01289,merch_0000,travel,2026-04-01 00:09:02,1291.55,dev_eed79abb68,region_13,upi,success,2025-12-09
txn_0141981,cust_01475,merch_0069,electronics,2026-04-01 00:09:02,1018.96,dev_49a471af72,region_16,card,success,2025-01-21
txn_0133869,cust_01392,merch_0090,home_goods,2026-04-01 00:09:08,866.63,dev_268e41c8c3,region_02,card,success,2025-07-13
txn_0000873,cust_00009,merch_0096,digital_goods,2026-04-01 00:09:12,211.52,dev_c5b5464c6f,region_14,upi,failed,2025-01-09
txn_0092027,cust_00944,merch_0170,electronics,2026-04-01 00:09:30,483.31,dev_9fd6d5ca97,region_08,netbanking,success,2024-10-27
txn_0157627,cust_01629,merch_0160,electronics,2026-04-01 00:10:24,643.47,dev_837db7f3f8,region_24,card,success,2025-03-09
txn_0183507,cust_01905,merch_0158,groceries,2026-04-01 00:10:36,205.72,dev_335e3fc1ef,region_05,card,success,2026-03-14
txn_0196212,cust_02030,merch_0113,food_delivery,2026-04-01 00:11:14,612.57,dev_05d42eea92,region_24,upi,success,2024-03-02
txn_0047624,cust_00490,merch_0159,electronics,2026-04-01 00:11:30,2496.49,dev_95927019a8,region_06,netbanking,success,2024-05-22
txn_0028707,cust_00304,merch_0100,groceries,2026-04-01 00:11:58,280.1,dev_b911b41cab,region_21,card,success,2024-12-23
txn_0206401,cust_02139,merch_0107,groceries,2026-04-01 00:12:15,22.72,dev_031ece3c92,region_12,upi,success,2026-02-15
txn_0165411,cust_01713,merch_0140,food_delivery,2026-04-01 00:12:18,26.07,dev_ed7e3c1005,region_04,upi,success,2025-10-21
txn_0118781,cust_01219,merch_0069,electronics,2026-04-01 00:12:22,522.5,dev_b4c55ede2b,region_02,upi,success,2026-03-04
txn_0168974,cust_01750,merch_0145,digital_goods,2026-04-01 00:13:01,525.74,dev_fa5c11e34f,region_21,card,success,2026-03-07
txn_0117099,cust_01203,merch_0139,digital_goods,2026-04-01 00:13:18,207.04,dev_47f9b63cd2,region_03,card,success,2025-02-05
txn_0070127,cust_00728,merch_0004,digital_goods,2026-04-01 00:13:34,1078.41,dev_d5cd7c4a8b,region_14,card,success,2026-01-02
txn_0183506,cust_01905,merch_0033,home_goods,2026-04-01 00:13:46,230.76,dev_335e3fc1ef,region_05,upi,success,2026-03-14
txn_0165414,cust_01713,merch_0058,fashion,2026-04-01 00:13:58,406.64,dev_ed7e3c1005,region_04,card,failed,2025-10-21
txn_0094403,cust_00969,merch_0088,groceries,2026-04-01 00:14:02,401.65,dev_a22d9fb06e,region_04,netbanking,success,2024-01-26
txn_0164163,cust_01703,merch_0091,travel,2026-04-01 00:14:34,152.77,dev_d1d9c66c00,region_02,upi,success,2025-03-27
txn_0170135,cust_01766,merch_0064,food_delivery,2026-04-01 00:15:05,256.35,dev_c5a7e4c8f0,region_11,upi,success,2024-12-02
txn_0138361,cust_01438,merch_0093,groceries,2026-04-01 00:15:15,1148.32,dev_258c21bcdd,region_10,upi,success,2025-08-05
txn_0085744,cust_00879,merch_0099,fashion,2026-04-01 00:16:22,236.05,dev_c7eea2fd8c,region_11,card,success,2026-03-02
txn_0190095,cust_01971,merch_0105,fashion,2026-04-01 00:16:32,593.85,dev_a8bb4d1cfd,region_21,upi,failed,2024-08-05
txn_0085178,cust_00874,merch_0159,electronics,2026-04-01 00:16:51,1575.82,dev_c1e814df6f,region_23,upi,success,2025-06-02
txn_0165413,cust_01713,merch_0178,travel,2026-04-01 00:16:53,132.46,dev_ed7e3c1005,region_04,card,success,2025-10-21
txn_0182644,cust_01893,merch_0068,travel,2026-04-01 00:17:36,1042.0,dev_64b428c03f,region_10,upi,success,2026-03-14
txn_0066254,cust_00688,merch_0177,fashion,2026-04-01 00:18:34,613.91,dev_dd5cebbb4b,region_16,card,success,2025-06-26
txn_0062696,cust_00648,merch_0159,electronics,2026-04-01 00:18:41,227.2,dev_f20e44ffaa,region_13,card,success,2023-08-10
txn_0171695,cust_01785,merch_0157,travel,2026-04-01 00:18:42,1871.26,dev_148a08edf7,region_02,card,success,2026-01-07
txn_0075888,cust_00788,merch_0127,groceries,2026-04-01 00:20:19,279.81,dev_988bedcc39,region_09,upi,success,2024-09-15
txn_0183931,cust_01911,merch_0027,digital_goods,2026-04-01 00:21:02,11256.68,dev_52441e2158,region_04,card,success,2025-06-29
txn_0022207,cust_00235,merch_0000,travel,2026-04-01 00:21:05,411.12,dev_7a0edd7e04,region_05,upi,success,2025-10-18
txn_0156521,cust_01617,merch_0118,groceries,2026-04-01 00:21:21,1266.08,dev_411075607c,region_10,upi,success,2025-12-12
txn_0152876,cust_01582,merch_0141,electronics,2026-04-01 00:21:43,1001.3,dev_2f7c3e4e67,region_02,card,success,2025-04-22
txn_0196542,cust_02033,merch_0007,electronics,2026-04-01 00:22:25,392.72,dev_f80202a923,region_09,upi,success,2024-11-14
txn_0155809,cust_01606,merch_0067,travel,2026-04-01 00:22:26,934.29,dev_24d0b570c4,region_16,card,success,2026-02-16
txn_0174795,cust_01813,merch_0010,food_delivery,2026-04-01 00:22:27,328.68,dev_35cda3397b,region_13,card,success,2025-12-30
txn_0136709,cust_01425,merch_0112,electronics,2026-04-01 00:22:35,2935.9,dev_04ddffa76a,region_08,upi,success,2025-11-02
txn_0134382,cust_01400,merch_0084,home_goods,2026-04-01 00:22:36,1137.07,dev_001843f684,region_05,upi,success,2025-08-30
txn_0211128,cust_02182,merch_0015,food_delivery,2026-04-01 00:22:37,2164.61,dev_79dd4a078f,region_06,upi,success,2026-02-02
txn_0084733,cust_00870,merch_0041,digital_goods,2026-04-01 00:22:41,726.91,dev_ac98b7e92d,region_06,netbanking,success,2025-12-14
txn_0127827,cust_01325,merch_0084,home_goods,2026-04-01 00:23:04,1106.0,dev_3d6cafa599,region_06,upi,success,2025-07-06
txn_0140819,cust_01465,merch_0111,digital_goods,2026-04-01 00:23:05,2088.92,dev_d0c2946a25,region_18,netbanking,success,2025-06-24
txn_0109069,cust_01125,merch_0026,digital_goods,2026-04-01 00:23:12,358.88,dev_b8f5282fb6,region_23,upi,success,2025-11-27
txn_0008537,cust_00094,merch_0032,digital_goods,2026-04-01 00:23:34,981.6,dev_1fb5614ca3,region_23,card,success,2025-11-07
txn_0027861,cust_00298,merch_0009,travel,2026-04-01 00:23:44,620.76,dev_12e00206f8,region_02,upi,success,2024-02-20
txn_0087511,cust_00900,merch_0095,digital_goods,2026-04-01 00:24:32,209.2,dev_cdb82e07d0,region_03,card,success,2026-03-03
txn_0090244,cust_00931,merch_0045,home_goods,2026-04-01 00:25:12,167.87,dev_0830874aea,region_12,card,success,2026-02-23
txn_0150287,cust_01553,merch_0134,electronics,2026-04-01 00:25:48,1514.57,dev_10e70bb1ba,region_07,upi,success,2026-02-28
txn_0136203,cust_01420,merch_0146,food_delivery,2026-04-01 00:26:21,2508.98,dev_15a6d806bb,region_04,upi,success,2026-03-07
txn_0176470,cust_01830,merch_0065,food_delivery,2026-04-01 00:26:36,1042.2,dev_c5a9e47f4f,region_06,card,success,2025-09-16
txn_0159312,cust_01654,merch_0007,electronics,2026-04-01 00:26:59,2686.73,dev_fa717a34a0,region_13,netbanking,success,2024-09-08
txn_0091601,cust_00938,merch_0032,digital_goods,2026-04-01 00:27:01,4048.1,dev_21286969ab,region_06,card,failed,2025-05-26
txn_0203965,cust_02115,merch_0132,groceries,2026-04-01 00:27:15,391.55,dev_1904f37c00,region_05,card,success,2026-03-16
txn_0205072,cust_02124,merch_0146,food_delivery,2026-04-01 00:27:23,325.14,dev_34437a4e1b,region_24,wallet,success,2025-07-10
txn_0050492,cust_00523,merch_0107,groceries,2026-04-01 00:28:54,145.76,dev_ba94c710ce,region_04,card,success,2026-01-16
txn_0004417,cust_00044,merch_0010,food_delivery,2026-04-01 00:29:04,350.42,dev_a4f22e4a2f,region_24,card,success,2026-02-20
txn_0182910,cust_01895,merch_0026,digital_goods,2026-04-01 00:29:07,865.26,dev_532fe1689d,region_15,card,success,2022-06-09
txn_0102667,cust_01060,merch_0125,fashion,2026-04-01 00:29:33,190.94,dev_0f7530e32c,region_15,card,success,2024-10-27
txn_0053460,cust_00556,merch_0083,digital_goods,2026-04-01 00:29:49,1149.44,dev_8f123ba756,region_12,card,success,2025-12-10
txn_0001010,cust_00011,merch_0138,digital_goods,2026-04-01 00:30:02,694.24,dev_d97d35dfcc,region_16,card,failed,2025-12-23
txn_0005898,cust_00061,merch_0066,fashion,2026-04-01 00:30:23,5868.48,dev_5972f18405,region_14,card,failed,2026-02-02
txn_0088789,cust_00915,merch_0137,digital_goods,2026-04-01 00:30:54,768.99,dev_3814eeef63,region_15,card,success,2026-03-24
txn_0097317,cust_00997,merch_0125,fashion,2026-04-01 00:31:14,183.51,dev_d4f7e924da,region_22,upi,success,2025-10-02
txn_0092028,cust_00944,merch_0103,home_goods,2026-04-01 00:31:16,10.0,dev_9fd6d5ca97,region_08,card,success,2024-10-27
txn_0028391,cust_00302,merch_0004,digital_goods,2026-04-01 00:31:54,1120.84,dev_25cb3a2fd9,region_03,upi,success,2025-12-05
txn_0069482,cust_00720,merch_0036,travel,2026-04-01 00:32:02,971.43,dev_50ff78b76d,region_03,card,success,2024-12-09
txn_0130735,cust_01352,merch_0139,digital_goods,2026-04-01 00:33:11,202.38,dev_2990e34352,region_11,card,failed,2026-03-25
txn_0046183,cust_00479,merch_0139,digital_goods,2026-04-01 00:33:25,190.68,dev_23eeafd975,region_05,card,success,2025-11-23
txn_0105118,cust_01081,merch_0099,fashion,2026-04-01 00:33:59,368.72,dev_a25d0a123c,region_23,card,success,2025-09-04
txn_0095430,cust_00980,merch_0010,food_delivery,2026-04-01 00:35:05,320.12,dev_6d3f4d2f17,region_07,card,success,2025-02-16
txn_0126045,cust_01304,merch_0133,home_goods,2026-04-01 00:35:09,149.44,dev_7b737807f7,region_18,card,success,2026-03-22
txn_0117463,cust_01207,merch_0010,food_delivery,2026-04-01 00:35:35,2503.18,dev_02d1e96bf0,region_06,upi,success,2026-03-26
txn_0136152,cust_01419,merch_0076,electronics,2026-04-01 00:35:53,729.49,dev_830b2b3c6a,region_18,card,success,2026-02-13
txn_0087141,cust_00895,merch_0111,digital_goods,2026-04-01 00:36:03,3365.42,dev_e3c77b5cbd,region_16,upi,failed,2026-03-18
txn_0054126,cust_00563,merch_0102,food_delivery,2026-04-01 00:36:20,1372.04,dev_fb4d5afe11,region_04,card,success,2026-03-26
txn_0099218,cust_01022,merch_0175,groceries,2026-04-01 00:37:03,100.04,dev_76396b5af0,region_01,upi,success,2024-12-28
txn_0022321,cust_00236,merch_0166,groceries,2026-04-01 00:37:23,326.37,dev_0a4a557a6d,region_03,upi,success,2025-05-16
txn_0093064,cust_00955,merch_0091,travel,2026-04-01 00:38:54,2938.79,dev_dcc404e3ca,region_21,wallet,success,2025-01-15
txn_0190549,cust_01975,merch_0169,electronics,2026-04-01 00:39:42,682.65,dev_918765cef6,region_21,upi,success,2025-12-25
txn_0040081,cust_00412,merch_0009,travel,2026-04-01 00:39:53,1058.45,dev_aab0458070,region_01,upi,success,2025-07-30
txn_0107489,cust_01111,merch_0134,electronics,2026-04-01 00:41:56,1092.03,dev_7673f45371,region_13,card,success,2026-02-15
txn_0118446,cust_01215,merch_0015,food_delivery,2026-04-01 00:42:25,578.11,dev_926aca89bc,region_11,card,success,2025-12-22
txn_0012967,cust_00141,merch_0045,home_goods,2026-04-01 00:43:32,321.52,dev_e96e19761e,region_17,card,success,2025-09-28
txn_0080294,cust_00831,merch_0179,travel,2026-04-01 00:43:52,75.77,dev_2d99f73350,region_05,card,success,2025-06-03
txn_0108423,cust_01119,merch_0078,digital_goods,2026-04-01 00:43:58,274.55,dev_32c5ca85be,region_21,upi,success,2024-06-02
txn_0007778,cust_00084,merch_0088,groceries,2026-04-01 00:44:45,564.79,dev_c1be0010c5,region_03,upi,success,2026-02-28
txn_0141066,cust_01468,merch_0011,digital_goods,2026-04-01 00:45:24,4441.28,dev_d3bc32a10b,region_12,upi,success,2026-02-05
txn_0179423,cust_01861,merch_0042,home_goods,2026-04-01 00:45:34,123.45,dev_b4684143bf,region_23,card,success,2025-05-17
txn_0048303,cust_00497,merch_0175,groceries,2026-04-01 00:46:04,402.71,dev_bb2a9e5a5e,region_21,card,success,2025-12-15
txn_0038145,cust_00397,merch_0116,groceries,2026-04-01 00:46:05,630.39,dev_7e2fc67e35,region_23,netbanking,success,2025-09-16
txn_0056622,cust_00589,merch_0160,electronics,2026-04-01 00:46:08,732.61,dev_20ab13de99,region_20,upi,success,2025-12-10
txn_0179290,cust_01860,merch_0108,food_delivery,2026-04-01 00:46:40,593.08,dev_3f109f2455,region_04,netbanking,success,2026-01-10
txn_0009963,cust_00108,merch_0058,fashion,2026-04-01 00:46:58,1777.24,dev_8f0281508b,region_02,netbanking,success,2026-03-23
txn_0204801,cust_02122,merch_0178,travel,2026-04-01 00:47:36,1215.64,dev_053f3b8f80,region_21,card,success,2025-01-08
txn_0163218,cust_01690,merch_0025,groceries,2026-04-01 00:47:47,318.8,dev_ea52a07172,region_12,card,success,2025-12-01
txn_0096451,cust_00988,merch_0039,fashion,2026-04-01 00:48:22,460.36,dev_de5f54c3f0,region_19,upi,success,2026-02-21
txn_0023337,cust_00246,merch_0098,electronics,2026-04-01 00:48:30,84.28,dev_f12312223b,region_06,upi,success,2026-02-19
txn_0102379,cust_01057,merch_0079,fashion,2026-04-01 00:48:52,49.89,dev_a75389cabe,region_10,upi,success,2026-01-01
txn_0103328,cust_01066,merch_0068,travel,2026-04-01 00:48:58,1602.91,dev_4b642944fd,region_01,card,success,2024-12-28
txn_0025151,cust_00270,merch_0151,fashion,2026-04-01 00:50:16,1587.24,dev_283c5872c2,region_04,upi,success,2025-07-26
txn_0035923,cust_00369,merch_0020,digital_goods,2026-04-01 00:50:35,1466.31,dev_0173718c79,region_15,card,success,2026-02-24
txn_0080000,cust_00826,merch_0152,electronics,2026-04-01 00:50:35,461.96,dev_22c86088df,region_03,upi,success,2026-01-28
txn_0080381,cust_00832,merch_0124,electronics,2026-04-01 00:51:21,811.88,dev_c27a2bef1b,region_13,upi,success,2024-12-16
txn_0195931,cust_02029,merch_0081,fashion,2026-04-01 00:51:39,1539.25,dev_a5b2c429ed,region_04,netbanking,success,2025-12-27
txn_0212421,cust_02194,merch_0173,electronics,2026-04-01 00:52:07,3864.11,dev_6e8f233655,region_16,card,success,2025-08-11
txn_0058421,cust_00604,merch_0108,food_delivery,2026-04-01 00:52:15,171.12,dev_823a743f05,region_11,upi,success,2026-02-21
txn_0127205,cust_01319,merch_0089,fashion,2026-04-01 00:52:27,594.39,dev_b192161676,region_21,card,success,2025-10-24
txn_0006264,cust_00066,merch_0027,digital_goods,2026-04-01 00:53:22,1231.34,dev_ba3fabfc4f,region_01,card,success,2025-11-11
txn_0154431,cust_01597,merch_0120,travel,2026-04-01 00:53:43,3283.28,dev_3cbcbea84a,region_23,card,success,2025-07-07
txn_0171501,cust_01783,merch_0068,travel,2026-04-01 00:53:55,319.07,dev_291acdda3d,region_12,netbanking,success,2026-03-02
txn_0128315,cust_01331,merch_0131,electronics,2026-04-01 00:54:58,5129.03,dev_add885596d,region_23,upi,failed,2026-03-17
txn_0206053,cust_02137,merch_0038,travel,2026-04-01 00:55:39,1611.91,dev_ea8b9633be,region_07,card,success,2025-05-09
txn_0212420,cust_02194,merch_0157,travel,2026-04-01 00:55:43,5512.42,dev_6e8f233655,region_16,upi,success,2025-08-11
txn_0204391,cust_02118,merch_0038,travel,2026-04-01 00:56:03,1030.14,dev_02e62a8dd5,region_15,card,success,2024-04-08
txn_0048045,cust_00495,merch_0020,digital_goods,2026-04-01 00:56:06,747.59,dev_590b5ace0c,region_13,upi,success,2023-06-16
txn_0183121,cust_01899,merch_0170,electronics,2026-04-01 00:56:24,1899.25,dev_ffe4e1a2aa,region_10,upi,success,2025-04-21
txn_0090111,cust_00929,merch_0006,food_delivery,2026-04-01 00:56:28,346.12,dev_e34047fba0,region_12,netbanking,success,2025-08-30
txn_0207078,cust_02146,merch_0137,digital_goods,2026-04-01 00:56:32,994.7,dev_7df104c825,region_17,card,success,2025-09-16
txn_0030306,cust_00314,merch_0161,food_delivery,2026-04-01 00:57:08,487.79,dev_07fde16006,region_05,netbanking,success,2025-11-17
txn_0206796,cust_02143,merch_0173,electronics,2026-04-01 00:57:28,95.94,dev_bd0835690e,region_22,upi,success,2025-01-23
txn_0196541,cust_02033,merch_0161,food_delivery,2026-04-01 00:57:31,645.36,dev_f80202a923,region_09,netbanking,success,2024-11-14
txn_0160700,cust_01669,merch_0121,digital_goods,2026-04-01 00:57:40,123.38,dev_b146e9119c,region_13,upi,success,2025-08-24
txn_0196734,cust_02035,merch_0165,groceries,2026-04-01 00:57:48,776.04,dev_e4a86cabc8,region_07,netbanking,success,2025-11-21
txn_0016239,cust_00176,merch_0010,food_delivery,2026-04-01 00:58:22,76.89,dev_be8e50f610,region_14,upi,success,2025-12-23
txn_0088130,cust_00906,merch_0010,food_delivery,2026-04-01 00:58:42,280.14,dev_2040bc8d19,region_20,card,success,2025-12-31
txn_0049457,cust_00510,merch_0057,digital_goods,2026-04-01 00:58:59,1425.36,dev_9be65219b2,region_03,card,success,2025-05-02
txn_0172463,cust_01794,merch_0005,electronics,2026-04-01 00:59:21,313.78,dev_e0efb768ee,region_15,wallet,success,2026-01-01
txn_0092184,cust_00945,merch_0154,digital_goods,2026-04-01 00:59:48,1087.24,dev_93d3a0a5c2,region_23,upi,success,2026-03-31
txn_0050493,cust_00523,merch_0016,fashion,2026-04-01 01:00:02,295.08,dev_ba94c710ce,region_04,card,success,2026-01-16
txn_0199703,cust_02065,merch_0163,digital_goods,2026-04-01 01:00:17,607.85,dev_7be38d5072,region_19,upi,success,2025-12-20
txn_0034606,cust_00354,merch_0066,fashion,2026-04-01 01:01:32,1152.23,dev_ea403786f0,region_23,card,success,2026-03-21
txn_0123528,cust_01277,merch_0012,food_delivery,2026-04-01 01:01:36,931.49,dev_0c570bbc38,region_10,card,success,2025-08-18
txn_0043498,cust_00452,merch_0056,digital_goods,2026-04-01 01:01:36,183.71,dev_411323f8e7,region_07,upi,success,2025-09-06
txn_0123612,cust_01278,merch_0168,digital_goods,2026-04-01 01:02:02,691.39,dev_9e0d06f605,region_06,card,success,2024-10-29
txn_0042831,cust_00442,merch_0118,groceries,2026-04-01 01:02:21,840.76,dev_df185d409b,region_21,netbanking,success,2026-03-19
txn_0158905,cust_01649,merch_0157,travel,2026-04-01 01:02:28,1156.78,dev_081b4afffa,region_05,upi,success,2026-01-31
txn_0015984,cust_00171,merch_0038,travel,2026-04-01 01:03:13,454.85,dev_4ad6913d63,region_09,card,success,2024-12-19
txn_0059862,cust_00620,merch_0140,food_delivery,2026-04-01 01:03:24,139.14,dev_1d74aea040,region_19,card,success,2025-06-01
txn_0095432,cust_00980,merch_0134,electronics,2026-04-01 01:03:26,359.49,dev_6d3f4d2f17,region_07,netbanking,success,2025-02-16
txn_0182648,cust_01893,merch_0012,food_delivery,2026-04-01 01:03:43,1562.84,dev_64b428c03f,region_10,netbanking,success,2026-03-14
txn_0208337,cust_02156,merch_0019,travel,2026-04-01 01:04:02,419.55,dev_c8a9f4671e,region_16,upi,success,2024-10-06
txn_0168912,cust_01749,merch_0060,food_delivery,2026-04-01 01:06:44,339.37,dev_a38254c7a4,region_15,card,success,2026-03-15
txn_0050362,cust_00520,merch_0102,food_delivery,2026-04-01 01:06:59,400.14,dev_1ec425dc3e,region_04,card,failed,2026-01-14
txn_0130737,cust_01352,merch_0053,travel,2026-04-01 01:07:11,281.25,dev_2990e34352,region_11,upi,success,2026-03-25
txn_0110670,cust_01140,merch_0034,home_goods,2026-04-01 01:07:53,4510.96,dev_cf099f55bd,region_06,upi,success,2024-09-19
txn_0123080,cust_01271,merch_0071,groceries,2026-04-01 01:09:41,141.05,dev_e8e0f9d7af,region_04,card,success,2025-09-29
txn_0211737,cust_02186,merch_0052,food_delivery,2026-04-01 01:10:04,206.24,dev_dbcff0676f,region_18,card,success,2025-08-25
txn_0076690,cust_00796,merch_0013,travel,2026-04-01 01:10:27,693.46,dev_471545d508,region_07,upi,success,2025-10-07
txn_0113553,cust_01171,merch_0124,electronics,2026-04-01 01:10:49,390.09,dev_5a1e122c2a,region_11,upi,success,2025-12-05
txn_0066558,cust_00692,merch_0095,digital_goods,2026-04-01 01:10:52,17.42,dev_a00b545ce4,region_12,upi,success,2021-03-16
txn_0124889,cust_01292,merch_0055,digital_goods,2026-04-01 01:11:30,927.68,dev_b83ddf4ac4,region_15,card,success,2025-06-14
txn_0198508,cust_02057,merch_0162,digital_goods,2026-04-01 01:11:36,705.39,dev_00dbe654fe,region_16,upi,success,2025-12-12
txn_0120597,cust_01240,merch_0064,food_delivery,2026-04-01 01:11:48,1419.89,dev_65a04dd146,region_15,upi,success,2026-02-01
txn_0148899,cust_01542,merch_0170,electronics,2026-04-01 01:12:35,896.84,dev_b4bf94ff0c,region_06,card,success,2025-12-08
txn_0077809,cust_00803,merch_0106,fashion,2026-04-01 01:12:47,538.65,dev_9e1bc4c1d6,region_09,upi,success,2025-09-19
txn_0063735,cust_00662,merch_0061,electronics,2026-04-01 01:13:07,215.5,dev_6cbc7f50af,region_11,upi,success,2026-01-02
txn_0071732,cust_00747,merch_0087,travel,2026-04-01 01:13:16,303.89,dev_b2b79701d8,region_21,card,success,2026-03-02
txn_0072434,cust_00754,merch_0049,fashion,2026-04-01 01:13:28,478.23,dev_f653172ed6,region_21,card,success,2024-05-20
txn_0008827,cust_00099,merch_0167,electronics,2026-04-01 01:13:32,117.91,dev_6b2cc8cf6c,region_08,card,success,2026-03-22
txn_0211738,cust_02186,merch_0084,home_goods,2026-04-01 01:14:43,243.63,dev_dbcff0676f,region_18,card,success,2025-08-25
txn_0189432,cust_01964,merch_0162,digital_goods,2026-04-01 01:14:43,1566.68,dev_9f876a5489,region_20,card,success,2025-12-09
txn_0004606,cust_00046,merch_0025,groceries,2026-04-01 01:15:25,1115.21,dev_055b839f1b,region_18,card,success,2025-08-24
txn_0086766,cust_00890,merch_0063,groceries,2026-04-01 01:16:09,478.87,dev_60d51d7d12,region_03,upi,success,2025-11-04
txn_0164380,cust_01704,merch_0011,digital_goods,2026-04-01 01:16:32,928.99,dev_e319fb117e,region_18,card,success,2026-03-11
txn_0101027,cust_01044,merch_0092,travel,2026-04-01 01:17:05,225.63,dev_5c955c7ae6,region_11,upi,success,2025-11-30
txn_0054432,cust_00565,merch_0094,home_goods,2026-04-01 01:17:15,1648.29,dev_aea0475ddc,region_13,card,success,2026-03-19
txn_0054970,cust_00571,merch_0113,food_delivery,2026-04-01 01:17:28,4214.14,dev_f9299a8a4e,region_06,upi,success,2025-12-29
txn_0199016,cust_02061,merch_0054,digital_goods,2026-04-01 01:18:10,26.86,dev_4a9be52dff,region_24,card,failed,2024-06-05
txn_0102917,cust_01064,merch_0021,digital_goods,2026-04-01 01:18:13,483.16,dev_a036f63159,region_14,netbanking,success,2025-06-23
txn_0138360,cust_01438,merch_0056,digital_goods,2026-04-01 01:18:41,1274.58,dev_258c21bcdd,region_10,card,failed,2025-08-05
txn_0159315,cust_01654,merch_0049,fashion,2026-04-01 01:19:45,2888.26,dev_fa717a34a0,region_13,upi,failed,2024-09-08
txn_0047849,cust_00492,merch_0069,electronics,2026-04-01 01:20:28,67.89,dev_d63946ce11,region_18,card,success,2026-02-09
txn_0210145,cust_02173,merch_0012,food_delivery,2026-04-01 01:20:38,702.64,dev_88b67c2ce8,region_24,upi,success,2025-12-12
txn_0200017,cust_02068,merch_0158,groceries,2026-04-01 01:22:01,1432.94,dev_f9f6108007,region_11,card,success,2026-02-14
txn_0057617,cust_00600,merch_0023,food_delivery,2026-04-01 01:22:08,512.43,dev_d49571dd4d,region_13,card,success,2025-03-03
txn_0089211,cust_00922,merch_0098,electronics,2026-04-01 01:22:17,391.54,dev_16ded43d7f,region_20,upi,success,2025-10-09
txn_0099996,cust_01033,merch_0156,digital_goods,2026-04-01 01:22:47,214.63,dev_1f70e6391e,region_01,card,failed,2026-03-01
txn_0082917,cust_00856,merch_0160,electronics,2026-04-01 01:23:18,233.14,dev_55f2f5be1e,region_09,upi,success,2025-12-17
txn_0159014,cust_01650,merch_0075,travel,2026-04-01 01:23:59,1618.59,dev_4c06fd7054,region_24,card,success,2025-11-22
txn_0026671,cust_00282,merch_0026,digital_goods,2026-04-01 01:24:02,1623.28,dev_c238dda038,region_18,upi,success,2025-11-14
txn_0196211,cust_02030,merch_0061,electronics,2026-04-01 01:24:17,891.37,dev_05d42eea92,region_24,netbanking,success,2024-03-02
txn_0021672,cust_00228,merch_0098,electronics,2026-04-01 01:24:40,787.26,dev_fdac3eeaf6,region_06,netbanking,success,2025-11-05
txn_0200459,cust_02072,merch_0065,food_delivery,2026-04-01 01:25:27,393.8,dev_cab8995a5d,region_22,card,failed,2025-03-03
txn_0003986,cust_00041,merch_0134,electronics,2026-04-01 01:25:42,156.1,dev_744a1d0625,region_11,upi,success,2026-01-03
txn_0019944,cust_00209,merch_0057,digital_goods,2026-04-01 01:25:43,226.9,dev_a8815f1a73,region_15,card,success,2026-03-13
txn_0073140,cust_00762,merch_0076,electronics,2026-04-01 01:25:55,491.53,dev_029ae8ad9f,region_15,upi,success,2025-04-29
txn_0057073,cust_00595,merch_0083,digital_goods,2026-04-01 01:25:58,781.5,dev_eae6bedcc1,region_18,netbanking,success,2025-12-08
txn_0194232,cust_02012,merch_0091,travel,2026-04-01 01:26:26,1029.85,dev_c14369fc90,region_03,card,success,2025-04-23
txn_0174152,cust_01807,merch_0019,travel,2026-04-01 01:26:46,2107.53,dev_b3643452ca,region_09,upi,success,2026-01-16
txn_0177073,cust_01837,merch_0115,home_goods,2026-04-01 01:27:12,6306.68,dev_dc52076e6f,region_11,upi,success,2026-03-16
txn_0082372,cust_00850,merch_0113,food_delivery,2026-04-01 01:28:05,2646.68,dev_3a50d76b2f,region_07,upi,success,2025-06-03
txn_0123286,cust_01275,merch_0010,food_delivery,2026-04-01 01:30:21,605.45,dev_b5d227a58e,region_01,upi,success,2026-01-20
txn_0091761,cust_00940,merch_0106,fashion,2026-04-01 01:30:24,249.59,dev_4bb6197c04,region_02,netbanking,success,2024-07-03
txn_0198506,cust_02057,merch_0003,food_delivery,2026-04-01 01:31:14,533.56,dev_00dbe654fe,region_16,card,success,2025-12-12
txn_0073297,cust_00765,merch_0029,food_delivery,2026-04-01 01:31:25,3071.63,dev_7d28a4b5fc,region_10,upi,success,2024-03-31
txn_0129038,cust_01337,merch_0067,travel,2026-04-01 01:31:41,673.82,dev_940b3d4269,region_23,netbanking,success,2025-09-26
txn_0040737,cust_00418,merch_0165,groceries,2026-04-01 01:32:27,1142.8,dev_8910f5842b,region_23,card,success,2026-03-23
txn_0023950,cust_00254,merch_0013,travel,2026-04-01 01:32:35,183.13,dev_902ec845b1,region_16,card,success,2025-12-28
txn_0066563,cust_00692,merch_0008,travel,2026-04-01 01:32:40,566.81,dev_a00b545ce4,region_12,card,success,2021-03-16
txn_0105121,cust_01081,merch_0139,digital_goods,2026-04-01 01:32:55,226.77,dev_a25d0a123c,region_23,card,success,2025-09-04
txn_0130304,cust_01347,merch_0177,fashion,2026-04-01 01:33:09,272.83,dev_3cb13cc833,region_12,upi,success,2026-02-09
txn_0145258,cust_01503,merch_0132,groceries,2026-04-01 01:33:34,709.09,dev_75ae993caf,region_18,wallet,success,2025-09-07
txn_0210439,cust_02176,merch_0023,food_delivery,2026-04-01 01:34:26,111.5,dev_58038eb9ce,region_10,card,success,2025-11-18
txn_0007978,cust_00088,merch_0072,home_goods,2026-04-01 01:34:38,1022.39,dev_1e6261b420,region_18,card,success,2025-03-07
txn_0013144,cust_00143,merch_0034,home_goods,2026-04-01 01:34:48,1000.74,dev_bb73e63a08,region_23,upi,failed,2025-10-23
txn_0012527,cust_00136,merch_0015,food_delivery,2026-04-01 01:34:50,1951.44,dev_301f160091,region_17,upi,success,2026-02-09
txn_0003181,cust_00031,merch_0159,electronics,2026-04-01 01:35:27,624.13,dev_b8ce223e2d,region_15,upi,success,2025-02-16
txn_0017936,cust_00191,merch_0012,food_delivery,2026-04-01 01:35:40,2822.81,dev_81ad81247e,region_16,upi,success,2026-01-10
txn_0001620,cust_00016,merch_0020,digital_goods,2026-04-01 01:35:45,1691.19,dev_ff4d7123cb,region_05,card,success,2026-03-16
txn_0158472,cust_01645,merch_0156,digital_goods,2026-04-01 01:35:46,743.61,dev_275252b468,region_23,wallet,failed,2026-02-06
txn_0046435,cust_00481,merch_0088,groceries,2026-04-01 01:35:55,5355.1,dev_f4cc8ad567,region_22,upi,failed,2025-12-14
txn_0077994,cust_00804,merch_0067,travel,2026-04-01 01:37:06,309.0,dev_43d4fa96f2,region_05,wallet,success,2024-08-08
txn_0058176,cust_00603,merch_0049,fashion,2026-04-01 01:37:45,741.84,dev_73de4b535a,region_19,wallet,success,2025-08-17
txn_0141069,cust_01468,merch_0138,digital_goods,2026-04-01 01:38:07,2085.96,dev_d3bc32a10b,region_12,card,success,2026-02-05
txn_0038617,cust_00401,merch_0039,fashion,2026-04-01 01:39:17,327.04,dev_713dec5956,region_16,wallet,success,2025-09-16
txn_0148524,cust_01536,merch_0107,groceries,2026-04-01 01:39:39,2535.87,dev_7a789e535b,region_22,upi,success,2025-04-14
txn_0055140,cust_00574,merch_0024,fashion,2026-04-01 01:40:12,310.44,dev_159bbd1ce7,region_03,netbanking,success,2025-10-08
txn_0006824,cust_00071,merch_0093,groceries,2026-04-01 01:40:31,2151.34,dev_c0a0471318,region_21,netbanking,success,2025-11-08
txn_0149001,cust_01543,merch_0058,fashion,2026-04-01 01:40:47,501.02,dev_d60013107c,region_14,card,success,2026-02-15
txn_0020029,cust_00212,merch_0035,electronics,2026-04-01 01:40:47,185.1,dev_6ce6e67655,region_18,card,success,2025-06-01
txn_0029396,cust_00309,merch_0099,fashion,2026-04-01 01:40:52,2584.38,dev_c4abbe5c6a,region_02,netbanking,success,2025-03-12
txn_0004278,cust_00043,merch_0114,food_delivery,2026-04-01 01:41:01,705.4,dev_6462bbc3ff,region_20,upi,success,2024-05-17
txn_0059863,cust_00620,merch_0173,electronics,2026-04-01 01:41:18,474.93,dev_1d74aea040,region_19,netbanking,success,2025-06-01
txn_0116363,cust_01195,merch_0049,fashion,2026-04-01 01:42:38,2456.97,dev_c7a83ce1be,region_11,upi,success,2025-12-22
txn_0145990,cust_01507,merch_0132,groceries,2026-04-01 01:42:39,135.29,dev_d060eaf04d,region_23,upi,success,2026-02-20
txn_0161945,cust_01677,merch_0163,digital_goods,2026-04-01 01:42:57,1708.0,dev_78ba04ac27,region_08,card,success,2024-09-16
txn_0152056,cust_01575,merch_0137,digital_goods,2026-04-01 01:43:17,10368.85,dev_459ffe27cc,region_19,card,success,2026-03-16
txn_0042244,cust_00435,merch_0166,groceries,2026-04-01 01:43:38,504.68,dev_fdeec715fc,region_23,upi,success,2026-03-24
txn_0112548,cust_01161,merch_0115,home_goods,2026-04-01 01:43:38,1047.67,dev_d9a08ce806,region_20,upi,success,2025-11-04
txn_0163855,cust_01699,merch_0051,fashion,2026-04-01 01:44:46,186.4,dev_572f06b6e2,region_12,upi,success,2026-01-16
txn_0154854,cust_01600,merch_0014,digital_goods,2026-04-01 01:44:47,850.33,dev_78740e6a50,region_07,card,success,2025-05-04
txn_0071876,cust_00748,merch_0030,home_goods,2026-04-01 01:45:04,13424.57,dev_13254bf88a,region_01,upi,success,2025-05-23
txn_0086180,cust_00885,merch_0158,groceries,2026-04-01 01:45:28,576.42,dev_b569c8c04a,region_09,upi,success,2025-10-16
txn_0036737,cust_00380,merch_0000,travel,2026-04-01 01:45:39,280.31,dev_a907483c41,region_14,upi,success,2025-09-05
txn_0201213,cust_02083,merch_0121,digital_goods,2026-04-01 01:45:58,974.96,dev_01611c7552,region_01,card,success,2026-03-25
txn_0158333,cust_01642,merch_0139,digital_goods,2026-04-01 01:46:37,2173.56,dev_313f5fe3e7,region_24,card,success,2026-01-28
txn_0093947,cust_00966,merch_0021,digital_goods,2026-04-01 01:47:12,392.21,dev_dbb85fe711,region_14,upi,success,2025-07-11
txn_0138522,cust_01440,merch_0145,digital_goods,2026-04-01 01:47:35,216.45,dev_e2171a0d5c,region_09,card,success,2025-12-01
txn_0212071,cust_02191,merch_0030,home_goods,2026-04-01 01:47:43,2512.91,dev_6b94f3ca77,region_23,card,success,2026-02-03
txn_0112549,cust_01161,merch_0028,digital_goods,2026-04-01 01:47:45,1231.19,dev_d9a08ce806,region_20,card,success,2025-11-04
txn_0146171,cust_01510,merch_0133,home_goods,2026-04-01 01:48:44,2443.3,dev_029cce4f3b,region_12,upi,success,2025-06-03
txn_0077993,cust_00804,merch_0165,groceries,2026-04-01 01:48:48,383.32,dev_43d4fa96f2,region_05,card,success,2024-08-08
txn_0206400,cust_02139,merch_0015,food_delivery,2026-04-01 01:49:43,44.58,dev_031ece3c92,region_12,upi,success,2026-02-15
txn_0009572,cust_00104,merch_0118,groceries,2026-04-01 01:50:02,302.94,dev_48a62f936e,region_10,upi,success,2026-01-22
txn_0117011,cust_01202,merch_0148,home_goods,2026-04-01 01:50:46,483.89,dev_3fe6938fa3,region_11,card,success,2025-09-06
txn_0073952,cust_00773,merch_0116,groceries,2026-04-01 01:51:11,1422.24,dev_cfd85aba33,region_07,upi,success,2026-02-15
txn_0190550,cust_01975,merch_0075,travel,2026-04-01 01:51:47,663.01,dev_918765cef6,region_21,card,success,2025-12-25
txn_0166559,cust_01722,merch_0134,electronics,2026-04-01 01:52:26,1410.33,dev_375125e87d,region_21,upi,success,2025-05-09
txn_0060570,cust_00628,merch_0178,travel,2026-04-01 01:53:13,3894.29,dev_ac387cbea8,region_10,upi,success,2025-02-05
txn_0177693,cust_01845,merch_0114,food_delivery,2026-04-01 01:54:16,76.79,dev_203089d047,region_10,card,success,2025-07-18
txn_0117644,cust_01209,merch_0043,travel,2026-04-01 01:54:38,76.26,dev_c48c0c9bbd,region_04,card,success,2026-02-03
txn_0033351,cust_00345,merch_0178,travel,2026-04-01 01:54:51,2785.43,dev_6a789ca093,region_23,card,success,2026-03-28
txn_0136205,cust_01420,merch_0142,fashion,2026-04-01 01:54:51,1566.64,dev_15a6d806bb,region_04,card,success,2026-03-07
txn_0051610,cust_00536,merch_0087,travel,2026-04-01 01:54:57,1015.7,dev_13d4e4c980,region_01,card,success,2025-10-21
txn_0165922,cust_01717,merch_0069,electronics,2026-04-01 01:55:19,141.82,dev_e93d03c318,region_07,card,success,2025-12-11
txn_0091245,cust_00937,merch_0019,travel,2026-04-01 01:55:28,2053.13,dev_51aace1817,region_17,upi,success,2025-09-02
txn_0144342,cust_01493,merch_0129,digital_goods,2026-04-01 01:56:32,354.93,dev_1a22e5dd50,region_07,card,success,2026-03-14
txn_0149003,cust_01543,merch_0176,electronics,2026-04-01 01:56:48,695.04,dev_d60013107c,region_14,upi,success,2026-02-15
txn_0057510,cust_00599,merch_0166,groceries,2026-04-01 01:58:32,477.95,dev_bcf188a8f2,region_18,upi,success,2025-11-11
txn_0105120,cust_01081,merch_0038,travel,2026-04-01 01:58:42,199.14,dev_a25d0a123c,region_01,card,success,2025-09-04
txn_0183933,cust_01911,merch_0035,electronics,2026-04-01 01:59:10,7327.07,dev_52441e2158,region_04,wallet,success,2025-06-29
txn_0089154,cust_00921,merch_0010,food_delivery,2026-04-01 01:59:39,1599.94,dev_d1d8aa3dda,region_18,upi,success,2026-01-03
txn_0030810,cust_00320,merch_0014,digital_goods,2026-04-01 01:59:39,1407.61,dev_52aadb7964,region_10,card,success,2025-08-19
txn_0068663,cust_00713,merch_0002,fashion,2026-04-01 01:59:47,2841.39,dev_13cea6a85e,region_10,upi,success,2024-01-29
txn_0167214,cust_01731,merch_0098,electronics,2026-04-01 01:59:57,145.55,dev_406b7f0c61,region_03,card,success,2026-01-02
txn_0179600,cust_01863,merch_0145,digital_goods,2026-04-01 02:00:12,250.76,dev_ff9a3699c2,region_15,card,success,2026-03-26
txn_0034424,cust_00353,merch_0088,groceries,2026-04-01 02:00:19,272.83,dev_da120bb290,region_14,card,success,2024-11-13
txn_0035271,cust_00362,merch_0058,fashion,2026-04-01 02:01:23,1295.76,dev_365c2840b9,region_13,upi,success,2025-10-09
txn_0197261,cust_02041,merch_0070,home_goods,2026-04-01 02:01:27,260.03,dev_dc32a39f44,region_02,upi,success,2026-01-10
txn_0105119,cust_01081,merch_0077,home_goods,2026-04-01 02:01:39,151.36,dev_a25d0a123c,region_23,netbanking,success,2025-09-04
txn_0172055,cust_01791,merch_0095,digital_goods,2026-04-01 02:01:42,2005.3,dev_3b69895fe3,region_19,netbanking,success,2026-03-02
txn_0036319,cust_00375,merch_0119,home_goods,2026-04-01 02:02:27,1089.09,dev_16f5e0929b,region_10,card,success,2024-04-28
txn_0188673,cust_01960,merch_0036,travel,2026-04-01 02:02:33,269.76,dev_3558fb56d4,region_07,netbanking,success,2025-09-04
txn_0193363,cust_02002,merch_0035,electronics,2026-04-01 02:02:39,237.1,dev_07119cc394,region_24,card,success,2026-01-15
txn_0136202,cust_01420,merch_0169,electronics,2026-04-01 02:02:40,1633.93,dev_15a6d806bb,region_04,upi,success,2026-03-07
txn_0189670,cust_01967,merch_0169,electronics,2026-04-01 02:02:59,493.88,dev_1afb6a3129,region_22,card,success,2026-02-04
txn_0123288,cust_01275,merch_0072,home_goods,2026-04-01 02:05:20,133.28,dev_b5d227a58e,region_01,card,success,2026-01-20
txn_0040078,cust_00412,merch_0145,digital_goods,2026-04-01 02:06:25,726.36,dev_aab0458070,region_01,wallet,success,2025-07-30
txn_0089641,cust_00924,merch_0034,home_goods,2026-04-01 02:06:39,477.38,dev_fb3b95c209,region_24,upi,success,2025-09-30
txn_0097616,cust_01002,merch_0096,digital_goods,2026-04-01 02:07:33,962.24,dev_031954116e,region_03,wallet,success,2025-09-18
txn_0148452,cust_01535,merch_0123,fashion,2026-04-01 02:07:50,2116.62,dev_8ec27942db,region_18,card,success,2026-01-01
txn_0025328,cust_00272,merch_0033,home_goods,2026-04-01 02:08:07,1097.43,dev_fb16e65d85,region_10,card,success,2026-02-26
txn_0011843,cust_00128,merch_0032,digital_goods,2026-04-01 02:08:27,878.46,dev_78e9e135da,region_02,netbanking,success,2025-11-23
txn_0088698,cust_00913,merch_0063,groceries,2026-04-01 02:08:58,707.09,dev_08b452b409,region_16,upi,success,2025-03-25
txn_0073597,cust_00769,merch_0164,travel,2026-04-01 02:09:17,851.92,dev_fc165b7457,region_19,upi,success,2026-03-18
txn_0013695,cust_00149,merch_0145,digital_goods,2026-04-01 02:09:24,1656.85,dev_5cac0547d7,region_17,card,success,2026-01-04
txn_0071701,cust_00746,merch_0084,home_goods,2026-04-01 02:09:25,900.77,dev_41963f487f,region_21,upi,success,2026-02-25
txn_0115243,cust_01185,merch_0044,groceries,2026-04-01 02:10:22,1136.33,dev_8469d17f4f,region_23,upi,success,2025-11-28
txn_0160194,cust_01662,merch_0020,digital_goods,2026-04-01 02:11:04,408.09,dev_582f941c9d,region_19,card,success,2023-09-15
txn_0076560,cust_00795,merch_0098,electronics,2026-04-01 02:12:22,693.58,dev_27d750abe8,region_03,card,success,2026-03-14
txn_0141711,cust_01474,merch_0047,groceries,2026-04-01 02:12:23,243.25,dev_2cc9532a7e,region_09,card,success,2025-06-11
txn_0145257,cust_01503,merch_0161,food_delivery,2026-04-01 02:12:49,1006.69,dev_75ae993caf,region_18,card,success,2025-09-07
txn_0069955,cust_00725,merch_0096,digital_goods,2026-04-01 02:13:25,191.91,dev_bbe9e7abf3,region_08,card,success,2025-07-18
txn_0076684,cust_00796,merch_0081,fashion,2026-04-01 02:13:45,650.5,dev_471545d508,region_07,card,success,2025-10-07
txn_0029048,cust_00306,merch_0137,digital_goods,2026-04-01 02:14:10,1327.26,dev_a34ff51830,region_24,card,success,2025-07-06
txn_0053215,cust_00554,merch_0150,food_delivery,2026-04-01 02:14:24,84.72,dev_f50bf5b710,region_12,netbanking,success,2026-03-04
txn_0121425,cust_01246,merch_0176,electronics,2026-04-01 02:14:33,2107.94,dev_ca1815fa6c,region_06,wallet,success,2024-10-23
txn_0140199,cust_01461,merch_0103,home_goods,2026-04-01 02:15:05,116.87,dev_d3220aa2c4,region_12,card,success,2025-12-16
txn_0152423,cust_01578,merch_0001,fashion,2026-04-01 02:15:34,589.55,dev_cd94ed4dc7,region_17,card,success,2025-11-17
txn_0003182,cust_00031,merch_0022,groceries,2026-04-01 02:16:47,536.12,dev_b8ce223e2d,region_15,card,success,2025-02-16
txn_0041460,cust_00426,merch_0089,fashion,2026-04-01 02:16:50,2007.9,dev_51489df904,region_08,card,success,2025-10-31
txn_0111765,cust_01152,merch_0055,digital_goods,2026-04-01 02:18:23,221.59,dev_c189ffc89b,region_11,card,success,2025-11-03
txn_0179852,cust_01866,merch_0066,fashion,2026-04-01 02:18:37,364.8,dev_37b6ca29c1,region_15,card,success,2025-12-13
txn_0137766,cust_01432,merch_0072,home_goods,2026-04-01 02:18:52,419.76,dev_3c72927343,region_19,upi,success,2025-11-07
txn_0116874,cust_01201,merch_0096,digital_goods,2026-04-01 02:19:18,1659.64,dev_191179f507,region_13,netbanking,success,2025-11-18
txn_0107031,cust_01105,merch_0165,groceries,2026-04-01 02:19:19,244.45,dev_f8e3eeadeb,region_07,card,success,2026-01-03
txn_0199828,cust_02066,merch_0105,fashion,2026-04-01 02:19:24,268.35,dev_541a3b0aa6,region_19,upi,success,2026-03-06
txn_0042833,cust_00442,merch_0079,fashion,2026-04-01 02:19:45,1485.14,dev_df185d409b,region_21,upi,success,2026-03-19
txn_0073366,cust_00766,merch_0033,home_goods,2026-04-01 02:20:03,339.68,dev_dbe845721d,region_15,upi,success,2026-02-23
txn_0067148,cust_00698,merch_0175,groceries,2026-04-01 02:20:15,1070.98,dev_9c11bacd3c,region_04,upi,success,2025-05-12
txn_0171415,cust_01782,merch_0111,digital_goods,2026-04-01 02:20:58,654.09,dev_7e196a6ee6,region_11,card,success,2025-10-17
txn_0208115,cust_02154,merch_0166,groceries,2026-04-01 02:21:14,605.03,dev_46dc57df40,region_03,upi,success,2026-03-12
txn_0006000,cust_00063,merch_0116,groceries,2026-04-01 02:21:19,2188.53,dev_8e3a13687f,region_10,upi,success,2026-02-02
txn_0149242,cust_01544,merch_0167,electronics,2026-04-01 02:21:21,863.17,dev_764c4cb28c,region_12,upi,success,2025-06-01
txn_0055139,cust_00574,merch_0120,travel,2026-04-01 02:22:26,274.98,dev_159bbd1ce7,region_03,upi,success,2025-10-08
txn_0083167,cust_00857,merch_0098,electronics,2026-04-01 02:22:28,1899.89,dev_c69235955c,region_02,upi,success,2025-06-13
txn_0041416,cust_00425,merch_0040,groceries,2026-04-01 02:22:45,521.0,dev_50b3bef203,region_03,upi,success,2025-08-28
txn_0199026,cust_02061,merch_0034,home_goods,2026-04-01 02:22:47,84.66,dev_4a9be52dff,region_24,card,success,2024-06-05
txn_0110950,cust_01144,merch_0168,digital_goods,2026-04-01 02:23:25,172.37,dev_76c0e7d45a,region_03,card,success,2026-02-06
txn_0104891,cust_01080,merch_0066,fashion,2026-04-01 02:23:51,191.99,dev_4a032fc109,region_15,card,success,2025-12-02
txn_0121312,cust_01245,merch_0170,electronics,2026-04-01 02:24:04,224.52,dev_2ab909b01d,region_23,card,success,2026-01-15
txn_0057619,cust_00600,merch_0102,food_delivery,2026-04-01 02:24:12,433.91,dev_d49571dd4d,region_13,card,success,2025-03-03
txn_0062374,cust_00646,merch_0135,home_goods,2026-04-01 02:24:18,346.85,dev_78345a3b60,region_16,card,success,2025-02-16
txn_0031139,cust_00325,merch_0029,food_delivery,2026-04-01 02:24:21,1114.37,dev_0879ca8c2e,region_11,card,success,2026-02-08
txn_0101575,cust_01050,merch_0109,food_delivery,2026-04-01 02:24:30,326.26,dev_5f69d5529a,region_01,upi,success,2025-09-01
txn_0172056,cust_01791,merch_0177,fashion,2026-04-01 02:24:33,493.22,dev_3b69895fe3,region_19,card,success,2026-03-02
txn_0001409,cust_00015,merch_0124,electronics,2026-04-01 02:25:00,924.77,dev_c85f2cd462,region_11,card,success,2025-04-26
txn_0161193,cust_01673,merch_0063,groceries,2026-04-01 02:25:00,293.02,dev_ba36a4b95d,region_21,card,success,2026-02-09
txn_0130022,cust_01346,merch_0118,groceries,2026-04-01 02:25:08,1892.35,dev_7d098708f8,region_03,netbanking,success,2025-10-13
txn_0053457,cust_00556,merch_0055,digital_goods,2026-04-01 02:25:20,1115.87,dev_8f123ba756,region_12,upi,failed,2025-12-10
txn_0020643,cust_00219,merch_0118,groceries,2026-04-01 02:26:19,2596.57,dev_6c15306438,region_01,upi,success,2025-10-07
txn_0108642,cust_01121,merch_0060,food_delivery,2026-04-01 02:26:19,509.58,dev_518da93a1a,region_24,upi,success,2024-06-08
txn_0023471,cust_00247,merch_0096,digital_goods,2026-04-01 02:26:21,895.42,dev_a4ce38f04b,region_24,card,success,2025-11-22
txn_0098528,cust_01015,merch_0167,electronics,2026-04-01 02:26:32,960.17,dev_c9ffcaa102,region_11,upi,success,2026-02-05
txn_0172678,cust_01797,merch_0112,electronics,2026-04-01 02:27:17,1627.46,dev_4a7bf4ef65,region_03,card,success,2026-03-06
txn_0137549,cust_01430,merch_0107,groceries,2026-04-01 02:27:39,1525.66,dev_b1b6c65773,region_15,card,success,2024-09-14
txn_0034605,cust_00354,merch_0147,food_delivery,2026-04-01 02:28:02,265.68,dev_ea403786f0,region_23,card,failed,2026-03-21
txn_0204971,cust_02123,merch_0089,fashion,2026-04-01 02:28:50,152.57,dev_76caeafcb1,region_02,upi,success,2025-11-23
txn_0067570,cust_00703,merch_0096,digital_goods,2026-04-01 02:28:59,884.44,dev_1d45d12eee,region_02,card,success,2025-09-14
txn_0187471,cust_01950,merch_0098,electronics,2026-04-01 02:29:04,471.34,dev_f4f0202578,region_06,netbanking,success,2025-09-22
txn_0077995,cust_00804,merch_0117,groceries,2026-04-01 02:29:07,383.51,dev_43d4fa96f2,region_05,upi,success,2024-08-08
txn_0193771,cust_02006,merch_0119,home_goods,2026-04-01 02:29:21,488.69,dev_7385162f9d,region_17,netbanking,success,2025-11-23
txn_0092446,cust_00950,merch_0146,food_delivery,2026-04-01 02:29:33,230.75,dev_469f62eb92,region_23,card,success,2025-12-02
txn_0122053,cust_01254,merch_0006,food_delivery,2026-04-01 02:30:09,462.44,dev_f4b57c4c1f,region_11,netbanking,success,2026-03-21
txn_0162938,cust_01686,merch_0107,groceries,2026-04-01 02:30:12,824.3,dev_1b67b5e116,region_06,upi,success,2026-01-08
txn_0114385,cust_01179,merch_0001,fashion,2026-04-01 02:30:28,589.16,dev_e924a2326c,region_07,upi,success,2025-08-31
txn_0014453,cust_00155,merch_0056,digital_goods,2026-04-01 02:31:18,1498.57,dev_e438232e39,region_19,upi,success,2025-06-07
txn_0001313,cust_00014,merch_0069,electronics,2026-04-01 02:31:20,127.9,dev_a3fb82f6fb,region_04,card,success,2024-12-15
txn_0194297,cust_02013,merch_0031,home_goods,2026-04-01 02:31:22,941.79,dev_11157a24d2,region_11,card,success,2025-07-30
txn_0021790,cust_00229,merch_0016,fashion,2026-04-01 02:31:26,159.94,dev_920aa8680e,region_18,netbanking,success,2026-03-30
txn_0012873,cust_00140,merch_0104,travel,2026-04-01 02:31:39,754.27,dev_a16c9cd3c1,region_11,upi,success,2025-07-26
txn_0103618,cust_01068,merch_0037,electronics,2026-04-01 02:31:52,400.27,dev_48588f187b,region_04,upi,success,2026-01-26
txn_0078884,cust_00817,merch_0069,electronics,2026-04-01 02:32:35,3736.34,dev_b19221b364,region_05,card,success,2026-03-08
txn_0190705,cust_01976,merch_0115,home_goods,2026-04-01 02:32:39,100.33,dev_38a8c8da6b,region_05,upi,success,2025-11-03
txn_0022088,cust_00233,merch_0034,home_goods,2026-04-01 02:33:14,466.98,dev_343aa6cf70,region_02,upi,success,2025-03-14
txn_0107495,cust_01111,merch_0164,travel,2026-04-01 02:33:35,1244.23,dev_7673f45371,region_13,upi,success,2026-02-15
txn_0074445,cust_00775,merch_0124,electronics,2026-04-01 02:33:49,1145.87,dev_77cf31ad62,region_01,upi,success,2026-03-17
txn_0007734,cust_00083,merch_0020,digital_goods,2026-04-01 02:33:50,131.31,dev_f534de775d,region_20,upi,success,2025-07-24
txn_0209217,cust_02163,merch_0135,home_goods,2026-04-01 02:34:52,691.16,dev_c68feec75b,region_10,card,success,2025-06-13
txn_0161583,cust_01674,merch_0048,groceries,2026-04-01 02:34:54,1289.81,dev_a224c2b89a,region_14,upi,failed,2025-10-19
txn_0096918,cust_00993,merch_0142,fashion,2026-04-01 02:35:15,1103.79,dev_7dd9c700f6,region_08,card,success,2023-08-30
txn_0196707,cust_02034,merch_0039,fashion,2026-04-01 02:36:44,317.0,dev_4dda314cef,region_12,card,success,2025-12-31
txn_0026572,cust_00281,merch_0123,fashion,2026-04-01 02:37:11,1364.86,dev_4bc3f498b6,region_08,upi,success,2025-04-25
txn_0187029,cust_01944,merch_0100,groceries,2026-04-01 02:38:27,213.79,dev_e5929c8f53,region_06,card,success,2025-01-01
txn_0143050,cust_01485,merch_0015,food_delivery,2026-04-01 02:38:27,99.8,dev_60a3f9fa0f,region_06,card,success,2025-11-02
txn_0033513,cust_00347,merch_0106,fashion,2026-04-01 02:38:47,1658.23,dev_03d2b48495,region_20,upi,success,2025-04-01
txn_0032295,cust_00335,merch_0030,home_goods,2026-04-01 02:38:53,983.5,dev_898a076c3a,region_08,card,success,2026-01-11
txn_0174456,cust_01811,merch_0128,electronics,2026-04-01 02:38:57,1367.78,dev_a83fcc64d4,region_15,upi,success,2026-03-16
txn_0114159,cust_01177,merch_0107,groceries,2026-04-01 02:39:21,778.11,dev_aab14befbd,region_21,upi,success,2020-11-07
txn_0041809,cust_00431,merch_0128,electronics,2026-04-01 02:39:38,294.53,dev_7b226e230d,region_12,upi,success,2026-02-22
txn_0028863,cust_00305,merch_0061,electronics,2026-04-01 02:39:38,404.43,dev_90fa22efa2,region_01,card,success,2026-02-04
txn_0024232,cust_00257,merch_0055,digital_goods,2026-04-01 02:41:07,390.87,dev_fe22ae5f88,region_23,card,success,2024-07-03
txn_0079785,cust_00825,merch_0124,electronics,2026-04-01 02:42:00,459.97,dev_b57da018c5,region_18,upi,success,2025-03-20
txn_0002094,cust_00020,merch_0030,home_goods,2026-04-01 02:42:25,422.66,dev_44ebf7337f,region_16,wallet,success,2026-02-23
txn_0168913,cust_01749,merch_0163,digital_goods,2026-04-01 02:42:43,376.54,dev_a38254c7a4,region_15,upi,success,2026-03-15
txn_0032426,cust_00336,merch_0079,fashion,2026-04-01 02:43:07,1037.45,dev_a2ed42c245,region_06,netbanking,success,2025-09-28
txn_0093259,cust_00958,merch_0041,digital_goods,2026-04-01 02:43:35,817.4,dev_7e27358ab0,region_06,card,success,2026-02-24
txn_0114867,cust_01182,merch_0030,home_goods,2026-04-01 02:43:38,279.56,dev_bbe30852c4,region_06,upi,success,2024-07-10
txn_0165750,cust_01716,merch_0017,travel,2026-04-01 02:43:44,198.17,dev_26a975e418,region_23,card,success,2025-12-13
txn_0053643,cust_00557,merch_0105,fashion,2026-04-01 02:44:32,154.6,dev_5e090e5606,region_13,netbanking,success,2026-01-11
txn_0171261,cust_01780,merch_0057,digital_goods,2026-04-01 02:45:49,190.53,dev_8c8142a4ca,region_02,card,success,2026-01-11
txn_0137987,cust_01435,merch_0094,home_goods,2026-04-01 02:46:14,337.84,dev_8ffe02ee61,region_23,upi,success,2025-07-26
txn_0051757,cust_00537,merch_0131,electronics,2026-04-01 02:46:26,2000.96,dev_6d96a97481,region_15,upi,success,2026-01-10
txn_0001618,cust_00016,merch_0030,home_goods,2026-04-01 02:46:35,1186.9,dev_ff4d7123cb,region_05,card,success,2026-03-16
txn_0128313,cust_01331,merch_0002,fashion,2026-04-01 02:46:53,2531.54,dev_add885596d,region_23,card,success,2026-03-17
txn_0023129,cust_00245,merch_0173,electronics,2026-04-01 02:47:02,51.55,dev_510f51fc55,region_07,upi,success,2025-04-02
txn_0164382,cust_01704,merch_0002,fashion,2026-04-01 02:47:09,1303.46,dev_e319fb117e,region_18,upi,success,2026-03-11
txn_0142707,cust_01482,merch_0068,travel,2026-04-01 02:47:27,177.83,dev_1cbebd52d3,region_05,upi,success,2025-09-15
txn_0125354,cust_01295,merch_0125,fashion,2026-04-01 02:47:32,256.89,dev_066966b77a,region_19,upi,failed,2024-09-21
txn_0084057,cust_00866,merch_0079,fashion,2026-04-01 02:47:37,4746.89,dev_580e185f08,region_20,card,success,2026-02-25
txn_0118034,cust_01212,merch_0013,travel,2026-04-01 02:48:03,3000.09,dev_810053eabf,region_24,upi,success,2026-03-11
txn_0018285,cust_00195,merch_0148,home_goods,2026-04-01 02:48:20,2082.79,dev_7753cf00a2,region_12,upi,success,2025-01-06
txn_0208616,cust_02158,merch_0114,food_delivery,2026-04-01 02:48:47,640.17,dev_be38efce81,region_19,card,success,2026-01-12
txn_0017653,cust_00190,merch_0020,digital_goods,2026-04-01 02:49:09,964.32,dev_560f43b425,region_16,upi,success,2026-01-29
txn_0060110,cust_00624,merch_0062,groceries,2026-04-01 02:49:29,322.57,dev_b590ea579c,region_20,upi,success,2025-12-22
txn_0125192,cust_01294,merch_0010,food_delivery,2026-04-01 02:50:10,227.62,dev_62d0264ff7,region_08,card,success,2026-03-31
txn_0035238,cust_00361,merch_0087,travel,2026-04-01 02:50:33,175.97,dev_773f6ee13c,region_19,upi,success,2025-12-28
txn_0169811,cust_01763,merch_0078,digital_goods,2026-04-01 02:50:42,561.36,dev_00e5881775,region_09,upi,success,2026-01-22
txn_0122411,cust_01258,merch_0023,food_delivery,2026-04-01 02:51:17,5272.96,dev_e78451f44c,region_08,card,success,2023-02-17
txn_0006385,cust_00068,merch_0003,food_delivery,2026-04-01 02:51:18,26.49,dev_96c18b6bab,region_17,card,success,2024-11-17
txn_0154429,cust_01597,merch_0131,electronics,2026-04-01 02:51:34,240.6,dev_3cbcbea84a,region_23,upi,success,2025-07-07
txn_0111096,cust_01146,merch_0087,travel,2026-04-01 02:51:44,1980.11,dev_a0f3ce1d44,region_18,card,success,2026-01-26
txn_0023758,cust_00251,merch_0006,food_delivery,2026-04-01 02:52:48,830.74,dev_8318a0a577,region_21,card,success,2025-08-08
txn_0078112,cust_00806,merch_0178,travel,2026-04-01 02:53:04,171.79,dev_85d96c66fa,region_04,upi,success,2025-11-03
txn_0163217,cust_01690,merch_0007,electronics,2026-04-01 02:53:52,219.72,dev_ea52a07172,region_12,card,success,2025-12-01
txn_0162343,cust_01681,merch_0150,food_delivery,2026-04-01 02:53:56,888.33,dev_6fac734816,region_23,netbanking,success,2026-02-15
txn_0020641,cust_00219,merch_0009,travel,2026-04-01 02:54:22,2128.19,dev_6c15306438,region_01,netbanking,success,2025-10-07
txn_0200706,cust_02076,merch_0127,groceries,2026-04-01 02:55:29,2076.72,dev_4fbf6bd646,region_02,upi,success,2025-05-20
txn_0198984,cust_02060,merch_0022,groceries,2026-04-01 02:55:42,574.88,dev_695a474e1c,region_15,upi,success,2026-03-31
txn_0072839,cust_00758,merch_0038,travel,2026-04-01 02:55:59,976.87,dev_3b330c2316,region_21,card,success,2025-11-12
txn_0023755,cust_00251,merch_0047,groceries,2026-04-01 02:56:32,714.1,dev_8318a0a577,region_21,card,success,2025-08-08
txn_0152735,cust_01581,merch_0136,groceries,2026-04-01 02:57:23,3121.58,dev_72dae11f59,region_11,card,success,2026-03-23
txn_0068574,cust_00712,merch_0085,travel,2026-04-01 02:57:30,2830.56,dev_fe362d8b23,region_24,card,success,2025-10-21
txn_0016459,cust_00179,merch_0077,home_goods,2026-04-01 02:57:52,103.89,dev_d316420f23,region_21,card,success,2025-11-28
txn_0027485,cust_00295,merch_0119,home_goods,2026-04-01 02:59:22,964.8,dev_dce5725e97,region_05,card,success,2026-02-12
txn_0144008,cust_01490,merch_0108,food_delivery,2026-04-01 03:00:07,1051.41,dev_8047fd7198,region_12,upi,success,2025-10-26
txn_0140200,cust_01461,merch_0057,digital_goods,2026-04-01 03:00:08,154.36,dev_d3220aa2c4,region_12,card,failed,2025-12-16
txn_0184294,cust_01914,merch_0016,fashion,2026-04-01 03:00:22,1113.71,dev_a65358e71e,region_22,upi,success,2026-02-24
txn_0086052,cust_00884,merch_0076,electronics,2026-04-01 03:00:44,471.81,dev_8cc6221ea3,region_04,upi,failed,2025-07-16
txn_0212069,cust_02191,merch_0099,fashion,2026-04-01 03:01:04,2012.27,dev_6b94f3ca77,region_23,upi,success,2026-02-03
txn_0147341,cust_01524,merch_0056,digital_goods,2026-04-01 03:01:05,306.97,dev_6c4bb2faac,region_13,card,success,2022-08-07
txn_0181462,cust_01880,merch_0107,groceries,2026-04-01 03:01:06,632.67,dev_ec270fc094,region_24,upi,success,2025-05-17
txn_0126994,cust_01317,merch_0160,electronics,2026-04-01 03:01:15,1451.25,dev_989b95eb0f,region_13,card,success,2026-02-16
txn_0027867,cust_00298,merch_0068,travel,2026-04-01 03:01:38,559.9,dev_12e00206f8,region_02,upi,success,2024-02-20
txn_0083965,cust_00865,merch_0146,food_delivery,2026-04-01 03:01:46,415.63,dev_80e85bd484,region_07,netbanking,success,2026-03-15
txn_0095435,cust_00980,merch_0030,home_goods,2026-04-01 03:02:33,10.0,dev_6d3f4d2f17,region_07,card,success,2025-02-16
txn_0152734,cust_01581,merch_0022,groceries,2026-04-01 03:03:36,597.66,dev_72dae11f59,region_11,card,success,2026-03-23
txn_0047247,cust_00487,merch_0003,food_delivery,2026-04-01 03:04:04,214.08,dev_5fbb5cd360,region_08,netbanking,success,2025-06-02
txn_0000084,cust_00001,merch_0120,travel,2026-04-01 03:04:33,674.64,dev_8b01cc1cb7,region_11,card,success,2026-03-16
txn_0042563,cust_00440,merch_0110,digital_goods,2026-04-01 03:05:25,2338.59,dev_acfe7168ab,region_23,card,success,2025-07-06
txn_0146407,cust_01512,merch_0159,electronics,2026-04-01 03:05:29,1064.36,dev_9e97938b12,region_19,netbanking,success,2026-01-15
txn_0041872,cust_00432,merch_0101,digital_goods,2026-04-01 03:05:33,1440.16,dev_76fb659270,region_14,upi,success,2025-07-24
txn_0151843,cust_01571,merch_0029,food_delivery,2026-04-01 03:05:59,85.77,dev_38cdc53e4b,region_07,card,success,2026-03-11
txn_0069132,cust_00717,merch_0031,home_goods,2026-04-01 03:06:44,884.08,dev_1f4781a62d,region_01,card,success,2026-01-15
txn_0132344,cust_01372,merch_0021,digital_goods,2026-04-01 03:06:47,1010.21,dev_f33391fe77,region_13,netbanking,failed,2025-12-24
txn_0033636,cust_00348,merch_0138,digital_goods,2026-04-01 03:07:01,545.36,dev_ae58d8a298,region_10,card,success,2024-10-11
txn_0109071,cust_01125,merch_0158,groceries,2026-04-01 03:07:32,336.96,dev_b8f5282fb6,region_23,card,success,2025-11-27
txn_0018589,cust_00198,merch_0112,electronics,2026-04-01 03:08:01,1245.47,dev_215292af5b,region_15,card,success,2026-02-19
txn_0154433,cust_01597,merch_0029,food_delivery,2026-04-01 03:08:28,2134.64,dev_3cbcbea84a,region_23,card,success,2025-07-07
txn_0163725,cust_01697,merch_0046,digital_goods,2026-04-01 03:08:30,547.49,dev_6c7ba7d6ac,region_14,netbanking,success,2025-10-15
txn_0109340,cust_01126,merch_0125,fashion,2026-04-01 03:08:45,941.04,dev_98b75f90dd,region_24,card,success,2026-01-22
txn_0192935,cust_01996,merch_0017,travel,2026-04-01 03:09:01,1507.12,dev_24bdb0880f,region_12,card,success,2026-02-13
txn_0108665,cust_01122,merch_0043,travel,2026-04-01 03:10:31,78.95,dev_f48d01695d,region_12,card,success,2025-08-10
txn_0059944,cust_00621,merch_0105,fashion,2026-04-01 03:10:56,3649.58,dev_35a36faf29,region_02,card,success,2025-06-02
txn_0007298,cust_00077,merch_0093,groceries,2026-04-01 03:11:09,1151.16,dev_8dd779c6b6,region_23,card,failed,2025-10-12
txn_0067147,cust_00698,merch_0017,travel,2026-04-01 03:11:33,650.4,dev_9c11bacd3c,region_04,upi,success,2025-05-12
txn_0171499,cust_01783,merch_0146,food_delivery,2026-04-01 03:11:38,484.54,dev_291acdda3d,region_12,netbanking,success,2026-03-02
txn_0010164,cust_00111,merch_0172,travel,2026-04-01 03:12:21,220.82,dev_375c13c067,region_20,card,success,2026-02-24
txn_0055416,cust_00575,merch_0136,groceries,2026-04-01 03:13:34,257.73,dev_460e64e66f,region_04,upi,success,2024-12-04
txn_0162673,cust_01683,merch_0169,electronics,2026-04-01 03:14:21,1017.34,dev_31878d100b,region_07,upi,success,2024-10-25
txn_0147147,cust_01522,merch_0091,travel,2026-04-01 03:14:27,910.47,dev_23d9cfbb55,region_09,upi,success,2026-03-07
txn_0185431,cust_01926,merch_0143,electronics,2026-04-01 03:14:53,2306.76,dev_403a91985b,region_03,upi,success,2025-06-23
txn_0033773,cust_00349,merch_0176,electronics,2026-04-01 03:14:58,863.92,dev_1ac712b39e,region_18,netbanking,success,2026-01-04
txn_0147465,cust_01525,merch_0141,electronics,2026-04-01 03:15:14,1163.0,dev_c4ce9eabdd,region_09,upi,success,2026-02-11
txn_0076688,cust_00796,merch_0072,home_goods,2026-04-01 03:15:38,738.64,dev_471545d508,region_07,upi,success,2025-10-07
txn_0053639,cust_00557,merch_0126,food_delivery,2026-04-01 03:15:42,111.52,dev_5e090e5606,region_13,netbanking,success,2026-01-11
txn_0063541,cust_00660,merch_0099,fashion,2026-04-01 03:15:46,119.24,dev_8a80fe7c00,region_13,netbanking,success,2025-12-27
txn_0056888,cust_00592,merch_0114,food_delivery,2026-04-01 03:17:04,320.23,dev_39633e3ca3,region_03,netbanking,success,2024-03-03
txn_0074449,cust_00775,merch_0070,home_goods,2026-04-01 03:17:07,882.99,dev_77cf31ad62,region_01,upi,success,2026-03-17
txn_0086050,cust_00884,merch_0120,travel,2026-04-01 03:17:29,469.55,dev_8cc6221ea3,region_04,card,success,2025-07-16
txn_0006825,cust_00071,merch_0091,travel,2026-04-01 03:17:38,1653.88,dev_c0a0471318,region_21,upi,failed,2025-11-08
txn_0111673,cust_01151,merch_0179,travel,2026-04-01 03:17:39,2071.5,dev_5ee9cd382a,region_19,upi,success,2024-01-16
txn_0028394,cust_00302,merch_0144,groceries,2026-04-01 03:17:58,1572.72,dev_25cb3a2fd9,region_03,upi,success,2025-12-05
txn_0002455,cust_00024,merch_0056,digital_goods,2026-04-01 03:18:21,1168.3,dev_fbb25b4e5c,region_10,upi,success,2024-07-18
txn_0202269,cust_02096,merch_0067,travel,2026-04-01 03:18:45,1558.83,dev_314ae997a7,region_21,card,success,2025-08-01
txn_0201826,cust_02092,merch_0049,fashion,2026-04-01 03:19:20,2101.2,dev_2c17308b43,region_04,card,success,2025-10-08
txn_0164940,cust_01709,merch_0140,food_delivery,2026-04-01 03:20:36,2883.05,dev_b74908c4b7,region_22,upi,success,2025-10-31
txn_0142795,cust_01483,merch_0128,electronics,2026-04-01 03:21:19,487.18,dev_fa7a94c94d,region_19,upi,success,2025-12-10
txn_0054069,cust_00562,merch_0065,food_delivery,2026-04-01 03:21:41,866.1,dev_4c9f3a55f9,region_19,upi,success,2025-10-12
txn_0157140,cust_01623,merch_0006,food_delivery,2026-04-01 03:21:42,684.71,dev_1193161727,region_22,upi,success,2025-10-28
txn_0137984,cust_01435,merch_0061,electronics,2026-04-01 03:22:21,314.98,dev_8ffe02ee61,region_23,upi,success,2025-07-26
txn_0138527,cust_01440,merch_0169,electronics,2026-04-01 03:22:23,306.72,dev_e2171a0d5c,region_09,upi,success,2025-12-01
txn_0097794,cust_01005,merch_0040,groceries,2026-04-01 03:22:56,1153.75,dev_809007aca4,region_20,upi,success,2025-05-10
txn_0034789,cust_00356,merch_0142,fashion,2026-04-01 03:23:51,3385.75,dev_b5c02abf34,region_20,card,failed,2026-01-05
txn_0127671,cust_01322,merch_0097,electronics,2026-04-01 03:24:13,414.59,dev_d99b81efe1,region_04,netbanking,success,2025-09-10
txn_0043634,cust_00454,merch_0091,travel,2026-04-01 03:24:25,312.42,dev_d8231ea135,region_10,upi,success,2026-03-30
txn_0034941,cust_00358,merch_0104,travel,2026-04-01 03:24:40,554.11,dev_3b5a080886,region_04,card,success,2026-02-05
txn_0029564,cust_00310,merch_0109,food_delivery,2026-04-01 03:24:59,526.83,dev_6b549b1e00,region_23,netbanking,success,2025-06-29
txn_0154856,cust_01600,merch_0018,home_goods,2026-04-01 03:25:15,991.26,dev_78740e6a50,region_07,upi,success,2025-05-04
txn_0087940,cust_00904,merch_0099,fashion,2026-04-01 03:25:21,880.91,dev_23744ee9b7,region_19,netbanking,success,2026-03-12
txn_0056621,cust_00589,merch_0034,home_goods,2026-04-01 03:25:43,1235.14,dev_20ab13de99,region_20,upi,success,2025-12-10
txn_0192425,cust_01991,merch_0156,digital_goods,2026-04-01 03:26:13,1997.73,dev_30cf53433c,region_07,card,success,2025-11-25
txn_0040076,cust_00412,merch_0178,travel,2026-04-01 03:26:29,1052.31,dev_aab0458070,region_01,netbanking,success,2025-07-30
txn_0168554,cust_01745,merch_0096,digital_goods,2026-04-01 03:27:25,850.42,dev_42713aae47,region_07,card,success,2024-04-25
txn_0064495,cust_00670,merch_0124,electronics,2026-04-01 03:27:34,149.96,dev_ab0fef8d8a,region_13,card,success,2024-06-02
txn_0069575,cust_00721,merch_0083,digital_goods,2026-04-01 03:27:45,3832.54,dev_6e3d847c50,region_01,card,success,2024-02-02
txn_0147223,cust_01523,merch_0144,groceries,2026-04-01 03:27:47,202.75,dev_ee6bb59a5e,region_16,card,success,2026-01-30
txn_0122433,cust_01259,merch_0047,groceries,2026-04-01 03:27:49,2107.06,dev_12bf47785d,region_16,card,success,2025-05-22
txn_0190098,cust_01971,merch_0041,digital_goods,2026-04-01 03:28:14,912.67,dev_a8bb4d1cfd,region_21,upi,success,2024-08-05
txn_0104320,cust_01073,merch_0018,home_goods,2026-04-01 03:28:28,10.0,dev_971ee20147,region_24,card,success,2025-09-28
txn_0148525,cust_01536,merch_0162,digital_goods,2026-04-01 03:28:42,1565.04,dev_7a789e535b,region_22,card,success,2025-04-14
txn_0177374,cust_01841,merch_0112,electronics,2026-04-01 03:29:02,1599.98,dev_9ea1add891,region_18,card,success,2025-09-11
txn_0145195,cust_01502,merch_0139,digital_goods,2026-04-01 03:29:33,445.1,dev_986967db23,region_15,card,success,2026-01-17
txn_0034988,cust_00359,merch_0070,home_goods,2026-04-01 03:29:38,312.68,dev_cac2dd9a07,region_10,card,success,2025-06-28
txn_0098254,cust_01011,merch_0057,digital_goods,2026-04-01 03:29:54,1057.93,dev_b61d168397,region_13,upi,failed,2026-01-15
txn_0190182,cust_01972,merch_0076,electronics,2026-04-01 03:30:05,123.22,dev_5a3c32c899,region_05,upi,success,2026-01-01
txn_0012700,cust_00138,merch_0117,groceries,2026-04-01 03:30:30,358.13,dev_e51f745979,region_21,card,success,2026-03-21
txn_0199705,cust_02065,merch_0104,travel,2026-04-01 03:30:37,299.07,dev_7be38d5072,region_19,card,success,2025-12-20
txn_0030073,cust_00313,merch_0161,food_delivery,2026-04-01 03:30:57,1646.47,dev_fd8ebc057d,region_21,wallet,success,2026-02-26
txn_0013518,cust_00148,merch_0109,food_delivery,2026-04-01 03:31:48,800.75,dev_ebda1a4186,region_08,card,success,2025-09-10
txn_0086296,cust_00886,merch_0100,groceries,2026-04-01 03:33:03,956.88,dev_0c7037f3fd,region_09,wallet,success,2026-03-14
txn_0136201,cust_01420,merch_0124,electronics,2026-04-01 03:33:10,743.64,dev_15a6d806bb,region_04,upi,success,2026-03-07
txn_0164604,cust_01706,merch_0031,home_goods,2026-04-01 03:33:23,1649.33,dev_88d785ab26,region_21,upi,success,2025-04-07
txn_0117467,cust_01207,merch_0129,digital_goods,2026-04-01 03:33:49,2311.79,dev_b32da6b612,region_06,netbanking,success,2026-03-26
txn_0045261,cust_00469,merch_0025,groceries,2026-04-01 03:33:49,3152.49,dev_7f17509827,region_21,card,success,2026-02-13
txn_0198505,cust_02057,merch_0008,travel,2026-04-01 03:34:23,284.67,dev_00dbe654fe,region_16,card,success,2025-12-12
txn_0162675,cust_01683,merch_0076,electronics,2026-04-01 03:35:10,882.15,dev_31878d100b,region_07,netbanking,success,2024-10-25
txn_0046000,cust_00477,merch_0159,electronics,2026-04-01 03:35:26,1462.1,dev_148a3186b2,region_16,upi,success,2026-03-09
txn_0075943,cust_00789,merch_0022,groceries,2026-04-01 03:35:27,2733.23,dev_6cc5201a1e,region_20,card,success,2025-12-21
txn_0023080,cust_00244,merch_0061,electronics,2026-04-01 03:36:05,880.88,dev_1642a07f14,region_18,wallet,success,2025-11-23
txn_0031140,cust_00325,merch_0152,electronics,2026-04-01 03:36:53,7572.92,dev_0879ca8c2e,region_11,upi,success,2026-02-08
txn_0097075,cust_00995,merch_0117,groceries,2026-04-01 03:37:29,166.09,dev_f849ccab93,region_22,upi,success,2025-08-22
txn_0067149,cust_00698,merch_0000,travel,2026-04-01 03:37:50,1061.77,dev_9c11bacd3c,region_04,card,success,2025-05-12
txn_0148229,cust_01533,merch_0116,groceries,2026-04-01 03:37:56,877.42,dev_f7959d457f,region_11,card,success,2025-01-20
txn_0013398,cust_00146,merch_0005,electronics,2026-04-01 03:38:09,353.23,dev_5532904ba0,region_10,card,success,2026-02-05
txn_0157786,cust_01632,merch_0144,groceries,2026-04-01 03:38:13,571.32,dev_a150126b03,region_20,wallet,success,2026-02-20
txn_0149000,cust_01543,merch_0165,groceries,2026-04-01 03:39:17,557.77,dev_d60013107c,region_14,card,success,2026-02-15
txn_0184715,cust_01918,merch_0105,fashion,2026-04-01 03:40:03,156.68,dev_50dcc1b5f1,region_21,card,success,2025-05-25
txn_0038847,cust_00402,merch_0034,home_goods,2026-04-01 03:40:13,4979.71,dev_4a30900157,region_04,card,failed,2026-01-28
txn_0006110,cust_00064,merch_0177,fashion,2026-04-01 03:41:17,1668.88,dev_6d15698d2c,region_06,card,success,2026-03-13
txn_0072437,cust_00754,merch_0018,home_goods,2026-04-01 03:41:49,1493.27,dev_f653172ed6,region_21,card,failed,2024-05-20
txn_0140454,cust_01463,merch_0104,travel,2026-04-01 03:42:28,410.38,dev_9bc2a83ee7,region_19,card,success,2026-02-12
txn_0130511,cust_01348,merch_0120,travel,2026-04-01 03:42:32,2310.59,dev_c221267d0f,region_06,card,success,2025-09-13
txn_0039473,cust_00405,merch_0163,digital_goods,2026-04-01 03:42:35,539.22,dev_c9e22df177,region_15,netbanking,success,2026-01-09
txn_0106691,cust_01100,merch_0006,food_delivery,2026-04-01 03:42:43,1531.25,dev_6145b9a71e,region_02,upi,success,2025-11-20
txn_0128065,cust_01328,merch_0086,electronics,2026-04-01 03:42:58,603.12,dev_84405347cc,region_07,card,success,2026-02-06
txn_0129037,cust_01337,merch_0068,travel,2026-04-01 03:44:09,373.88,dev_940b3d4269,region_23,card,failed,2025-09-26
txn_0137550,cust_01430,merch_0016,fashion,2026-04-01 03:44:49,2044.36,dev_b1b6c65773,region_15,card,success,2024-09-14
txn_0064493,cust_00670,merch_0021,digital_goods,2026-04-01 03:44:57,169.06,dev_67ac2b2ddf,region_18,card,success,2024-06-02
txn_0129765,cust_01343,merch_0004,digital_goods,2026-04-01 03:44:58,139.62,dev_ed4b38faff,region_20,upi,success,2025-12-03
txn_0008300,cust_00091,merch_0150,food_delivery,2026-04-01 03:45:31,2153.32,dev_ce1a0ca7f4,region_13,upi,success,2025-07-06
txn_0144341,cust_01493,merch_0118,groceries,2026-04-01 03:45:34,308.27,dev_1a22e5dd50,region_07,upi,success,2026-03-14
txn_0115327,cust_01186,merch_0065,food_delivery,2026-04-01 03:45:40,420.65,dev_edbe297b45,region_12,card,success,2026-02-21
txn_0156715,cust_01619,merch_0010,food_delivery,2026-04-01 03:45:42,893.09,dev_c49ce42dba,region_11,card,success,2026-02-12
txn_0001412,cust_00015,merch_0111,digital_goods,2026-04-01 03:46:14,724.85,dev_c85f2cd462,region_11,upi,success,2025-04-26
txn_0116664,cust_01197,merch_0036,travel,2026-04-01 03:46:36,106.49,dev_cb653800aa,region_21,wallet,success,2025-09-15
txn_0071731,cust_00747,merch_0133,home_goods,2026-04-01 03:46:46,608.61,dev_b2b79701d8,region_21,card,success,2026-03-02
txn_0034604,cust_00354,merch_0105,fashion,2026-04-01 03:46:49,1526.74,dev_ea403786f0,region_23,card,success,2026-03-21
txn_0210881,cust_02179,merch_0007,electronics,2026-04-01 03:46:52,478.6,dev_ffb0c27c09,region_21,card,success,2025-12-12
txn_0153085,cust_01585,merch_0158,groceries,2026-04-01 03:47:09,416.44,dev_93bc697d66,region_22,card,success,2025-09-28
txn_0210926,cust_02180,merch_0024,fashion,2026-04-01 03:48:21,1870.84,dev_c9fb1170f4,region_09,card,success,2025-04-29
txn_0005714,cust_00060,merch_0053,travel,2026-04-01 03:49:36,679.59,dev_8e9ca58150,region_11,card,success,2026-01-02
txn_0156085,cust_01612,merch_0035,electronics,2026-04-01 03:50:28,344.27,dev_fb6daaf858,region_04,upi,success,2026-03-09
txn_0110279,cust_01136,merch_0066,fashion,2026-04-01 03:50:31,360.52,dev_e2a782b7eb,region_12,card,failed,2026-02-18
txn_0174791,cust_01813,merch_0069,electronics,2026-04-01 03:50:36,505.79,dev_35cda3397b,region_13,upi,success,2025-12-30
txn_0075113,cust_00781,merch_0114,food_delivery,2026-04-01 03:51:28,353.28,dev_71f87d72f8,region_21,card,success,2026-03-23
txn_0038618,cust_00401,merch_0102,food_delivery,2026-04-01 03:51:31,424.65,dev_713dec5956,region_16,upi,success,2025-09-16
txn_0191745,cust_01983,merch_0004,digital_goods,2026-04-01 03:51:47,674.64,dev_fea81208ab,region_24,upi,success,2025-11-21
txn_0183761,cust_01908,merch_0055,digital_goods,2026-04-01 03:52:26,532.06,dev_5e0351a806,region_01,card,success,2026-02-07
txn_0184293,cust_01914,merch_0016,fashion,2026-04-01 03:53:10,950.65,dev_a65358e71e,region_22,card,success,2026-02-24
txn_0040080,cust_00412,merch_0075,travel,2026-04-01 03:53:45,1174.13,dev_aab0458070,region_01,upi,success,2025-07-30
txn_0038147,cust_00397,merch_0056,digital_goods,2026-04-01 03:53:53,837.65,dev_7e2fc67e35,region_23,card,failed,2025-09-16
txn_0121134,cust_01244,merch_0118,groceries,2026-04-01 03:54:19,1049.57,dev_c25efe93cd,region_04,upi,success,2025-06-16
txn_0056814,cust_00591,merch_0047,groceries,2026-04-01 03:54:35,388.39,dev_b678ab2b93,region_07,upi,success,2025-03-27
txn_0143352,cust_01486,merch_0145,digital_goods,2026-04-01 03:55:00,990.53,dev_9ae07c3d07,region_04,upi,success,2025-09-11
txn_0211524,cust_02184,merch_0171,food_delivery,2026-04-01 03:55:10,482.68,dev_83963e78ba,region_21,netbanking,success,2025-08-22
txn_0130512,cust_01348,merch_0144,groceries,2026-04-01 03:55:41,2191.35,dev_c221267d0f,region_06,upi,success,2025-09-13
txn_0030947,cust_00322,merch_0101,digital_goods,2026-04-01 03:55:50,284.03,dev_3671fd4614,region_23,card,success,2024-08-31
txn_0047246,cust_00487,merch_0020,digital_goods,2026-04-01 03:55:59,396.63,dev_5fbb5cd360,region_08,upi,success,2025-06-02
txn_0210969,cust_02181,merch_0028,digital_goods,2026-04-01 03:56:00,520.6,dev_539b762d3d,region_01,card,success,2025-11-05
txn_0170584,cust_01773,merch_0161,food_delivery,2026-04-01 03:56:07,258.96,dev_e5d1de236d,region_19,upi,success,2025-12-22
txn_0100299,cust_01036,merch_0092,travel,2026-04-01 03:56:11,210.11,dev_83b8072afd,region_12,upi,success,2024-05-30
txn_0033633,cust_00348,merch_0164,travel,2026-04-01 03:56:17,285.36,dev_ae58d8a298,region_10,netbanking,failed,2024-10-11
txn_0088126,cust_00906,merch_0019,travel,2026-04-01 03:56:33,257.06,dev_2040bc8d19,region_20,card,success,2025-12-31
txn_0149516,cust_01545,merch_0086,electronics,2026-04-01 03:57:07,2557.62,dev_ebe1bbb9fa,region_06,netbanking,success,2025-09-01
txn_0193542,cust_02004,merch_0088,groceries,2026-04-01 03:57:35,640.16,dev_35d9aec83f,region_18,card,success,2025-11-11
txn_0111672,cust_01151,merch_0155,travel,2026-04-01 03:57:44,1504.93,dev_5ee9cd382a,region_19,upi,success,2024-01-16
txn_0038143,cust_00397,merch_0016,fashion,2026-04-01 03:58:53,894.32,dev_7e2fc67e35,region_23,card,success,2025-09-16
txn_0024426,cust_00260,merch_0101,digital_goods,2026-04-01 03:59:21,2993.77,dev_ae6daad841,region_15,card,success,2025-11-18
txn_0173857,cust_01804,merch_0124,electronics,2026-04-01 03:59:38,17.84,dev_d0642b5b01,region_13,upi,success,2026-02-18
txn_0194389,cust_02014,merch_0091,travel,2026-04-01 04:02:01,252.54,dev_f8a44a0c56,region_19,upi,success,2026-01-04
txn_0058420,cust_00604,merch_0116,groceries,2026-04-01 04:02:13,463.22,dev_823a743f05,region_11,upi,success,2026-02-21
txn_0007974,cust_00088,merch_0125,fashion,2026-04-01 04:02:23,591.72,dev_1e6261b420,region_18,card,success,2025-03-07
txn_0107387,cust_01110,merch_0024,fashion,2026-04-01 04:02:51,831.35,dev_d4f9f50ab5,region_14,card,success,2025-11-03
txn_0201880,cust_02093,merch_0062,groceries,2026-04-01 04:03:13,1736.38,dev_87169673b0,region_22,upi,success,2024-07-03
txn_0182985,cust_01898,merch_0122,electronics,2026-04-01 04:03:56,206.58,dev_485c4f5bf5,region_04,upi,success,2026-03-18
txn_0045854,cust_00476,merch_0099,fashion,2026-04-01 04:04:11,289.35,dev_499e7f93a0,region_22,card,success,2026-02-25
txn_0085743,cust_00879,merch_0171,food_delivery,2026-04-01 04:04:23,272.76,dev_c7eea2fd8c,region_11,card,success,2026-03-02
txn_0024213,cust_00256,merch_0071,groceries,2026-04-01 04:04:38,879.09,dev_1a196f7940,region_15,upi,success,2026-03-12
txn_0054127,cust_00563,merch_0092,travel,2026-04-01 04:04:57,1343.01,dev_fb4d5afe11,region_04,card,success,2026-03-26
txn_0029194,cust_00307,merch_0173,electronics,2026-04-01 04:05:03,518.8,dev_eae586a6cd,region_17,upi,success,2025-06-08
txn_0163694,cust_01696,merch_0004,digital_goods,2026-04-01 04:05:28,795.73,dev_2415ae505f,region_13,wallet,success,2025-03-19
txn_0085176,cust_00874,merch_0155,travel,2026-04-01 04:05:48,1257.33,dev_c1e814df6f,region_23,netbanking,success,2025-06-02
txn_0110667,cust_01140,merch_0072,home_goods,2026-04-01 04:05:51,5027.66,dev_cf099f55bd,region_06,card,success,2024-09-19
txn_0050133,cust_00518,merch_0178,travel,2026-04-01 04:06:23,578.19,dev_1682d79787,region_18,upi,success,2026-02-17
txn_0052170,cust_00539,merch_0080,food_delivery,2026-04-01 04:06:34,3492.95,dev_444ac92058,region_14,card,success,2026-01-19
txn_0063538,cust_00660,merch_0018,home_goods,2026-04-01 04:07:29,320.43,dev_8a80fe7c00,region_13,card,success,2025-12-27
txn_0111919,cust_01153,merch_0104,travel,2026-04-01 04:08:21,413.52,dev_9323b5da94,region_08,upi,success,2025-11-29
txn_0026714,cust_00283,merch_0174,groceries,2026-04-01 04:08:27,994.48,dev_ebd34cad1c,region_20,upi,success,2026-02-21
txn_0131895,cust_01364,merch_0031,home_goods,2026-04-01 04:08:46,558.6,dev_5af66a5d51,region_04,card,success,2026-02-11
txn_0200607,cust_02074,merch_0088,groceries,2026-04-01 04:08:46,400.28,dev_64580a5c2d,region_20,wallet,success,2026-03-18
txn_0082483,cust_00852,merch_0176,electronics,2026-04-01 04:09:41,669.65,dev_6d836cfd03,region_08,card,success,2025-04-28
txn_0012276,cust_00134,merch_0167,electronics,2026-04-01 04:10:00,386.51,dev_cabf4f7aba,region_07,card,success,2026-01-07
txn_0103326,cust_01066,merch_0026,digital_goods,2026-04-01 04:10:02,1323.39,dev_4b642944fd,region_01,card,success,2024-12-28
txn_0110331,cust_01137,merch_0150,food_delivery,2026-04-01 04:11:49,822.66,dev_61be53f8f8,region_16,card,success,2025-11-12
txn_0087206,cust_00896,merch_0076,electronics,2026-04-01 04:11:57,377.99,dev_5746327e45,region_14,card,success,2025-11-14
txn_0160013,cust_01661,merch_0081,fashion,2026-04-01 04:12:28,337.16,dev_0cc18f3a61,region_12,upi,success,2025-08-24
txn_0030948,cust_00322,merch_0042,home_goods,2026-04-01 04:12:43,344.51,dev_3671fd4614,region_23,card,success,2024-08-31
txn_0157061,cust_01622,merch_0130,food_delivery,2026-04-01 04:12:47,225.18,dev_8c3b4f2d89,region_07,card,failed,2026-02-27
txn_0143350,cust_01486,merch_0066,fashion,2026-04-01 04:12:53,971.49,dev_9ae07c3d07,region_04,card,failed,2025-09-11
txn_0063734,cust_00662,merch_0073,electronics,2026-04-01 04:13:46,240.89,dev_6cbc7f50af,region_11,upi,success,2026-01-02
txn_0096853,cust_00992,merch_0127,groceries,2026-04-01 04:13:57,88.32,dev_35eae0abad,region_02,netbanking,success,2024-10-28
txn_0151118,cust_01562,merch_0072,home_goods,2026-04-01 04:14:02,1443.72,dev_10596095b1,region_09,wallet,success,2026-02-21
txn_0037011,cust_00383,merch_0041,digital_goods,2026-04-01 04:14:58,2613.91,dev_2b78660d78,region_14,upi,success,2026-03-12
txn_0181593,cust_01881,merch_0132,groceries,2026-04-01 04:15:20,538.95,dev_8435e4b659,region_09,card,success,2025-09-23
txn_0199018,cust_02061,merch_0113,food_delivery,2026-04-01 04:15:47,98.06,dev_4a9be52dff,region_24,card,success,2024-06-05
txn_0194092,cust_02009,merch_0022,groceries,2026-04-01 04:15:47,1763.15,dev_00ac033fcf,region_18,card,success,2026-03-09
txn_0007038,cust_00074,merch_0065,food_delivery,2026-04-01 04:15:58,2144.07,dev_97591d458e,region_18,upi,success,2026-02-05
txn_0140823,cust_01465,merch_0112,electronics,2026-04-01 04:18:57,1850.6,dev_d0c2946a25,region_18,upi,success,2025-06-24
txn_0094565,cust_00971,merch_0147,food_delivery,2026-04-01 04:19:23,875.5,dev_979cfd5123,region_07,netbanking,success,2025-12-18
txn_0033777,cust_00349,merch_0087,travel,2026-04-01 04:19:27,670.99,dev_1ac712b39e,region_18,upi,success,2026-01-04
txn_0038882,cust_00403,merch_0106,fashion,2026-04-01 04:19:28,1378.83,dev_54da87d6b0,region_22,upi,success,2026-03-22
txn_0169632,cust_01760,merch_0026,digital_goods,2026-04-01 04:19:37,56.49,dev_25300393df,region_23,upi,success,2025-11-27
txn_0049620,cust_00512,merch_0110,digital_goods,2026-04-01 04:19:40,573.3,dev_67d1d4ef3e,region_19,upi,success,2025-08-09
txn_0155239,cust_01602,merch_0064,food_delivery,2026-04-01 04:19:42,1178.19,dev_84ae533020,region_20,upi,success,2025-04-27
txn_0162674,cust_01683,merch_0024,fashion,2026-04-01 04:19:55,697.73,dev_31878d100b,region_07,wallet,success,2024-10-25
txn_0153084,cust_01585,merch_0170,electronics,2026-04-01 04:20:02,354.28,dev_93bc697d66,region_22,netbanking,success,2025-09-28
txn_0176740,cust_01834,merch_0131,electronics,2026-04-01 04:20:04,673.03,dev_6e65390a79,region_23,card,success,2024-08-20
txn_0046181,cust_00479,merch_0013,travel,2026-04-01 04:20:35,201.17,dev_23eeafd975,region_05,upi,success,2025-11-23
txn_0120925,cust_01242,merch_0110,digital_goods,2026-04-01 04:20:37,444.34,dev_604bf2fac2,region_24,card,success,2023-08-19
txn_0182286,cust_01888,merch_0176,electronics,2026-04-01 04:21:16,235.53,dev_cc8d5d34ff,region_19,netbanking,success,2026-02-06
txn_0169775,cust_01762,merch_0145,digital_goods,2026-04-01 04:21:25,849.69,dev_e12e0d086b,region_22,card,success,2026-03-07
txn_0176468,cust_01830,merch_0174,groceries,2026-04-01 04:21:28,1086.63,dev_c5a9e47f4f,region_06,card,success,2025-09-16
txn_0004414,cust_00044,merch_0049,fashion,2026-04-01 04:21:40,359.57,dev_a4f22e4a2f,region_24,upi,success,2026-02-20
txn_0194575,cust_02016,merch_0165,groceries,2026-04-01 04:23:30,928.39,dev_7d27dcec7b,region_24,card,success,2025-08-22
txn_0162345,cust_01681,merch_0052,food_delivery,2026-04-01 04:24:27,1388.57,dev_6fac734816,region_23,card,success,2026-02-15
txn_0204490,cust_02119,merch_0102,food_delivery,2026-04-01 04:24:36,187.98,dev_9c3a3aaf62,region_12,card,success,2026-03-25
txn_0108427,cust_01119,merch_0074,travel,2026-04-01 04:24:38,210.49,dev_32c5ca85be,region_21,wallet,success,2024-06-02
txn_0075115,cust_00781,merch_0179,travel,2026-04-01 04:24:47,245.07,dev_71f87d72f8,region_21,upi,success,2026-03-23
txn_0106813,cust_01101,merch_0090,home_goods,2026-04-01 04:24:52,384.25,dev_d68e5bbedb,region_17,netbanking,success,2025-12-24
txn_0049280,cust_00508,merch_0098,electronics,2026-04-01 04:25:12,1036.74,dev_661c770a87,region_04,card,success,2026-02-25
txn_0012275,cust_00134,merch_0039,fashion,2026-04-01 04:25:50,725.46,dev_cabf4f7aba,region_07,card,success,2026-01-07
txn_0125193,cust_01294,merch_0046,digital_goods,2026-04-01 04:27:29,599.05,dev_62d0264ff7,region_08,card,success,2026-03-31
txn_0050132,cust_00518,merch_0068,travel,2026-04-01 04:27:37,743.28,dev_1682d79787,region_18,upi,success,2026-02-17
txn_0090601,cust_00934,merch_0007,electronics,2026-04-01 04:27:41,846.94,dev_7e9897e27c,region_19,card,success,2025-03-20
txn_0009848,cust_00106,merch_0020,digital_goods,2026-04-01 04:28:05,4677.64,dev_1b6022de24,region_23,upi,success,2026-03-30
txn_0210053,cust_02172,merch_0143,electronics,2026-04-01 04:28:08,1029.51,dev_d3367ce637,region_09,card,success,2025-09-30
txn_0070569,cust_00734,merch_0103,home_goods,2026-04-01 04:28:20,1579.36,dev_3d805d2c98,region_10,card,success,2025-02-20
txn_0122434,cust_01259,merch_0101,digital_goods,2026-04-01 04:28:26,1570.53,dev_12bf47785d,region_16,upi,success,2025-05-22
txn_0067568,cust_00703,merch_0146,food_delivery,2026-04-01 04:29:19,138.04,dev_1d45d12eee,region_02,upi,success,2025-09-14
txn_0171163,cust_01779,merch_0060,food_delivery,2026-04-01 04:29:26,419.53,dev_46f6e9bcfc,region_13,netbanking,success,2026-03-09
txn_0118931,cust_01221,merch_0000,travel,2026-04-01 04:29:40,471.05,dev_c94e89c220,region_01,card,success,2026-01-10
txn_0059282,cust_00615,merch_0063,groceries,2026-04-01 04:29:45,1189.39,dev_13d6f2d9ed,region_04,upi,success,2025-10-02
txn_0023130,cust_00245,merch_0065,food_delivery,2026-04-01 04:29:54,67.18,dev_510f51fc55,region_07,card,success,2025-04-02
txn_0090110,cust_00929,merch_0167,electronics,2026-04-01 04:29:59,254.93,dev_e34047fba0,region_12,card,success,2025-08-30
txn_0080296,cust_00831,merch_0057,digital_goods,2026-04-01 04:30:21,85.14,dev_2d99f73350,region_05,card,success,2025-06-03
txn_0032486,cust_00337,merch_0092,travel,2026-04-01 04:30:41,289.05,dev_7490f23c73,region_13,card,success,2026-03-25
txn_0006710,cust_00069,merch_0131,electronics,2026-04-01 04:30:51,287.21,dev_d401a030f3,region_03,upi,success,2025-07-23
txn_0002754,cust_00026,merch_0082,groceries,2026-04-01 04:31:00,540.85,dev_3d6886d22a,region_08,upi,success,2025-12-24
txn_0187478,cust_01950,merch_0051,fashion,2026-04-01 04:31:46,453.99,dev_f4f0202578,region_06,card,success,2025-09-22
txn_0110485,cust_01139,merch_0026,digital_goods,2026-04-01 04:32:09,2633.85,dev_06a0ff2bb4,region_15,upi,success,2026-03-25
txn_0113552,cust_01171,merch_0077,home_goods,2026-04-01 04:32:46,440.72,dev_5a1e122c2a,region_11,netbanking,success,2025-12-05
txn_0118033,cust_01212,merch_0147,food_delivery,2026-04-01 04:32:47,1385.8,dev_810053eabf,region_24,upi,success,2026-03-11
txn_0086876,cust_00892,merch_0002,fashion,2026-04-01 04:33:06,242.53,dev_9414971a81,region_08,netbanking,success,2025-03-14
txn_0028191,cust_00300,merch_0032,digital_goods,2026-04-01 04:33:15,471.47,dev_1826f4ce93,region_05,card,success,2025-11-11
txn_0018679,cust_00199,merch_0151,fashion,2026-04-01 04:33:18,201.97,dev_2ee0ae50d5,region_18,netbanking,success,2026-03-18
txn_0008639,cust_00096,merch_0127,groceries,2026-04-01 04:33:24,603.33,dev_01ccda8f38,region_11,card,success,2025-03-26
txn_0204543,cust_02120,merch_0147,food_delivery,2026-04-01 04:33:32,203.12,dev_1759a40437,region_13,card,success,2025-11-02
txn_0116256,cust_01193,merch_0168,digital_goods,2026-04-01 04:33:33,3576.37,dev_01c3db30a9,region_13,card,success,2025-06-26
txn_0165049,cust_01710,merch_0153,electronics,2026-04-01 04:33:50,321.27,dev_71ae001e97,region_20,netbanking,success,2026-03-31
txn_0142247,cust_01479,merch_0114,food_delivery,2026-04-01 04:34:04,648.52,dev_40b3135a69,region_02,card,success,2025-11-08
txn_0173366,cust_01800,merch_0053,travel,2026-04-01 04:34:10,166.67,dev_299cbedad7,region_05,upi,success,2025-11-18
txn_0182520,cust_01892,merch_0035,electronics,2026-04-01 04:34:31,2259.86,dev_9f0c59f9a5,region_20,card,success,2026-03-06
txn_0171366,cust_01781,merch_0162,digital_goods,2026-04-01 04:34:55,1051.55,dev_5042bc921f,region_02,upi,success,2025-09-03
txn_0014739,cust_00160,merch_0060,food_delivery,2026-04-01 04:35:35,381.59,dev_9bb527e5b6,region_21,card,success,2024-03-09
txn_0136514,cust_01423,merch_0143,electronics,2026-04-01 04:36:11,373.66,dev_78bd9a62e7,region_02,card,success,2024-08-23
txn_0082769,cust_00854,merch_0027,digital_goods,2026-04-01 04:37:15,348.17,dev_d87a43e832,region_07,card,success,2024-08-13
txn_0137965,cust_01434,merch_0049,fashion,2026-04-01 04:37:15,657.52,dev_69bb8eed83,region_04,card,success,2024-04-09
txn_0205573,cust_02131,merch_0048,groceries,2026-04-01 04:37:31,2659.84,dev_3e012844be,region_09,upi,success,2025-04-29
txn_0087939,cust_00904,merch_0001,fashion,2026-04-01 04:38:11,1316.89,dev_23744ee9b7,region_19,netbanking,success,2026-03-12
txn_0188932,cust_01961,merch_0142,fashion,2026-04-01 04:38:16,484.0,dev_0a8011d955,region_20,card,success,2025-11-16
txn_0053642,cust_00557,merch_0074,travel,2026-04-01 04:38:18,175.4,dev_5e090e5606,region_13,upi,success,2026-01-11
txn_0024427,cust_00260,merch_0028,digital_goods,2026-04-01 04:38:29,2807.58,dev_ae6daad841,region_15,card,success,2025-11-18
txn_0129414,cust_01340,merch_0093,groceries,2026-04-01 04:38:33,862.74,dev_be354a65f4,region_11,card,success,2025-06-16
txn_0051419,cust_00535,merch_0170,electronics,2026-04-01 04:38:48,179.51,dev_d1d8dd0b50,region_11,card,success,2025-08-25
txn_0174035,cust_01806,merch_0067,travel,2026-04-01 04:39:29,1936.35,dev_268b1049fa,region_17,wallet,success,2025-08-11
txn_0199021,cust_02061,merch_0165,groceries,2026-04-01 04:39:58,130.33,dev_4a9be52dff,region_24,card,success,2024-06-05
txn_0165921,cust_01717,merch_0017,travel,2026-04-01 04:41:39,175.87,dev_e93d03c318,region_07,card,success,2025-12-11
txn_0175743,cust_01826,merch_0148,home_goods,2026-04-01 04:42:49,1101.89,dev_23c16e6a8f,region_15,card,success,2024-12-06
txn_0199516,cust_02063,merch_0175,groceries,2026-04-01 04:42:54,451.26,dev_86f415a658,region_06,card,success,2025-07-21
txn_0203410,cust_02108,merch_0066,fashion,2026-04-01 04:42:54,1737.01,dev_d26736e6ca,region_03,upi,failed,2025-11-04
txn_0151063,cust_01560,merch_0087,travel,2026-04-01 04:43:09,2122.26,dev_80436ea04b,region_20,netbanking,success,2025-04-06
txn_0132308,cust_01370,merch_0165,groceries,2026-04-01 04:43:23,939.89,dev_803e98f804,region_13,upi,success,2026-02-17
txn_0097440,cust_01000,merch_0130,food_delivery,2026-04-01 04:43:26,191.5,dev_7560318d42,region_09,card,success,2026-01-09
txn_0146519,cust_01515,merch_0101,digital_goods,2026-04-01 04:43:35,2021.64,dev_0865d6e1b4,region_15,upi,success,2026-02-04
txn_0001619,cust_00016,merch_0176,electronics,2026-04-01 04:43:44,1350.68,dev_ff4d7123cb,region_05,card,success,2026-03-16
txn_0184713,cust_01918,merch_0095,digital_goods,2026-04-01 04:43:48,172.01,dev_50dcc1b5f1,region_21,card,success,2025-05-25
txn_0101117,cust_01045,merch_0065,food_delivery,2026-04-01 04:44:27,418.68,dev_4fddf09591,region_03,upi,success,2025-08-27
txn_0165220,cust_01711,merch_0002,fashion,2026-04-01 04:44:59,420.41,dev_ad125b217c,region_17,netbanking,success,2025-12-06
txn_0103620,cust_01068,merch_0121,digital_goods,2026-04-01 04:46:20,1020.7,dev_48588f187b,region_04,card,success,2026-01-26
txn_0000871,cust_00009,merch_0019,travel,2026-04-01 04:46:31,236.15,dev_c5b5464c6f,region_14,card,success,2025-01-09
txn_0062320,cust_00645,merch_0003,food_delivery,2026-04-01 04:47:10,432.36,dev_c4399b3d60,region_03,upi,success,2025-10-19
txn_0130989,cust_01353,merch_0072,home_goods,2026-04-01 04:47:14,447.21,dev_96c4b50677,region_12,netbanking,success,2025-05-01
txn_0045815,cust_00475,merch_0134,electronics,2026-04-01 04:47:30,555.25,dev_61177e7a37,region_22,card,success,2026-03-06
txn_0200340,cust_02071,merch_0117,groceries,2026-04-01 04:47:45,267.69,dev_be3b01e176,region_19,card,success,2026-03-23
txn_0118035,cust_01212,merch_0132,groceries,2026-04-01 04:48:30,2694.07,dev_810053eabf,region_24,netbanking,success,2026-03-11
txn_0128190,cust_01330,merch_0096,digital_goods,2026-04-01 04:48:32,661.57,dev_432ae29a51,region_05,netbanking,success,2025-09-26
txn_0201034,cust_02082,merch_0155,travel,2026-04-01 04:48:37,611.72,dev_6ed5e5ab0b,region_06,card,success,2024-09-06
txn_0136515,cust_01423,merch_0005,electronics,2026-04-01 04:48:42,386.91,dev_78bd9a62e7,region_02,upi,success,2024-08-23
txn_0072433,cust_00754,merch_0000,travel,2026-04-01 04:49:11,677.68,dev_f653172ed6,region_21,upi,success,2024-05-20
txn_0128314,cust_01331,merch_0168,digital_goods,2026-04-01 04:50:11,4937.39,dev_add885596d,region_23,card,success,2026-03-17
txn_0084985,cust_00872,merch_0114,food_delivery,2026-04-01 04:50:13,180.36,dev_3449e26eac,region_05,card,success,2025-07-09
txn_0081561,cust_00843,merch_0101,digital_goods,2026-04-01 04:50:14,583.11,dev_d3f5eadca0,region_05,upi,success,2026-03-07
txn_0136413,cust_01422,merch_0153,electronics,2026-04-01 04:50:21,599.43,dev_0907250a39,region_10,card,success,2025-08-30
txn_0145313,cust_01504,merch_0012,food_delivery,2026-04-01 04:50:25,1234.57,dev_d530de1701,region_17,card,success,2025-12-22
txn_0020644,cust_00219,merch_0094,home_goods,2026-04-01 04:51:05,3209.4,dev_6c15306438,region_01,upi,failed,2025-10-07
txn_0167809,cust_01734,merch_0152,electronics,2026-04-01 04:51:06,168.02,dev_014fa24f33,region_15,wallet,success,2023-10-21
txn_0113347,cust_01169,merch_0066,fashion,2026-04-01 04:53:23,365.25,dev_b054a24fd6,region_06,card,success,2025-11-09
txn_0077501,cust_00801,merch_0048,groceries,2026-04-01 04:53:23,957.98,dev_f1da04c444,region_15,netbanking,success,2025-09-20
txn_0138867,cust_01441,merch_0075,travel,2026-04-01 04:54:07,125.38,dev_4d4501ad4e,region_18,card,success,2024-12-23
txn_0059158,cust_00613,merch_0099,fashion,2026-04-01 04:54:20,1728.27,dev_eb4f3efa6a,region_11,card,success,2025-11-07
txn_0153086,cust_01585,merch_0082,groceries,2026-04-01 04:54:23,305.39,dev_93bc697d66,region_22,card,success,2025-09-28
txn_0010896,cust_00116,merch_0020,digital_goods,2026-04-01 04:54:24,329.96,dev_37aad861b4,region_09,card,success,2026-02-23
txn_0102919,cust_01064,merch_0145,digital_goods,2026-04-01 04:54:44,949.74,dev_a036f63159,region_14,card,success,2025-06-23
txn_0019551,cust_00206,merch_0008,travel,2026-04-01 04:55:00,908.29,dev_30abdb80c7,region_12,upi,success,2024-05-20
txn_0026573,cust_00281,merch_0050,digital_goods,2026-04-01 04:55:57,1251.26,dev_4bc3f498b6,region_08,card,success,2025-04-25
txn_0132444,cust_01373,merch_0024,fashion,2026-04-01 04:56:14,2080.75,dev_cb39fa4b21,region_21,upi,failed,2025-09-12
txn_0095434,cust_00980,merch_0074,travel,2026-04-01 04:57:54,213.75,dev_6d3f4d2f17,region_07,card,success,2025-02-16
txn_0166229,cust_01719,merch_0103,home_goods,2026-04-01 04:58:18,13612.67,dev_c53011d72b,region_05,card,success,2025-03-18
txn_0111768,cust_01152,merch_0171,food_delivery,2026-04-01 04:59:07,267.83,dev_c189ffc89b,region_11,upi,success,2025-11-03
txn_0020488,cust_00218,merch_0160,electronics,2026-04-01 04:59:09,1775.31,dev_01ec66bcd9,region_07,card,success,2026-02-23
txn_0000301,cust_00003,merch_0173,electronics,2026-04-01 04:59:49,1043.43,dev_61c49512f5,region_20,card,success,2025-12-30
txn_0166645,cust_01723,merch_0000,travel,2026-04-01 04:59:50,1066.85,dev_df5eff52c2,region_16,netbanking,success,2026-03-02
txn_0034199,cust_00352,merch_0083,digital_goods,2026-04-01 04:59:53,975.09,dev_72f9b58f92,region_03,card,success,2026-02-01
txn_0141065,cust_01468,merch_0039,fashion,2026-04-01 04:59:58,6920.82,dev_d3bc32a10b,region_12,card,failed,2026-02-05
txn_0160251,cust_01664,merch_0038,travel,2026-04-01 05:00:49,285.71,dev_574e6c44e5,region_03,upi,success,2026-01-26
txn_0033984,cust_00351,merch_0096,digital_goods,2026-04-01 05:01:12,1233.91,dev_d70798ebdb,region_14,card,failed,2025-08-02
txn_0009849,cust_00106,merch_0150,food_delivery,2026-04-01 05:01:15,1299.29,dev_1b6022de24,region_23,upi,success,2026-03-30
txn_0165050,cust_01710,merch_0147,food_delivery,2026-04-01 05:01:33,613.68,dev_71ae001e97,region_20,upi,success,2026-03-31
txn_0099764,cust_01029,merch_0072,home_goods,2026-04-01 05:02:27,282.33,dev_d884d6c2e2,region_07,netbanking,success,2026-01-09
txn_0096061,cust_00984,merch_0055,digital_goods,2026-04-01 05:02:37,547.79,dev_f745a6ac30,region_14,card,success,2025-07-22
txn_0046976,cust_00484,merch_0047,groceries,2026-04-01 05:02:54,1140.15,dev_52eba765f0,region_09,upi,success,2025-02-08
txn_0185878,cust_01932,merch_0003,food_delivery,2026-04-01 05:03:16,415.74,dev_a5d8ff78b1,region_19,netbanking,success,2026-01-14
txn_0196923,cust_02037,merch_0125,fashion,2026-04-01 05:03:38,2275.51,dev_98d9bd2131,region_23,card,success,2026-03-18
txn_0166560,cust_01722,merch_0024,fashion,2026-04-01 05:03:43,1530.91,dev_375125e87d,region_21,card,success,2025-05-09
txn_0078108,cust_00806,merch_0138,digital_goods,2026-04-01 05:04:08,124.01,dev_85d96c66fa,region_04,card,success,2025-11-03
txn_0124257,cust_01288,merch_0061,electronics,2026-04-01 05:04:16,124.93,dev_4c2faa4404,region_17,upi,success,2023-10-30
txn_0010492,cust_00114,merch_0076,electronics,2026-04-01 05:04:27,3487.54,dev_e15ca629b3,region_11,card,success,2026-01-14
txn_0051116,cust_00533,merch_0040,groceries,2026-04-01 05:04:45,791.39,dev_814cd12b36,region_23,card,success,2026-03-11
txn_0185655,cust_01928,merch_0068,travel,2026-04-01 05:05:02,1451.65,dev_47ca33576d,region_03,netbanking,success,2026-01-09
txn_0139527,cust_01452,merch_0118,groceries,2026-04-01 05:05:37,3477.57,dev_e255f7ca31,region_21,netbanking,success,2026-03-08
txn_0064492,cust_00670,merch_0079,fashion,2026-04-01 05:05:46,178.56,dev_67ac2b2ddf,region_18,netbanking,success,2024-06-02
txn_0204969,cust_02123,merch_0104,travel,2026-04-01 05:05:59,497.14,dev_76caeafcb1,region_02,upi,success,2025-11-23
txn_0156616,cust_01618,merch_0158,groceries,2026-04-01 05:07:09,1156.11,dev_e6ce033b7f,region_21,wallet,success,2025-10-25
txn_0206399,cust_02139,merch_0067,travel,2026-04-01 05:07:24,94.2,dev_031ece3c92,region_12,card,success,2026-02-15
txn_0053147,cust_00552,merch_0115,home_goods,2026-04-01 05:07:28,1973.12,dev_0ff8651df5,region_13,card,success,2026-03-28
txn_0185757,cust_01931,merch_0034,home_goods,2026-04-01 05:07:42,1087.81,dev_4969b860d9,region_01,card,success,2025-12-17
txn_0030809,cust_00320,merch_0169,electronics,2026-04-01 05:07:48,1248.11,dev_52aadb7964,region_10,card,success,2025-08-19
txn_0095295,cust_00979,merch_0097,electronics,2026-04-01 05:08:29,503.57,dev_9466176462,region_23,card,failed,2025-11-01
txn_0103622,cust_01068,merch_0175,groceries,2026-04-01 05:09:10,666.65,dev_48588f187b,region_04,upi,success,2026-01-26
txn_0017935,cust_00191,merch_0088,groceries,2026-04-01 05:09:32,1986.06,dev_20866868bf,region_16,upi,success,2026-01-10
txn_0072305,cust_00753,merch_0094,home_goods,2026-04-01 05:09:40,2507.66,dev_c96cffe37c,region_08,upi,success,2026-01-11
txn_0170791,cust_01775,merch_0050,digital_goods,2026-04-01 05:09:56,1162.59,dev_d8743d9bec,region_13,card,success,2025-12-31
txn_0080380,cust_00832,merch_0166,groceries,2026-04-01 05:09:57,1158.41,dev_c27a2bef1b,region_13,upi,success,2024-12-16
txn_0096917,cust_00993,merch_0177,fashion,2026-04-01 05:10:26,1833.69,dev_7dd9c700f6,region_08,card,success,2023-08-30
txn_0115935,cust_01191,merch_0034,home_goods,2026-04-01 05:10:54,681.16,dev_b4c1aa4276,region_20,card,success,2026-03-24
txn_0004605,cust_00046,merch_0082,groceries,2026-04-01 05:11:02,1323.22,dev_055b839f1b,region_18,netbanking,success,2025-08-24
txn_0072436,cust_00754,merch_0139,digital_goods,2026-04-01 05:11:05,1007.04,dev_f653172ed6,region_21,card,success,2024-05-20
txn_0044055,cust_00458,merch_0155,travel,2026-04-01 05:11:53,531.17,dev_7486b4e3f7,region_13,netbanking,success,2024-11-22
txn_0139491,cust_01451,merch_0178,travel,2026-04-01 05:12:52,3307.23,dev_dc50d8a173,region_06,card,failed,2026-01-24
txn_0073675,cust_00771,merch_0075,travel,2026-04-01 05:12:54,172.65,dev_56e7973245,region_17,upi,success,2025-07-25
txn_0090243,cust_00931,merch_0121,digital_goods,2026-04-01 05:12:56,230.88,dev_0830874aea,region_12,upi,success,2026-02-23
txn_0021193,cust_00223,merch_0014,digital_goods,2026-04-01 05:12:59,169.96,dev_52e78595ab,region_19,upi,success,2025-10-03
txn_0165753,cust_01716,merch_0089,fashion,2026-04-01 05:14:48,948.4,dev_26a975e418,region_23,card,success,2025-12-13
txn_0012429,cust_00135,merch_0014,digital_goods,2026-04-01 05:15:14,523.59,dev_143342cef2,region_24,netbanking,success,2025-09-24
txn_0067770,cust_00705,merch_0045,home_goods,2026-04-01 05:15:23,1623.46,dev_3ef8a739de,region_16,card,success,2025-04-06
txn_0158016,cust_01634,merch_0123,fashion,2026-04-01 05:15:36,129.19,dev_95413a069b,region_03,wallet,success,2025-11-25
txn_0078881,cust_00817,merch_0079,fashion,2026-04-01 05:16:37,4731.63,dev_b19221b364,region_05,upi,failed,2026-03-08
txn_0126998,cust_01317,merch_0088,groceries,2026-04-01 05:16:59,1077.39,dev_989b95eb0f,region_13,wallet,success,2026-02-16
txn_0011418,cust_00122,merch_0027,digital_goods,2026-04-01 05:17:10,996.1,dev_433e264f80,region_21,netbanking,failed,2025-12-03
txn_0168489,cust_01744,merch_0044,groceries,2026-04-01 05:17:50,195.01,dev_7fa54de8f4,region_23,upi,success,2026-03-19
txn_0067571,cust_00703,merch_0133,home_goods,2026-04-01 05:18:00,1554.98,dev_1d45d12eee,region_02,card,failed,2025-09-14
txn_0156198,cust_01613,merch_0001,fashion,2026-04-01 05:18:15,721.37,dev_4e9709a6bf,region_16,netbanking,success,2024-05-07
txn_0176702,cust_01833,merch_0118,groceries,2026-04-01 05:18:31,469.49,dev_a9ab83ad23,region_23,netbanking,success,2026-03-11
txn_0093449,cust_00960,merch_0123,fashion,2026-04-01 05:18:48,7703.38,dev_e3fb914669,region_15,card,success,2025-05-29
txn_0189671,cust_01967,merch_0118,groceries,2026-04-01 05:20:19,598.14,dev_1afb6a3129,region_22,card,success,2026-02-04
txn_0211486,cust_02183,merch_0037,electronics,2026-04-01 05:20:52,3313.53,dev_1629597f47,region_11,upi,success,2025-08-05
txn_0166228,cust_01719,merch_0030,home_goods,2026-04-01 05:21:00,111.01,dev_c53011d72b,region_05,upi,success,2025-03-18
txn_0090600,cust_00934,merch_0084,home_goods,2026-04-01 05:21:20,601.16,dev_7e9897e27c,region_19,card,failed,2025-03-20
txn_0176469,cust_01830,merch_0094,home_goods,2026-04-01 05:22:37,861.76,dev_c5a9e47f4f,region_06,netbanking,success,2025-09-16
txn_0057345,cust_00598,merch_0171,food_delivery,2026-04-01 05:23:50,835.38,dev_75813bff8f,region_04,card,success,2026-01-23
txn_0011700,cust_00127,merch_0039,fashion,2026-04-01 05:24:26,244.8,dev_827c0a9161,region_11,upi,failed,2025-11-20
txn_0132143,cust_01368,merch_0135,home_goods,2026-04-01 05:24:32,221.07,dev_80c266dcac,region_13,upi,success,2026-02-15
txn_0108424,cust_01119,merch_0154,digital_goods,2026-04-01 05:24:40,200.23,dev_32c5ca85be,region_21,wallet,success,2024-06-02
txn_0139530,cust_01452,merch_0124,electronics,2026-04-01 05:25:19,2527.74,dev_e255f7ca31,region_21,card,success,2026-03-08
txn_0004902,cust_00048,merch_0168,digital_goods,2026-04-01 05:26:10,364.12,dev_f4e392b549,region_13,card,success,2025-12-13
txn_0066938,cust_00695,merch_0029,food_delivery,2026-04-01 05:26:22,1323.01,dev_1b108f06bd,region_03,card,success,2025-08-06
txn_0187476,cust_01950,merch_0148,home_goods,2026-04-01 05:26:25,373.47,dev_f4f0202578,region_06,upi,success,2025-09-22
txn_0175737,cust_01826,merch_0158,groceries,2026-04-01 05:27:44,923.04,dev_23c16e6a8f,region_15,upi,success,2024-12-06
txn_0078882,cust_00817,merch_0089,fashion,2026-04-01 05:27:54,4566.15,dev_b19221b364,region_05,netbanking,success,2026-03-08
txn_0066500,cust_00690,merch_0000,travel,2026-04-01 05:28:28,495.1,dev_a3c3a38f19,region_11,upi,success,2023-08-05
txn_0024814,cust_00264,merch_0150,food_delivery,2026-04-01 05:29:00,1088.23,dev_ef3264c8f2,region_05,card,success,2026-03-09
txn_0097617,cust_01002,merch_0037,electronics,2026-04-01 05:30:24,802.17,dev_031954116e,region_03,card,success,2025-09-18
txn_0034940,cust_00358,merch_0050,digital_goods,2026-04-01 05:30:25,683.58,dev_3b5a080886,region_04,card,success,2026-02-05
txn_0086987,cust_00894,merch_0119,home_goods,2026-04-01 05:30:31,275.97,dev_b60f401f47,region_19,card,success,2025-12-22
txn_0039909,cust_00411,merch_0083,digital_goods,2026-04-01 05:30:44,220.22,dev_99b543fae7,region_05,card,success,2025-10-07
txn_0101115,cust_01045,merch_0044,groceries,2026-04-01 05:31:08,602.36,dev_4fddf09591,region_03,card,success,2025-08-27
txn_0157784,cust_01632,merch_0137,digital_goods,2026-04-01 05:32:07,177.18,dev_a150126b03,region_20,upi,success,2026-02-20
txn_0179599,cust_01863,merch_0111,digital_goods,2026-04-01 05:32:25,84.72,dev_ff9a3699c2,region_15,netbanking,success,2026-03-26
txn_0031763,cust_00333,merch_0047,groceries,2026-04-01 05:32:46,1050.89,dev_534c21e371,region_17,upi,success,2026-01-06
txn_0115514,cust_01188,merch_0073,electronics,2026-04-01 05:33:24,191.2,dev_175fccc318,region_14,upi,success,2025-09-05
txn_0095134,cust_00977,merch_0073,electronics,2026-04-01 05:33:32,1164.69,dev_1bf48672ac,region_09,upi,success,2026-03-28
txn_0147692,cust_01528,merch_0167,electronics,2026-04-01 05:34:37,161.19,dev_1a6754fa1e,region_18,upi,success,2026-02-06
txn_0159643,cust_01657,merch_0142,fashion,2026-04-01 05:34:41,219.01,dev_d2eb71a3b7,region_15,upi,success,2025-08-20
txn_0093476,cust_00961,merch_0148,home_goods,2026-04-01 05:34:53,396.98,dev_d899ca1b32,region_05,card,success,2025-03-22
txn_0112889,cust_01165,merch_0064,food_delivery,2026-04-01 05:35:16,187.95,dev_90f4cb3afb,region_12,upi,success,2026-03-25
txn_0089156,cust_00921,merch_0057,digital_goods,2026-04-01 05:35:53,1462.71,dev_d1d8aa3dda,region_18,card,success,2026-01-03
txn_0107195,cust_01107,merch_0125,fashion,2026-04-01 05:36:18,432.5,dev_1a3302a87b,region_19,card,success,2025-12-15
txn_0132836,cust_01377,merch_0100,groceries,2026-04-01 05:36:20,12.42,dev_bc3c3dea65,region_21,upi,success,2026-02-27
txn_0170136,cust_01766,merch_0139,digital_goods,2026-04-01 05:37:36,564.71,dev_c5a7e4c8f0,region_11,upi,success,2024-12-02
txn_0104421,cust_01075,merch_0155,travel,2026-04-01 05:37:38,539.66,dev_4692c00290,region_23,upi,success,2024-08-29
txn_0200278,cust_02069,merch_0136,groceries,2026-04-01 05:38:10,71.6,dev_e5e786828f,region_11,card,success,2025-06-30
txn_0077807,cust_00803,merch_0160,electronics,2026-04-01 05:38:15,563.76,dev_9e1bc4c1d6,region_09,netbanking,success,2025-09-19
txn_0034420,cust_00353,merch_0040,groceries,2026-04-01 05:38:30,912.87,dev_da120bb290,region_14,upi,success,2024-11-13
txn_0145134,cust_01501,merch_0078,digital_goods,2026-04-01 05:38:33,1049.19,dev_26864d531c,region_21,card,success,2024-06-14
txn_0183652,cust_01907,merch_0029,food_delivery,2026-04-01 05:38:52,947.64,dev_6e5adcf7f9,region_24,card,success,2026-03-06
txn_0165751,cust_01716,merch_0048,groceries,2026-04-01 05:39:01,547.25,dev_26a975e418,region_23,card,success,2025-12-13
txn_0163475,cust_01695,merch_0079,fashion,2026-04-01 05:39:25,1152.69,dev_0e13ff0a69,region_23,wallet,success,2025-10-20
txn_0155811,cust_01606,merch_0110,digital_goods,2026-04-01 05:40:36,1439.19,dev_24d0b570c4,region_16,card,success,2026-02-16
txn_0126311,cust_01309,merch_0013,travel,2026-04-01 05:41:57,2228.02,dev_999ef77d51,region_03,card,success,2025-10-07
txn_0049205,cust_00507,merch_0036,travel,2026-04-01 05:42:48,278.54,dev_2af746fb4b,region_11,card,success,2025-10-20
txn_0091762,cust_00940,merch_0100,groceries,2026-04-01 05:42:56,263.88,dev_4bb6197c04,region_02,card,success,2024-07-03
txn_0122052,cust_01254,merch_0072,home_goods,2026-04-01 05:42:57,790.39,dev_f4b57c4c1f,region_11,upi,failed,2026-03-21
txn_0082916,cust_00856,merch_0106,fashion,2026-04-01 05:43:11,424.64,dev_55f2f5be1e,region_09,card,success,2025-12-17
txn_0119907,cust_01232,merch_0096,digital_goods,2026-04-01 05:43:22,441.15,dev_897eb30403,region_05,upi,success,2026-02-08
txn_0092836,cust_00953,merch_0037,electronics,2026-04-01 05:44:22,665.32,dev_a6577f428d,region_02,netbanking,success,2025-02-13
txn_0122554,cust_01261,merch_0147,food_delivery,2026-04-01 05:44:28,831.45,dev_0de4ae971a,region_24,card,success,2025-11-11
txn_0132728,cust_01376,merch_0138,digital_goods,2026-04-01 05:45:38,1955.29,dev_8d816e44ff,region_19,upi,success,2025-06-05
txn_0203736,cust_02112,merch_0100,groceries,2026-04-01 05:45:52,1398.76,dev_68ea085bec,region_18,upi,success,2025-12-19
txn_0212674,cust_02197,merch_0052,food_delivery,2026-04-01 05:46:30,1571.94,dev_0626bf2a26,region_02,upi,success,2024-07-17
txn_0019718,cust_00207,merch_0067,travel,2026-04-01 05:47:26,92.15,dev_1e548f9807,region_12,upi,success,2025-04-15
txn_0007975,cust_00088,merch_0023,food_delivery,2026-04-01 05:47:41,361.0,dev_1e6261b420,region_18,card,success,2025-03-07
txn_0170792,cust_01775,merch_0036,travel,2026-04-01 05:48:28,1175.95,dev_d8743d9bec,region_13,upi,success,2025-12-31
txn_0001009,cust_00011,merch_0033,home_goods,2026-04-01 05:48:30,441.43,dev_d97d35dfcc,region_16,card,success,2025-12-23
txn_0084736,cust_00870,merch_0047,groceries,2026-04-01 05:49:22,744.14,dev_ac98b7e92d,region_06,upi,success,2025-12-14
txn_0205362,cust_02129,merch_0090,home_goods,2026-04-01 05:49:56,319.49,dev_03e801ad88,region_06,netbanking,success,2026-02-15
txn_0212242,cust_02192,merch_0147,food_delivery,2026-04-01 05:50:00,809.64,dev_01fe88f3b3,region_24,card,success,2026-03-19
txn_0190181,cust_01972,merch_0021,digital_goods,2026-04-01 05:50:24,106.29,dev_5a3c32c899,region_05,card,success,2026-01-01
txn_0073433,cust_00767,merch_0013,travel,2026-04-01 05:50:27,437.44,dev_9f9e252eec,region_14,netbanking,success,2025-12-14
txn_0005599,cust_00057,merch_0151,fashion,2026-04-01 05:50:40,160.1,dev_8d0f2c36f8,region_21,card,success,2026-02-04
txn_0015711,cust_00169,merch_0089,fashion,2026-04-01 05:50:48,95.51,dev_55932bfc91,region_15,card,success,2025-11-29
txn_0207380,cust_02149,merch_0116,groceries,2026-04-01 05:50:55,1139.23,dev_915044a248,region_21,upi,success,2025-12-01
txn_0070765,cust_00737,merch_0037,electronics,2026-04-01 05:51:07,409.44,dev_bd6b783c07,region_14,wallet,success,2025-11-24
txn_0079786,cust_00825,merch_0024,fashion,2026-04-01 05:51:15,1445.58,dev_b57da018c5,region_18,upi,success,2025-03-20
txn_0064496,cust_00670,merch_0177,fashion,2026-04-01 05:52:20,133.29,dev_67ac2b2ddf,region_18,card,success,2024-06-02
txn_0075356,cust_00783,merch_0058,fashion,2026-04-01 05:52:38,149.08,dev_0dbc5ae1ce,region_11,upi,success,2026-03-10
txn_0211645,cust_02185,merch_0127,groceries,2026-04-01 05:53:17,3428.7,dev_5adbd0d861,region_03,upi,success,2024-06-26
txn_0035237,cust_00361,merch_0165,groceries,2026-04-01 05:53:40,223.86,dev_773f6ee13c,region_19,upi,failed,2025-12-28
txn_0105884,cust_01087,merch_0015,food_delivery,2026-04-01 05:53:51,28177.9,dev_3bee7340f2,region_15,card,success,2026-03-03
txn_0023546,cust_00249,merch_0067,travel,2026-04-01 05:53:55,269.04,dev_2b8756bf66,region_05,upi,success,2025-11-26
txn_0130738,cust_01352,merch_0091,travel,2026-04-01 05:53:58,118.71,dev_2990e34352,region_11,card,success,2026-03-25
txn_0088355,cust_00907,merch_0033,home_goods,2026-04-01 05:54:28,1277.96,dev_1e11200a01,region_24,card,success,2023-12-08
txn_0157781,cust_01632,merch_0144,groceries,2026-04-01 05:54:57,126.12,dev_a150126b03,region_20,card,success,2026-02-20
txn_0191418,cust_01981,merch_0020,digital_goods,2026-04-01 05:55:06,1341.84,dev_497ab8e1d2,region_15,netbanking,success,2025-07-27
txn_0072435,cust_00754,merch_0002,fashion,2026-04-01 05:55:22,603.4,dev_f653172ed6,region_21,upi,success,2024-05-20
txn_0005516,cust_00056,merch_0119,home_goods,2026-04-01 05:55:34,884.3,dev_f5c3620d56,region_20,card,success,2024-11-21
txn_0144683,cust_01496,merch_0012,food_delivery,2026-04-01 05:55:44,475.1,dev_a88d03f8ab,region_02,upi,success,2025-05-17
txn_0102028,cust_01055,merch_0016,fashion,2026-04-01 05:56:43,862.67,dev_d914b1853e,region_21,card,success,2024-12-20
txn_0057157,cust_00596,merch_0061,electronics,2026-04-01 05:56:44,1262.82,dev_db2be0cba4,region_03,upi,success,2026-02-26
txn_0043004,cust_00444,merch_0098,electronics,2026-04-01 05:57:06,1627.24,dev_6cc24e2d54,region_23,wallet,success,2025-07-04
txn_0024913,cust_00266,merch_0092,travel,2026-04-01 05:57:32,1658.28,dev_e8fb7e9dac,region_09,upi,success,2025-10-13
txn_0018418,cust_00197,merch_0164,travel,2026-04-01 05:57:34,312.81,dev_e4601c9dc3,region_11,card,success,2025-06-14
txn_0016240,cust_00176,merch_0075,travel,2026-04-01 05:57:50,57.82,dev_be8e50f610,region_14,card,success,2025-12-23
txn_0124173,cust_01287,merch_0099,fashion,2026-04-01 05:58:22,350.4,dev_7c87ca4d31,region_02,card,success,2025-11-12
txn_0069306,cust_00718,merch_0016,fashion,2026-04-01 05:58:23,678.01,dev_ac5c228a0f,region_08,card,success,2026-03-11
txn_0183439,cust_01904,merch_0079,fashion,2026-04-01 05:59:22,660.52,dev_609b8d4545,region_14,card,success,2026-03-15
txn_0088356,cust_00907,merch_0120,travel,2026-04-01 05:59:41,1050.94,dev_1e11200a01,region_24,card,success,2023-12-08
txn_0198760,cust_02059,merch_0143,electronics,2026-04-01 05:59:51,2026.83,dev_21f25be0d0,region_19,card,success,2025-07-23
txn_0210679,cust_02178,merch_0139,digital_goods,2026-04-01 05:59:54,2837.48,dev_a461392416,region_05,upi,success,2026-03-23
txn_0007625,cust_00082,merch_0162,digital_goods,2026-04-01 06:00:43,934.31,dev_df78c25136,region_13,card,success,2024-10-26
txn_0199017,cust_02061,merch_0075,travel,2026-04-01 06:00:53,72.77,dev_4a9be52dff,region_24,upi,success,2024-06-05
txn_0165219,cust_01711,merch_0082,groceries,2026-04-01 06:01:29,669.71,dev_ad125b217c,region_17,card,success,2025-12-06
txn_0212050,cust_02190,merch_0077,home_goods,2026-04-01 06:02:10,612.3,dev_57a875518c,region_02,upi,success,2025-11-21
txn_0007735,cust_00083,merch_0005,electronics,2026-04-01 06:02:15,196.27,dev_f534de775d,region_20,upi,success,2025-07-24
txn_0146423,cust_01513,merch_0020,digital_goods,2026-04-01 06:03:25,3252.19,dev_c9ea0864b8,region_02,upi,success,2025-09-01
txn_0108319,cust_01118,merch_0000,travel,2026-04-01 06:03:33,1491.07,dev_2fae3917f9,region_02,card,success,2026-03-08
txn_0115883,cust_01190,merch_0087,travel,2026-04-01 06:04:29,1615.19,dev_f20002df4a,region_09,card,success,2026-03-08
txn_0208785,cust_02160,merch_0085,travel,2026-04-01 06:04:46,555.5,dev_f709182a15,region_20,card,success,2025-04-30
txn_0140581,cust_01464,merch_0175,groceries,2026-04-01 06:04:54,519.18,dev_55f1a466fa,region_04,netbanking,success,2025-10-08
txn_0137767,cust_01432,merch_0088,groceries,2026-04-01 06:05:00,323.39,dev_3c72927343,region_19,upi,success,2025-11-07
txn_0075062,cust_00780,merch_0048,groceries,2026-04-01 06:05:15,1283.99,dev_283acde6e4,region_24,card,success,2024-04-02
txn_0012701,cust_00138,merch_0014,digital_goods,2026-04-01 06:05:55,400.4,dev_e51f745979,region_21,card,success,2026-03-21
txn_0089905,cust_00928,merch_0046,digital_goods,2026-04-01 06:06:03,229.41,dev_9b3a555ca1,region_10,upi,success,2022-07-21
txn_0024665,cust_00261,merch_0147,food_delivery,2026-04-01 06:06:40,196.26,dev_5c65468d26,region_23,card,success,2024-11-02
txn_0129767,cust_01343,merch_0152,electronics,2026-04-01 06:06:40,209.84,dev_ed4b38faff,region_20,card,success,2025-12-03
txn_0041119,cust_00421,merch_0009,travel,2026-04-01 06:06:52,335.61,dev_df18a58b2c,region_23,netbanking,success,2026-02-08
txn_0056042,cust_00582,merch_0090,home_goods,2026-04-01 06:06:55,3221.75,dev_22c06c7f3a,region_03,card,success,2026-03-01
txn_0105117,cust_01081,merch_0167,electronics,2026-04-01 06:08:26,572.64,dev_a25d0a123c,region_23,card,success,2025-09-04
txn_0137985,cust_01435,merch_0122,electronics,2026-04-01 06:08:42,183.18,dev_8ffe02ee61,region_23,card,success,2025-07-26
txn_0170132,cust_01766,merch_0079,fashion,2026-04-01 06:09:40,348.7,dev_c5a7e4c8f0,region_11,netbanking,success,2024-12-02
txn_0134607,cust_01402,merch_0024,fashion,2026-04-01 06:10:07,369.86,dev_d39d2465d3,region_15,upi,success,2023-09-04
txn_0105296,cust_01082,merch_0159,electronics,2026-04-01 06:10:15,495.13,dev_46f6b34104,region_01,upi,success,2025-12-23
txn_0069133,cust_00717,merch_0057,digital_goods,2026-04-01 06:10:39,725.35,dev_1f4781a62d,region_01,netbanking,failed,2026-01-15
txn_0056343,cust_00585,merch_0122,electronics,2026-04-01 06:10:50,572.81,dev_8dbcdb9bef,region_14,card,success,2025-12-10
txn_0099845,cust_01030,merch_0080,food_delivery,2026-04-01 06:10:55,480.86,dev_9a4f94192a,region_17,upi,success,2025-10-02
txn_0082126,cust_00846,merch_0104,travel,2026-04-01 06:11:21,286.66,dev_11571ce536,region_13,upi,failed,2025-03-01
txn_0034421,cust_00353,merch_0126,food_delivery,2026-04-01 06:12:31,1051.46,dev_da120bb290,region_14,card,success,2024-11-13
txn_0096646,cust_00990,merch_0057,digital_goods,2026-04-01 06:12:51,474.13,dev_7b06fd4cab,region_12,card,success,2025-06-26
txn_0039147,cust_00404,merch_0070,home_goods,2026-04-01 06:12:57,487.68,dev_68dce1a08a,region_03,netbanking,success,2025-04-21
txn_0128860,cust_01335,merch_0103,home_goods,2026-04-01 06:13:54,329.17,dev_abf93e0c2d,region_17,upi,success,2026-02-06
txn_0183324,cust_01902,merch_0103,home_goods,2026-04-01 06:14:18,1469.02,dev_3c7801e589,region_16,wallet,success,2026-01-01
txn_0185290,cust_01925,merch_0119,home_goods,2026-04-01 06:15:46,362.52,dev_92622d20fc,region_12,card,success,2025-05-18
txn_0031589,cust_00331,merch_0146,food_delivery,2026-04-01 06:17:14,173.66,dev_655411df78,region_06,upi,success,2023-10-14
txn_0010443,cust_00113,merch_0090,home_goods,2026-04-01 06:17:15,184.84,dev_819f72e5c6,region_18,card,success,2026-01-19
txn_0209658,cust_02167,merch_0139,digital_goods,2026-04-01 06:17:50,146.54,dev_064dd200ae,region_16,card,success,2026-03-04
txn_0186475,cust_01941,merch_0107,groceries,2026-04-01 06:18:00,277.24,dev_a19d1040db,region_10,card,success,2025-07-09
txn_0070237,cust_00729,merch_0036,travel,2026-04-01 06:18:09,413.16,dev_bbe30e63b8,region_07,card,success,2025-11-14
txn_0093067,cust_00955,merch_0145,digital_goods,2026-04-01 06:18:09,3499.63,dev_dcc404e3ca,region_21,card,success,2025-01-15
txn_0108662,cust_01122,merch_0068,travel,2026-04-01 06:18:35,111.46,dev_f48d01695d,region_12,netbanking,success,2025-08-10
txn_0088768,cust_00914,merch_0002,fashion,2026-04-01 06:19:05,300.23,dev_77f037070e,region_13,card,success,2026-01-03
txn_0129415,cust_01340,merch_0008,travel,2026-04-01 06:19:27,186.06,dev_be354a65f4,region_11,card,success,2025-06-16
txn_0160702,cust_01669,merch_0046,digital_goods,2026-04-01 06:19:32,119.17,dev_b146e9119c,region_13,upi,success,2025-08-24
txn_0149848,cust_01549,merch_0076,electronics,2026-04-01 06:19:43,341.2,dev_091d5334d6,region_17,card,success,2025-11-23
txn_0123705,cust_01280,merch_0125,fashion,2026-04-01 06:20:27,1071.88,dev_e1c8c034a3,region_01,card,success,2026-03-21
txn_0057158,cust_00596,merch_0084,home_goods,2026-04-01 06:20:44,1745.74,dev_db2be0cba4,region_03,card,success,2026-02-26
txn_0035304,cust_00363,merch_0139,digital_goods,2026-04-01 06:21:25,1104.63,dev_bea67f5573,region_17,card,success,2025-07-21
txn_0098695,cust_01017,merch_0113,food_delivery,2026-04-01 06:22:04,395.08,dev_0d8e16f6b8,region_13,netbanking,success,2025-10-27
txn_0061913,cust_00641,merch_0060,food_delivery,2026-04-01 06:23:42,1553.24,dev_75887b0ccb,region_17,upi,success,2025-07-12
txn_0079357,cust_00820,merch_0002,fashion,2026-04-01 06:23:57,627.79,dev_18017ce8d2,region_09,card,success,2024-12-08
txn_0009809,cust_00105,merch_0112,electronics,2026-04-01 06:24:00,756.03,dev_584f4449d8,region_01,upi,success,2025-07-22
txn_0178636,cust_01854,merch_0145,digital_goods,2026-04-01 06:25:25,1238.62,dev_b1a9da88b5,region_01,upi,success,2024-09-10
txn_0136077,cust_01417,merch_0097,electronics,2026-04-01 06:25:27,579.14,dev_1dd80ea51a,region_03,card,success,2024-01-03
txn_0114384,cust_01179,merch_0019,travel,2026-04-01 06:26:15,509.37,dev_e924a2326c,region_07,card,success,2025-08-31
txn_0085181,cust_00874,merch_0039,fashion,2026-04-01 06:26:50,2310.48,dev_c1e814df6f,region_23,upi,success,2025-06-02
txn_0004277,cust_00043,merch_0163,digital_goods,2026-04-01 06:26:58,642.69,dev_6462bbc3ff,region_20,card,success,2024-05-17
txn_0050077,cust_00517,merch_0081,fashion,2026-04-01 06:27:20,298.6,dev_b01b97452a,region_13,card,success,2026-02-23
txn_0022662,cust_00240,merch_0175,groceries,2026-04-01 06:27:51,260.98,dev_e7f96b9ec2,region_17,wallet,success,2025-12-10
txn_0148767,cust_01540,merch_0059,digital_goods,2026-04-01 06:28:02,953.01,dev_50c5ea3628,region_21,card,success,2025-02-02
txn_0204802,cust_02122,merch_0072,home_goods,2026-04-01 06:28:39,635.55,dev_053f3b8f80,region_21,card,success,2025-01-08
txn_0084060,cust_00866,merch_0027,digital_goods,2026-04-01 06:28:42,1059.9,dev_580e185f08,region_20,card,success,2026-02-25
txn_0170134,cust_01766,merch_0078,digital_goods,2026-04-01 06:28:44,196.95,dev_c5a7e4c8f0,region_11,card,success,2024-12-02
txn_0055947,cust_00580,merch_0042,home_goods,2026-04-01 06:28:46,268.92,dev_af082b55f4,region_07,card,success,2026-03-21
txn_0176031,cust_01827,merch_0094,home_goods,2026-04-01 06:29:00,1656.47,dev_9b4b57e673,region_19,card,success,2026-03-22
txn_0104107,cust_01071,merch_0151,fashion,2026-04-01 06:29:52,4080.82,dev_c46efebda9,region_24,netbanking,success,2026-01-21
txn_0163853,cust_01699,merch_0156,digital_goods,2026-04-01 06:30:00,664.22,dev_572f06b6e2,region_12,upi,success,2026-01-16
txn_0161191,cust_01673,merch_0046,digital_goods,2026-04-01 06:30:14,320.58,dev_ba36a4b95d,region_21,card,success,2026-02-09
txn_0056428,cust_00587,merch_0060,food_delivery,2026-04-01 06:30:49,704.39,dev_e6a721b936,region_24,wallet,success,2025-03-08
txn_0049670,cust_00513,merch_0000,travel,2026-04-01 06:31:17,230.24,dev_2c416c18fd,region_17,netbanking,success,2025-12-18
txn_0081562,cust_00843,merch_0133,home_goods,2026-04-01 06:31:22,1004.74,dev_d3f5eadca0,region_05,card,success,2026-03-07
txn_0053350,cust_00555,merch_0073,electronics,2026-04-01 06:32:01,563.01,dev_02a35d474b,region_04,netbanking,success,2023-10-24
txn_0144464,cust_01495,merch_0111,digital_goods,2026-04-01 06:32:05,440.43,dev_aa508e2b25,region_21,card,success,2026-01-13
txn_0210677,cust_02178,merch_0003,food_delivery,2026-04-01 06:32:20,2111.06,dev_a461392416,region_05,upi,success,2026-03-23
txn_0121460,cust_01247,merch_0068,travel,2026-04-01 06:32:28,1021.46,dev_47df4f00a2,region_05,card,success,2025-09-20
txn_0183508,cust_01905,merch_0126,food_delivery,2026-04-01 06:32:54,199.27,dev_335e3fc1ef,region_05,card,success,2026-03-14
txn_0178918,cust_01858,merch_0057,digital_goods,2026-04-01 06:33:07,2740.63,dev_fd59012ac5,region_19,upi,success,2024-04-27
txn_0189898,cust_01968,merch_0002,fashion,2026-04-01 06:34:40,694.73,dev_6aa62318df,region_21,card,success,2026-02-10
txn_0135424,cust_01410,merch_0090,home_goods,2026-04-01 06:35:27,1021.45,dev_5cdc24a4c8,region_14,card,success,2025-10-16
txn_0175739,cust_01826,merch_0149,electronics,2026-04-01 06:35:56,549.53,dev_23c16e6a8f,region_15,upi,success,2024-12-06
txn_0038616,cust_00401,merch_0110,digital_goods,2026-04-01 06:36:01,564.0,dev_713dec5956,region_16,upi,success,2025-09-16
txn_0007137,cust_00075,merch_0081,fashion,2026-04-01 06:36:38,321.83,dev_a76de3f1cc,region_13,card,success,2024-01-26
txn_0164764,cust_01708,merch_0091,travel,2026-04-01 06:36:46,182.11,dev_9b99b074ea,region_04,card,success,2025-10-22
txn_0141709,cust_01474,merch_0152,electronics,2026-04-01 06:36:47,317.18,dev_2cc9532a7e,region_09,card,success,2025-06-11
txn_0141067,cust_01468,merch_0016,fashion,2026-04-01 06:37:06,6549.84,dev_d3bc32a10b,region_12,card,success,2026-02-05
txn_0196517,cust_02032,merch_0162,digital_goods,2026-04-01 06:37:30,1444.39,dev_cb92ca0ab4,region_12,upi,success,2025-11-11
txn_0059159,cust_00613,merch_0064,food_delivery,2026-04-01 06:37:42,438.25,dev_eb4f3efa6a,region_11,netbanking,success,2025-11-07
txn_0097844,cust_01006,merch_0076,electronics,2026-04-01 06:37:43,362.16,dev_8ca6932b23,region_07,upi,success,2025-04-04
txn_0084987,cust_00872,merch_0116,groceries,2026-04-01 06:38:35,159.12,dev_3449e26eac,region_05,upi,success,2025-07-09
txn_0134947,cust_01407,merch_0112,electronics,2026-04-01 06:38:38,445.98,dev_770c8d9655,region_07,upi,success,2025-10-31
txn_0206257,cust_02138,merch_0063,groceries,2026-04-01 06:39:21,496.92,dev_437868389f,region_14,card,success,2026-01-02
txn_0100840,cust_01041,merch_0157,travel,2026-04-01 06:39:35,77.81,dev_7406099ee3,region_05,upi,success,2025-12-13
txn_0090245,cust_00931,merch_0030,home_goods,2026-04-01 06:40:46,220.84,dev_0830874aea,region_12,upi,success,2026-02-23
txn_0008640,cust_00096,merch_0145,digital_goods,2026-04-01 06:41:08,1021.35,dev_01ccda8f38,region_11,upi,success,2025-03-26
txn_0106547,cust_01098,merch_0095,digital_goods,2026-04-01 06:41:31,142.2,dev_8c696f3512,region_14,card,success,2025-12-24
txn_0185755,cust_01931,merch_0045,home_goods,2026-04-01 06:41:43,839.53,dev_4969b860d9,region_01,card,success,2025-12-17
txn_0062754,cust_00649,merch_0153,electronics,2026-04-01 06:41:51,646.62,dev_d89ca1270c,region_05,upi,success,2025-06-20
txn_0091246,cust_00937,merch_0123,fashion,2026-04-01 06:41:55,3886.13,dev_51aace1817,region_17,upi,success,2025-09-02
txn_0075061,cust_00780,merch_0155,travel,2026-04-01 06:42:00,1153.91,dev_283acde6e4,region_24,upi,success,2024-04-02
txn_0151993,cust_01574,merch_0164,travel,2026-04-01 06:43:45,281.15,dev_5756560afb,region_02,card,success,2025-01-05
txn_0110332,cust_01137,merch_0099,fashion,2026-04-01 06:44:07,1198.53,dev_61be53f8f8,region_16,card,success,2025-11-12
txn_0110483,cust_01139,merch_0067,travel,2026-04-01 06:44:39,2372.42,dev_06a0ff2bb4,region_15,card,success,2026-03-25
txn_0053459,cust_00556,merch_0034,home_goods,2026-04-01 06:45:57,478.94,dev_8f123ba756,region_12,card,success,2025-12-10
txn_0144007,cust_01490,merch_0088,groceries,2026-04-01 06:47:29,1166.53,dev_8047fd7198,region_12,card,success,2025-10-26
txn_0119390,cust_01227,merch_0067,travel,2026-04-01 06:47:37,1152.6,dev_20257ca2cb,region_01,netbanking,success,2025-09-26
txn_0049346,cust_00509,merch_0080,food_delivery,2026-04-01 06:47:39,1848.4,dev_cce4d884d1,region_03,card,success,2025-11-20
txn_0136412,cust_01422,merch_0060,food_delivery,2026-04-01 06:49:23,1334.9,dev_0907250a39,region_10,upi,success,2025-08-30
