transaction_id,customer_id,merchant_id,merchant_category,timestamp,amount,device_id,geo_region,payment_method,status,account_created
txn_0000873,cust_00009,merch_0096,digital_goods,2026-04-01 00:09:12,211.52,dev_c5b5464c6f,region_14,upi,failed,2025-01-09
txn_0001010,cust_00011,merch_0138,digital_goods,2026-04-01 00:30:02,694.24,dev_d97d35dfcc,region_16,card,failed,2025-12-23
txn_0003181,cust_00031,merch_0159,electronics,2026-04-01 01:35:27,624.13,dev_b8ce223e2d,region_15,upi,success,2025-02-16
txn_0001620,cust_00016,merch_0020,digital_goods,2026-04-01 01:35:45,1691.19,dev_ff4d7123cb,region_05,card,success,2026-03-16
txn_0003182,cust_00031,merch_0022,groceries,2026-04-01 02:16:47,536.12,dev_b8ce223e2d,region_15,card,success,2025-02-16
txn_0001409,cust_00015,merch_0124,electronics,2026-04-01 02:25:00,924.77,dev_c85f2cd462,region_11,card,success,2025-04-26
txn_0001313,cust_00014,merch_0069,electronics,2026-04-01 02:31:20,127.9,dev_a3fb82f6fb,region_04,card,success,2024-12-15
txn_0002094,cust_00020,merch_0030,home_goods,2026-04-01 02:42:25,422.66,dev_44ebf7337f,region_16,wallet,success,2026-02-23
txn_0001618,cust_00016,merch_0030,home_goods,2026-04-01 02:46:35,1186.9,dev_ff4d7123cb,region_05,card,success,2026-03-16
txn_0000084,cust_00001,merch_0120,travel,2026-04-01 03:04:33,674.64,dev_8b01cc1cb7,region_11,card,success,2026-03-16
txn_0002455,cust_00024,merch_0056,digital_goods,2026-04-01 03:18:21,1168.3,dev_fbb25b4e5c,region_10,upi,success,2024-07-18
txn_0001412,cust_00015,merch_0111,digital_goods,2026-04-01 03:46:14,724.85,dev_c85f2cd462,region_11,upi,success,2025-04-26
txn_0002754,cust_00026,merch_0082,groceries,2026-04-01 04:31:00,540.85,dev_3d6886d22a,region_08,upi,success,2025-12-24
txn_0001619,cust_00016,merch_0176,electronics,2026-04-01 04:43:44,1350.68,dev_ff4d7123cb,region_05,card,success,2026-03-16
txn_0000871,cust_00009,merch_0019,travel,2026-04-01 04:46:31,236.15,dev_c5b5464c6f,region_14,card,success,2025-01-09
txn_0000301,cust_00003,merch_0173,electronics,2026-04-01 04:59:49,1043.43,dev_61c49512f5,region_20,card,success,2025-12-30
txn_0001009,cust_00011,merch_0033,home_goods,2026-04-01 05:48:30,441.43,dev_d97d35dfcc,region_16,card,success,2025-12-23
txn_0000302,cust_00003,merch_0142,fashion,2026-04-01 06:57:26,1237.59,dev_61c49512f5,region_20,card,success,2025-12-30
txn_0001411,cust_00015,merch_0156,digital_goods,2026-04-01 07:04:14,506.24,dev_c85f2cd462,region_11,upi,success,2025-04-26
txn_0001176,cust_00013,merch_0142,fashion,2026-04-01 07:33:48,1595.55,dev_1e3cfb13fa,region_16,card,success,2025-01-05
txn_0001312,cust_00014,merch_0056,digital_goods,2026-04-01 07:45:15,108.21,dev_a3fb82f6fb,region_04,card,success,2024-12-15
txn_0002453,cust_00024,merch_0075,travel,2026-04-01 07:49:39,1133.53,dev_fbb25b4e5c,region_10,card,success,2024-07-18
txn_0000769,cust_00007,merch_0135,home_goods,2026-04-01 07:58:48,457.7,dev_ded833c13d,region_05,upi,success,2026-01-03
txn_0002454,cust_00024,merch_0036,travel,2026-04-01 08:14:23,451.24,dev_fbb25b4e5c,region_10,upi,success,2024-07-18
txn_0003658,cust_00038,merch_0152,electronics,2026-04-01 08:22:20,401.15,dev_52f1883043,region_06,upi,success,2025-08-04
txn_0001174,cust_00013,merch_0155,travel,2026-04-01 08:28:16,2495.17,dev_1e3cfb13fa,region_16,card,success,2025-01-05
txn_0000259,cust_00002,merch_0079,fashion,2026-04-01 08:29:08,1318.54,dev_c2fe882877,region_21,card,success,2026-01-21
txn_0003748,cust_00039,merch_0090,home_goods,2026-04-01 08:43:14,3586.08,dev_4899813274,region_24,upi,success,2026-02-23
txn_0003568,cust_00037,merch_0077,home_goods,2026-04-01 08:45:53,189.72,dev_e5a094c0cb,region_22,upi,success,2026-03-22
txn_0001314,cust_00014,merch_0066,fashion,2026-04-01 08:58:06,92.28,dev_a3fb82f6fb,region_04,upi,success,2024-12-15
txn_0002898,cust_00028,merch_0020,digital_goods,2026-04-01 09:07:35,611.85,dev_0fd2ab5f2c,region_20,upi,success,2025-03-16
txn_0001410,cust_00015,merch_0040,groceries,2026-04-01 09:40:12,836.88,dev_c85f2cd462,region_11,wallet,success,2025-04-26
txn_0003183,cust_00031,merch_0089,fashion,2026-04-01 10:03:54,515.22,dev_b8ce223e2d,region_15,wallet,success,2025-02-16
txn_0002755,cust_00026,merch_0058,fashion,2026-04-01 10:07:26,555.86,dev_3d6886d22a,region_08,upi,success,2025-12-24
txn_0002178,cust_00021,merch_0156,digital_goods,2026-04-01 10:12:05,219.32,dev_23cb667f8d,region_17,upi,failed,2026-01-27
txn_0003569,cust_00037,merch_0023,food_delivery,2026-04-01 10:32:09,172.7,dev_e5a094c0cb,region_22,upi,success,2026-03-22
txn_0001617,cust_00016,merch_0081,fashion,2026-04-01 10:40:32,937.21,dev_ff4d7123cb,region_05,upi,success,2026-03-16
txn_0000474,cust_00004,merch_0060,food_delivery,2026-04-01 10:51:14,1637.58,dev_5d98562187,region_22,card,success,2025-10-27
txn_0000082,cust_00001,merch_0127,groceries,2026-04-01 11:03:56,1543.92,dev_8b01cc1cb7,region_11,card,success,2026-03-16
txn_0000261,cust_00002,merch_0144,groceries,2026-04-01 11:27:51,609.13,dev_c2fe882877,region_21,card,success,2026-01-21
txn_0003659,cust_00038,merch_0156,digital_goods,2026-04-01 11:44:30,292.14,dev_52f1883043,region_06,card,success,2025-08-04
txn_0000086,cust_00001,merch_0133,home_goods,2026-04-01 12:18:09,1405.71,dev_8b01cc1cb7,region_11,upi,success,2026-03-16
txn_0000304,cust_00003,merch_0060,food_delivery,2026-04-01 13:06:30,1267.39,dev_61c49512f5,region_20,card,success,2025-12-30
txn_0002093,cust_00020,merch_0025,groceries,2026-04-01 13:33:53,665.28,dev_44ebf7337f,region_16,card,success,2026-02-23
txn_0002095,cust_00020,merch_0087,travel,2026-04-01 14:28:58,442.05,dev_44ebf7337f,region_16,card,success,2026-02-23
txn_0003266,cust_00033,merch_0128,electronics,2026-04-01 15:00:18,3393.79,dev_3b4c2de63a,region_09,wallet,success,2025-12-09
txn_0000475,cust_00004,merch_0041,digital_goods,2026-04-01 15:10:17,792.39,dev_5d98562187,region_22,upi,success,2025-10-27
txn_0000260,cust_00002,merch_0117,groceries,2026-04-01 15:12:53,260.68,dev_c2fe882877,region_21,netbanking,success,2026-01-21
txn_0003299,cust_00034,merch_0071,groceries,2026-04-01 15:13:25,1215.02,dev_b983ceccdc,region_23,upi,success,2025-12-14
txn_0001935,cust_00019,merch_0105,fashion,2026-04-01 15:50:24,338.06,dev_c16cfa8786,region_12,card,success,2025-12-18
txn_0003749,cust_00039,merch_0163,digital_goods,2026-04-01 16:43:24,4481.81,dev_4899813274,region_24,card,success,2026-02-23
txn_0001934,cust_00019,merch_0077,home_goods,2026-04-01 17:06:35,361.34,dev_c16cfa8786,region_12,card,success,2025-12-18
txn_0000768,cust_00007,merch_0041,digital_goods,2026-04-01 17:10:20,598.21,dev_ded833c13d,region_05,card,success,2026-01-03
txn_0001621,cust_00016,merch_0092,travel,2026-04-01 17:27:45,1181.84,dev_ff4d7123cb,region_05,upi,success,2026-03-16
txn_0001008,cust_00011,merch_0069,electronics,2026-04-01 17:28:17,200.15,dev_d97d35dfcc,region_16,card,success,2025-12-23
txn_0002897,cust_00028,merch_0017,travel,2026-04-01 17:38:23,427.68,dev_0fd2ab5f2c,region_20,upi,success,2025-03-16
txn_0003660,cust_00038,merch_0132,groceries,2026-04-01 17:46:31,332.69,dev_52f1883043,region_06,card,success,2025-08-04
txn_0002260,cust_00022,merch_0138,digital_goods,2026-04-01 18:42:46,740.97,dev_a7c1738df4,region_15,netbanking,success,2026-01-24
txn_0003747,cust_00039,merch_0119,home_goods,2026-04-01 18:54:56,3260.17,dev_4899813274,region_24,card,failed,2026-02-23
txn_0003184,cust_00031,merch_0037,electronics,2026-04-01 20:43:39,529.69,dev_b8ce223e2d,region_15,card,success,2025-02-16
txn_0000262,cust_00002,merch_0098,electronics,2026-04-01 21:04:38,134.79,dev_c2fe882877,region_21,card,success,2026-01-21
txn_0000872,cust_00009,merch_0129,digital_goods,2026-04-01 21:16:56,264.15,dev_c5b5464c6f,region_14,upi,success,2025-01-09
txn_0000085,cust_00001,merch_0095,digital_goods,2026-04-01 21:36:17,1131.6,dev_8b01cc1cb7,region_11,upi,success,2026-03-16
txn_0000303,cust_00003,merch_0100,groceries,2026-04-01 22:15:00,1460.37,dev_61c49512f5,region_20,card,success,2025-12-30
txn_0000870,cust_00009,merch_0028,digital_goods,2026-04-01 22:50:20,194.63,dev_c5b5464c6f,region_14,upi,success,2025-01-09
txn_0000083,cust_00001,merch_0103,home_goods,2026-04-01 22:55:53,1821.61,dev_8b01cc1cb7,region_11,upi,success,2026-03-16
txn_0001175,cust_00013,merch_0049,fashion,2026-04-01 23:51:26,235.34,dev_1e3cfb13fa,region_16,upi,success,2025-01-05
txn_0003751,cust_00039,merch_0017,travel,2026-04-02 00:11:56,1740.73,dev_4899813274,region_24,card,success,2026-02-23
txn_0001833,cust_00017,merch_0164,travel,2026-04-02 00:13:30,170.2,dev_e5dfc6a9a5,region_12,card,success,2026-01-13
txn_0001417,cust_00015,merch_0167,electronics,2026-04-02 00:23:50,758.25,dev_c85f2cd462,region_11,card,success,2025-04-26
txn_0003267,cust_00033,merch_0048,groceries,2026-04-02 00:26:49,2954.13,dev_3b4c2de63a,region_09,netbanking,success,2025-12-09
txn_0003372,cust_00035,merch_0024,fashion,2026-04-02 00:30:01,695.72,dev_26cb4432c0,region_04,upi,success,2026-03-06
txn_0001178,cust_00013,merch_0068,travel,2026-04-02 00:44:26,2174.92,dev_1e3cfb13fa,region_16,card,success,2025-01-05
txn_0000647,cust_00006,merch_0174,groceries,2026-04-02 01:10:02,488.85,dev_306b522224,region_20,card,success,2026-02-23
txn_0002457,cust_00024,merch_0013,travel,2026-04-02 01:29:13,753.01,dev_fbb25b4e5c,region_10,card,failed,2024-07-18
txn_0001623,cust_00016,merch_0051,fashion,2026-04-02 01:36:42,594.81,dev_ff4d7123cb,region_05,netbanking,success,2026-03-16
txn_0001413,cust_00015,merch_0071,groceries,2026-04-02 01:40:42,10.0,dev_c85f2cd462,region_11,upi,success,2025-04-26
txn_0001146,cust_00012,merch_0156,digital_goods,2026-04-02 02:08:57,220.53,dev_a68aa3d101,region_17,card,failed,2026-02-15
txn_0002569,cust_00025,merch_0039,fashion,2026-04-02 03:31:52,428.38,dev_c61377a306,region_09,card,success,2025-08-13
txn_0000874,cust_00009,merch_0037,electronics,2026-04-02 03:34:50,295.85,dev_c5b5464c6f,region_14,upi,success,2025-01-09
txn_0001315,cust_00014,merch_0048,groceries,2026-04-02 03:50:03,157.09,dev_a3fb82f6fb,region_04,card,success,2024-12-15
txn_0003750,cust_00039,merch_0173,electronics,2026-04-02 04:26:24,1967.14,dev_4899813274,region_24,card,success,2026-02-23
txn_0001416,cust_00015,merch_0080,food_delivery,2026-04-02 04:28:12,1032.27,dev_c85f2cd462,region_11,netbanking,success,2025-04-26
txn_0002261,cust_00022,merch_0049,fashion,2026-04-02 04:29:11,665.6,dev_a7c1738df4,region_15,card,success,2026-01-24
txn_0001419,cust_00015,merch_0059,digital_goods,2026-04-02 04:40:05,916.28,dev_c85f2cd462,region_11,card,success,2025-04-26
txn_0002382,cust_00023,merch_0008,travel,2026-04-02 05:11:46,3181.91,dev_ae0251997d,region_13,card,success,2025-09-03
txn_0002568,cust_00025,merch_0015,food_delivery,2026-04-02 05:48:10,843.88,dev_c61377a306,region_09,upi,success,2025-08-13
txn_0002756,cust_00026,merch_0099,fashion,2026-04-02 05:56:04,805.11,dev_3d6886d22a,region_08,card,success,2025-12-24
txn_0001012,cust_00011,merch_0013,travel,2026-04-02 06:01:19,460.85,dev_d97d35dfcc,region_16,card,success,2025-12-23
txn_0003571,cust_00037,merch_0069,electronics,2026-04-02 06:03:33,343.84,dev_e5a094c0cb,region_22,card,success,2026-03-22
txn_0003482,cust_00036,merch_0101,digital_goods,2026-04-02 06:16:30,437.94,dev_f10e01fbae,region_18,card,success,2026-02-20
txn_0001418,cust_00015,merch_0034,home_goods,2026-04-02 06:20:28,1149.16,dev_c85f2cd462,region_11,card,success,2025-04-26
txn_0003662,cust_00038,merch_0085,travel,2026-04-02 06:21:29,219.73,dev_52f1883043,region_06,card,success,2025-08-04
txn_0000306,cust_00003,merch_0071,groceries,2026-04-02 06:29:07,921.45,dev_61c49512f5,region_20,card,success,2025-12-30
txn_0002567,cust_00025,merch_0051,fashion,2026-04-02 06:29:15,539.97,dev_c61377a306,region_09,upi,success,2025-08-13
txn_0003663,cust_00038,merch_0080,food_delivery,2026-04-02 06:44:51,522.54,dev_52f1883043,region_06,upi,success,2025-08-04
txn_0001415,cust_00015,merch_0111,digital_goods,2026-04-02 07:09:11,754.97,dev_c85f2cd462,region_11,upi,success,2025-04-26
txn_0000001,cust_00000,merch_0155,travel,2026-04-02 08:06:40,1705.99,dev_d8eee72e0e,region_16,card,success,2024-10-19
txn_0000810,cust_00008,merch_0021,digital_goods,2026-04-02 08:28:50,1246.68,dev_ddb545484a,region_14,upi,success,2024-12-23
txn_0000960,cust_00010,merch_0101,digital_goods,2026-04-02 09:16:48,608.07,dev_f3a63af8f4,region_24,upi,success,2025-10-17
txn_0000812,cust_00008,merch_0035,electronics,2026-04-02 09:58:33,1317.08,dev_ddb545484a,region_14,upi,success,2024-12-23
txn_0001937,cust_00019,merch_0054,digital_goods,2026-04-02 10:00:28,546.04,dev_c16cfa8786,region_12,upi,success,2025-12-18
txn_0001177,cust_00013,merch_0002,fashion,2026-04-02 10:26:29,3156.32,dev_1e3cfb13fa,region_16,card,success,2025-01-05
txn_0001013,cust_00011,merch_0061,electronics,2026-04-02 10:32:14,403.83,dev_d97d35dfcc,region_16,upi,success,2025-12-23
txn_0001622,cust_00016,merch_0133,home_goods,2026-04-02 10:42:24,1006.62,dev_ff4d7123cb,region_05,card,success,2026-03-16
txn_0002900,cust_00028,merch_0144,groceries,2026-04-02 10:53:56,356.3,dev_0fd2ab5f2c,region_20,netbanking,success,2025-03-16
txn_0002179,cust_00021,merch_0059,digital_goods,2026-04-02 11:24:51,447.69,dev_23cb667f8d,region_17,upi,success,2026-01-27
txn_0002262,cust_00022,merch_0118,groceries,2026-04-02 11:49:08,1099.95,dev_a7c1738df4,region_15,card,failed,2026-01-24
txn_0001316,cust_00014,merch_0129,digital_goods,2026-04-02 11:50:46,124.57,dev_a3fb82f6fb,region_04,card,success,2024-12-15
txn_0003161,cust_00030,merch_0175,groceries,2026-04-02 12:23:52,313.36,dev_b012ae2533,region_04,card,success,2025-01-10
txn_0000087,cust_00001,merch_0074,travel,2026-04-02 12:26:43,1995.52,dev_8b01cc1cb7,region_11,card,success,2026-03-16
txn_0000307,cust_00003,merch_0149,electronics,2026-04-02 12:40:22,965.5,dev_61c49512f5,region_20,card,success,2025-12-30
txn_0001936,cust_00019,merch_0089,fashion,2026-04-02 12:46:16,484.24,dev_c16cfa8786,region_12,upi,success,2025-12-18
txn_0001011,cust_00011,merch_0042,home_goods,2026-04-02 14:57:42,433.03,dev_d97d35dfcc,region_16,card,success,2025-12-23
txn_0003570,cust_00037,merch_0011,digital_goods,2026-04-02 15:38:29,156.76,dev_e5a094c0cb,region_22,upi,success,2026-03-22
txn_0003058,cust_00029,merch_0149,electronics,2026-04-02 15:59:10,509.79,dev_9fe5b185ac,region_04,netbanking,success,2025-05-28
txn_0001938,cust_00019,merch_0121,digital_goods,2026-04-02 16:07:11,347.35,dev_c16cfa8786,region_12,card,success,2025-12-18
txn_0001941,cust_00019,merch_0120,travel,2026-04-02 16:27:11,499.53,dev_c16cfa8786,region_12,card,success,2025-12-18
txn_0001939,cust_00019,merch_0112,electronics,2026-04-02 17:01:44,376.43,dev_c16cfa8786,region_12,upi,success,2025-12-18
txn_0002456,cust_00024,merch_0146,food_delivery,2026-04-02 17:24:56,754.62,dev_fbb25b4e5c,region_10,upi,success,2024-07-18
txn_0001179,cust_00013,merch_0147,food_delivery,2026-04-02 17:48:24,1034.2,dev_1e3cfb13fa,region_16,netbanking,success,2025-01-05
txn_0003057,cust_00029,merch_0148,home_goods,2026-04-02 18:25:39,494.23,dev_9fe5b185ac,region_04,card,success,2025-05-28
txn_0000263,cust_00002,merch_0177,fashion,2026-04-02 18:59:27,617.1,dev_c2fe882877,region_21,card,success,2026-01-21
txn_0001940,cust_00019,merch_0012,food_delivery,2026-04-02 19:09:33,484.58,dev_c16cfa8786,region_12,card,success,2025-12-18
txn_0002566,cust_00025,merch_0167,electronics,2026-04-02 19:33:55,515.04,dev_c61377a306,region_09,upi,failed,2025-08-13
txn_0003661,cust_00038,merch_0106,fashion,2026-04-02 19:39:27,223.65,dev_52f1883043,region_06,card,success,2025-08-04
txn_0000811,cust_00008,merch_0043,travel,2026-04-02 20:03:25,1248.92,dev_ddb545484a,region_14,card,success,2024-12-23
txn_0001414,cust_00015,merch_0084,home_goods,2026-04-02 20:25:05,291.44,dev_c85f2cd462,region_11,card,success,2025-04-26
txn_0000305,cust_00003,merch_0078,digital_goods,2026-04-02 21:20:08,1314.9,dev_61c49512f5,region_20,upi,success,2025-12-30
txn_0001834,cust_00017,merch_0001,fashion,2026-04-02 21:22:07,103.51,dev_e5dfc6a9a5,region_12,netbanking,success,2026-01-13
txn_0000553,cust_00005,merch_0147,food_delivery,2026-04-02 21:33:32,1878.51,dev_88a6698d70,region_09,upi,success,2025-06-11
txn_0000959,cust_00010,merch_0163,digital_goods,2026-04-02 22:45:48,236.02,dev_f3a63af8f4,region_24,upi,success,2025-10-17
txn_0002899,cust_00028,merch_0105,fashion,2026-04-02 22:54:22,470.72,dev_0fd2ab5f2c,region_20,upi,success,2025-03-16
txn_0002263,cust_00022,merch_0053,travel,2026-04-02 23:48:19,799.57,dev_a7c1738df4,region_15,upi,success,2026-01-24
txn_0002902,cust_00028,merch_0118,groceries,2026-04-03 00:20:24,383.63,dev_0fd2ab5f2c,region_20,upi,success,2025-03-16
txn_0002757,cust_00026,merch_0033,home_goods,2026-04-03 00:28:46,822.86,dev_3d6886d22a,region_08,card,success,2025-12-24
txn_0001181,cust_00013,merch_0052,food_delivery,2026-04-03 01:19:48,736.5,dev_1e3cfb13fa,region_16,card,success,2025-01-05
txn_0000648,cust_00006,merch_0096,digital_goods,2026-04-03 01:20:49,476.27,dev_306b522224,region_20,card,success,2026-02-23
txn_0000477,cust_00004,merch_0121,digital_goods,2026-04-03 01:24:59,1038.16,dev_5d98562187,region_22,card,success,2025-10-27
txn_0002181,cust_00021,merch_0157,travel,2026-04-03 01:48:15,194.47,dev_23cb667f8d,region_17,upi,success,2026-01-27
txn_0000264,cust_00002,merch_0081,fashion,2026-04-03 01:49:13,310.04,dev_c2fe882877,region_21,card,success,2026-01-21
txn_0002875,cust_00027,merch_0013,travel,2026-04-03 02:09:16,345.2,dev_a2803eee45,region_24,card,success,2026-03-08
txn_0000476,cust_00004,merch_0112,electronics,2026-04-03 02:36:27,851.85,dev_5d98562187,region_22,upi,success,2025-10-27
txn_0003373,cust_00035,merch_0036,travel,2026-04-03 03:06:46,885.94,dev_26cb4432c0,region_04,upi,success,2026-03-06
txn_0000649,cust_00006,merch_0153,electronics,2026-04-03 03:18:49,713.76,dev_306b522224,region_20,upi,failed,2026-02-23
txn_0000002,cust_00000,merch_0119,home_goods,2026-04-03 03:43:12,1071.84,dev_d8eee72e0e,region_16,card,success,2024-10-19
txn_0001627,cust_00016,merch_0129,digital_goods,2026-04-03 04:03:18,1618.6,dev_ff4d7123cb,region_05,upi,success,2026-03-16
txn_0000089,cust_00001,merch_0128,electronics,2026-04-03 05:42:11,1132.05,dev_8b01cc1cb7,region_11,card,success,2026-03-16
txn_0001014,cust_00011,merch_0053,travel,2026-04-03 05:46:41,447.84,dev_d97d35dfcc,region_16,upi,success,2025-12-23
txn_0000088,cust_00001,merch_0154,digital_goods,2026-04-03 06:08:35,1723.27,dev_8b01cc1cb7,region_11,netbanking,success,2026-03-16
txn_0000813,cust_00008,merch_0073,electronics,2026-04-03 06:55:18,860.46,dev_ddb545484a,region_14,card,success,2024-12-23
txn_0003572,cust_00037,merch_0065,food_delivery,2026-04-03 08:48:37,232.22,dev_e5a094c0cb,region_22,card,success,2026-03-22
txn_0001317,cust_00014,merch_0105,fashion,2026-04-03 09:36:29,141.57,dev_a3fb82f6fb,region_04,card,success,2024-12-15
txn_0001895,cust_00018,merch_0148,home_goods,2026-04-03 09:39:57,10.0,dev_e3250f6388,region_07,upi,success,2026-02-06
txn_0002901,cust_00028,merch_0120,travel,2026-04-03 09:54:38,639.27,dev_0fd2ab5f2c,region_20,wallet,success,2025-03-16
txn_0000308,cust_00003,merch_0140,food_delivery,2026-04-03 09:57:13,1291.76,dev_61c49512f5,region_20,card,success,2025-12-30
txn_0002180,cust_00021,merch_0023,food_delivery,2026-04-03 09:58:17,390.91,dev_23cb667f8d,region_17,upi,success,2026-01-27
txn_0002758,cust_00026,merch_0136,groceries,2026-04-03 10:45:01,274.83,dev_3d6886d22a,region_08,card,success,2025-12-24
txn_0001182,cust_00013,merch_0056,digital_goods,2026-04-03 11:22:58,1386.02,dev_1e3cfb13fa,region_16,upi,success,2025-01-05
txn_0001318,cust_00014,merch_0020,digital_goods,2026-04-03 12:00:02,201.32,dev_a3fb82f6fb,region_04,upi,success,2024-12-15
txn_0000309,cust_00003,merch_0010,food_delivery,2026-04-03 12:01:19,1523.92,dev_61c49512f5,region_20,upi,success,2025-12-30
txn_0001624,cust_00016,merch_0121,digital_goods,2026-04-03 12:32:53,1665.27,dev_ff4d7123cb,region_05,netbanking,success,2026-03-16
txn_0002876,cust_00027,merch_0118,groceries,2026-04-03 13:30:42,981.74,dev_a2803eee45,region_24,upi,success,2026-03-08
txn_0002903,cust_00028,merch_0149,electronics,2026-04-03 13:34:12,504.73,dev_0fd2ab5f2c,region_20,card,success,2025-03-16
txn_0001625,cust_00016,merch_0055,digital_goods,2026-04-03 13:50:19,1745.9,dev_ff4d7123cb,region_05,card,success,2026-03-16
txn_0000310,cust_00003,merch_0128,electronics,2026-04-03 14:51:54,883.85,dev_61c49512f5,region_20,card,success,2025-12-30
txn_0001180,cust_00013,merch_0030,home_goods,2026-04-03 14:51:59,1815.31,dev_1e3cfb13fa,region_16,wallet,success,2025-01-05
txn_0002383,cust_00023,merch_0161,food_delivery,2026-04-03 14:57:44,4503.31,dev_ae0251997d,region_13,upi,failed,2025-09-03
txn_0000962,cust_00010,merch_0173,electronics,2026-04-03 15:32:01,561.29,dev_f3a63af8f4,region_24,card,success,2025-10-17
txn_0002570,cust_00025,merch_0016,fashion,2026-04-03 15:40:10,512.9,dev_c61377a306,region_09,card,success,2025-08-13
txn_0001626,cust_00016,merch_0061,electronics,2026-04-03 16:18:23,1645.91,dev_ff4d7123cb,region_05,card,success,2026-03-16
txn_0000961,cust_00010,merch_0035,electronics,2026-04-03 16:40:36,221.4,dev_f3a63af8f4,region_24,netbanking,success,2025-10-17
txn_0001420,cust_00015,merch_0070,home_goods,2026-04-03 16:51:45,282.78,dev_c85f2cd462,region_11,upi,success,2025-04-26
txn_0000478,cust_00004,merch_0097,electronics,2026-04-03 17:05:46,700.13,dev_5d98562187,region_22,netbanking,success,2025-10-27
txn_0003301,cust_00034,merch_0177,fashion,2026-04-03 17:49:47,1742.48,dev_b983ceccdc,region_07,card,success,2025-12-14
txn_0001629,cust_00016,merch_0161,food_delivery,2026-04-03 17:50:40,1190.39,dev_ff4d7123cb,region_05,card,success,2026-03-16
txn_0003300,cust_00034,merch_0045,home_goods,2026-04-03 19:25:05,1519.98,dev_b983ceccdc,region_23,netbanking,success,2025-12-14
txn_0003664,cust_00038,merch_0150,food_delivery,2026-04-03 19:37:36,247.84,dev_52f1883043,region_06,card,success,2025-08-04
txn_0001628,cust_00016,merch_0145,digital_goods,2026-04-03 19:49:10,1929.99,dev_ff4d7123cb,region_05,card,success,2026-03-16
txn_0000479,cust_00004,merch_0040,groceries,2026-04-03 19:56:38,738.53,dev_5d98562187,region_22,netbanking,success,2025-10-27
txn_0000480,cust_00004,merch_0012,food_delivery,2026-04-03 20:29:20,1470.45,dev_5d98562187,region_22,upi,success,2025-10-27
txn_0002265,cust_00022,merch_0144,groceries,2026-04-03 20:54:53,746.83,dev_a7c1738df4,region_15,card,success,2026-01-24
txn_0002264,cust_00022,merch_0112,electronics,2026-04-03 20:59:21,589.11,dev_a7c1738df4,region_15,upi,success,2026-01-24
txn_0003185,cust_00031,merch_0135,home_goods,2026-04-03 21:27:05,416.46,dev_b8ce223e2d,region_15,upi,success,2025-02-16
txn_0002458,cust_00024,merch_0069,electronics,2026-04-03 22:11:03,10.0,dev_fbb25b4e5c,region_10,card,success,2024-07-18
txn_0001942,cust_00019,merch_0090,home_goods,2026-04-03 23:33:26,402.23,dev_c16cfa8786,region_12,upi,success,2025-12-18
txn_0001631,cust_00016,merch_0021,digital_goods,2026-04-04 00:02:21,1790.88,dev_ff4d7123cb,region_05,netbanking,success,2026-03-16
txn_0001186,cust_00013,merch_0129,digital_goods,2026-04-04 00:04:20,2484.75,dev_1e3cfb13fa,region_16,wallet,success,2025-01-05
txn_0000770,cust_00007,merch_0098,electronics,2026-04-04 00:15:40,486.9,dev_ded833c13d,region_05,card,success,2026-01-03
txn_0002096,cust_00020,merch_0039,fashion,2026-04-04 00:35:41,754.26,dev_44ebf7337f,region_16,card,success,2026-02-23
txn_0002877,cust_00027,merch_0064,food_delivery,2026-04-04 01:06:50,542.9,dev_a2803eee45,region_24,card,success,2026-03-08
txn_0001635,cust_00016,merch_0061,electronics,2026-04-04 01:09:05,1624.23,dev_ff4d7123cb,region_05,card,success,2026-03-16
txn_0001319,cust_00014,merch_0031,home_goods,2026-04-04 01:12:00,181.03,dev_a3fb82f6fb,region_04,card,success,2024-12-15
txn_0002571,cust_00025,merch_0158,groceries,2026-04-04 01:22:22,504.77,dev_c61377a306,region_09,upi,success,2025-08-13
txn_0000313,cust_00003,merch_0169,electronics,2026-04-04 01:27:23,1238.75,dev_61c49512f5,region_20,upi,success,2025-12-30
txn_0000315,cust_00003,merch_0068,travel,2026-04-04 01:35:37,1053.95,dev_61c49512f5,region_20,upi,success,2025-12-30
txn_0001421,cust_00015,merch_0128,electronics,2026-04-04 01:37:18,901.23,dev_c85f2cd462,region_11,card,success,2025-04-26
txn_0002908,cust_00028,merch_0019,travel,2026-04-04 02:00:17,331.42,dev_0fd2ab5f2c,region_20,upi,success,2025-03-16
txn_0000314,cust_00003,merch_0076,electronics,2026-04-04 02:03:00,1477.72,dev_61c49512f5,region_20,netbanking,success,2025-12-30
txn_0001943,cust_00019,merch_0129,digital_goods,2026-04-04 02:15:53,471.8,dev_c16cfa8786,region_12,card,success,2025-12-18
txn_0001634,cust_00016,merch_0142,fashion,2026-04-04 02:33:34,1043.67,dev_ff4d7123cb,region_05,upi,success,2026-03-16
txn_0001015,cust_00011,merch_0153,electronics,2026-04-04 03:10:45,618.75,dev_d97d35dfcc,region_16,netbanking,success,2025-12-23
txn_0000312,cust_00003,merch_0152,electronics,2026-04-04 04:12:49,1316.52,dev_61c49512f5,region_20,card,success,2025-12-30
txn_0001632,cust_00016,merch_0071,groceries,2026-04-04 04:40:28,858.93,dev_ff4d7123cb,region_05,card,success,2026-03-16
txn_0003186,cust_00031,merch_0170,electronics,2026-04-04 04:49:15,557.46,dev_b8ce223e2d,region_15,netbanking,success,2025-02-16
txn_0003573,cust_00037,merch_0174,groceries,2026-04-04 05:07:01,296.34,dev_e5a094c0cb,region_22,upi,success,2026-03-22
txn_0000650,cust_00006,merch_0055,digital_goods,2026-04-04 05:13:21,710.56,dev_306b522224,region_20,upi,success,2026-02-23
txn_0002097,cust_00020,merch_0004,digital_goods,2026-04-04 05:15:23,671.55,dev_44ebf7337f,region_16,upi,success,2026-02-23
txn_0002905,cust_00028,merch_0150,food_delivery,2026-04-04 05:21:25,317.63,dev_0fd2ab5f2c,region_20,card,success,2025-03-16
txn_0002906,cust_00028,merch_0094,home_goods,2026-04-04 05:24:25,621.29,dev_0fd2ab5f2c,region_20,card,success,2025-03-16
txn_0001184,cust_00013,merch_0006,food_delivery,2026-04-04 05:40:32,1948.09,dev_1e3cfb13fa,region_16,netbanking,success,2025-01-05
txn_0002572,cust_00025,merch_0148,home_goods,2026-04-04 06:11:17,570.62,dev_c61377a306,region_09,card,success,2025-08-13
txn_0001017,cust_00011,merch_0000,travel,2026-04-04 06:37:34,581.31,dev_d97d35dfcc,region_16,card,success,2025-12-23
txn_0001321,cust_00014,merch_0012,food_delivery,2026-04-04 07:12:26,159.39,dev_a3fb82f6fb,region_04,card,success,2024-12-15
txn_0003374,cust_00035,merch_0159,electronics,2026-04-04 07:39:34,844.84,dev_26cb4432c0,region_04,upi,success,2026-03-06
txn_0000311,cust_00003,merch_0173,electronics,2026-04-04 08:03:34,1410.09,dev_61c49512f5,region_20,upi,success,2025-12-30
txn_0002759,cust_00026,merch_0137,digital_goods,2026-04-04 08:47:55,903.69,dev_3d6886d22a,region_08,card,success,2025-12-24
txn_0003665,cust_00038,merch_0145,digital_goods,2026-04-04 08:53:32,404.85,dev_52f1883043,region_06,upi,failed,2025-08-04
txn_0002761,cust_00026,merch_0018,home_goods,2026-04-04 09:01:42,464.0,dev_3d6886d22a,region_08,card,success,2025-12-24
txn_0003376,cust_00035,merch_0067,travel,2026-04-04 11:08:24,1024.56,dev_26cb4432c0,region_04,card,success,2026-03-06
txn_0001630,cust_00016,merch_0151,fashion,2026-04-04 11:23:48,1126.42,dev_ff4d7123cb,region_05,upi,success,2026-03-16
txn_0000652,cust_00006,merch_0095,digital_goods,2026-04-04 11:28:38,1072.29,dev_306b522224,region_20,upi,failed,2026-02-23
txn_0000003,cust_00000,merch_0079,fashion,2026-04-04 11:37:11,1939.02,dev_d8eee72e0e,region_16,card,success,2024-10-19
txn_0001633,cust_00016,merch_0001,fashion,2026-04-04 11:55:34,707.48,dev_ff4d7123cb,region_05,card,success,2026-03-16
txn_0001320,cust_00014,merch_0022,groceries,2026-04-04 12:20:14,111.25,dev_a3fb82f6fb,region_04,card,success,2024-12-15
txn_0003574,cust_00037,merch_0020,digital_goods,2026-04-04 12:22:33,162.24,dev_e5a094c0cb,region_22,upi,success,2026-03-22
txn_0001016,cust_00011,merch_0086,electronics,2026-04-04 14:01:54,433.12,dev_d97d35dfcc,region_16,card,success,2025-12-23
txn_0002909,cust_00028,merch_0118,groceries,2026-04-04 14:34:30,456.14,dev_0fd2ab5f2c,region_20,card,success,2025-03-16
txn_0000651,cust_00006,merch_0027,digital_goods,2026-04-04 14:36:01,1090.5,dev_306b522224,region_20,card,success,2026-02-23
txn_0001422,cust_00015,merch_0147,food_delivery,2026-04-04 15:16:46,194.6,dev_c85f2cd462,region_11,upi,success,2025-04-26
txn_0003375,cust_00035,merch_0040,groceries,2026-04-04 16:20:30,845.65,dev_26cb4432c0,region_04,card,success,2026-03-06
txn_0002760,cust_00026,merch_0015,food_delivery,2026-04-04 16:29:08,759.23,dev_3d6886d22a,region_08,upi,success,2025-12-24
txn_0002907,cust_00028,merch_0051,fashion,2026-04-04 17:50:29,493.63,dev_0fd2ab5f2c,region_20,card,success,2025-03-16
txn_0003483,cust_00036,merch_0177,fashion,2026-04-04 18:01:39,256.29,dev_f10e01fbae,region_18,netbanking,failed,2026-02-20
txn_0003302,cust_00034,merch_0012,food_delivery,2026-04-04 19:13:39,1100.23,dev_b983ceccdc,region_23,card,success,2025-12-14
txn_0001183,cust_00013,merch_0054,digital_goods,2026-04-04 19:38:12,3017.31,dev_1e3cfb13fa,region_16,card,success,2025-01-05
txn_0000554,cust_00005,merch_0091,travel,2026-04-04 20:36:17,88.99,dev_88a6698d70,region_09,card,failed,2025-06-11
txn_0002904,cust_00028,merch_0179,travel,2026-04-04 20:41:35,398.35,dev_0fd2ab5f2c,region_20,upi,success,2025-03-16
txn_0003484,cust_00036,merch_0012,food_delivery,2026-04-04 22:09:39,322.32,dev_f10e01fbae,region_18,card,success,2026-02-20
txn_0003575,cust_00037,merch_0064,food_delivery,2026-04-04 22:58:07,164.44,dev_e5a094c0cb,region_22,card,success,2026-03-22
txn_0001423,cust_00015,merch_0127,groceries,2026-04-04 23:05:21,778.17,dev_c85f2cd462,region_11,card,success,2025-04-26
txn_0001018,cust_00011,merch_0154,digital_goods,2026-04-04 23:39:29,263.41,dev_d97d35dfcc,region_16,netbanking,success,2025-12-23
txn_0001185,cust_00013,merch_0023,food_delivery,2026-04-04 23:42:42,2942.63,dev_1e3cfb13fa,region_16,card,success,2025-01-05
txn_0000090,cust_00001,merch_0043,travel,2026-04-04 23:49:32,1147.27,dev_8b01cc1cb7,region_11,upi,success,2026-03-16
txn_0002574,cust_00025,merch_0109,food_delivery,2026-04-05 00:06:34,344.63,dev_c61377a306,region_09,card,success,2025-08-13
txn_0001020,cust_00011,merch_0138,digital_goods,2026-04-05 00:50:04,337.08,dev_d97d35dfcc,region_16,card,success,2025-12-23
txn_0002183,cust_00021,merch_0025,groceries,2026-04-05 00:51:35,344.44,dev_23cb667f8d,region_17,card,success,2026-01-27
txn_0001637,cust_00016,merch_0138,digital_goods,2026-04-05 02:05:08,1121.44,dev_ff4d7123cb,region_05,card,success,2026-03-16
txn_0002910,cust_00028,merch_0024,fashion,2026-04-05 02:43:30,484.19,dev_0fd2ab5f2c,region_20,upi,success,2025-03-16
txn_0002911,cust_00028,merch_0117,groceries,2026-04-05 03:06:15,577.74,dev_0fd2ab5f2c,region_20,card,success,2025-03-16
txn_0003752,cust_00039,merch_0164,travel,2026-04-05 03:47:13,3717.29,dev_4899813274,region_24,card,success,2026-02-23
txn_0002098,cust_00020,merch_0007,electronics,2026-04-05 04:02:18,404.26,dev_44ebf7337f,region_16,card,success,2026-02-23
txn_0000555,cust_00005,merch_0001,fashion,2026-04-05 04:10:34,638.79,dev_88a6698d70,region_09,netbanking,success,2025-06-11
txn_0002459,cust_00024,merch_0139,digital_goods,2026-04-05 04:23:01,608.42,dev_fbb25b4e5c,region_10,netbanking,success,2024-07-18
txn_0000963,cust_00010,merch_0078,digital_goods,2026-04-05 04:34:10,263.16,dev_f3a63af8f4,region_24,netbanking,success,2025-10-17
txn_0001639,cust_00016,merch_0163,digital_goods,2026-04-05 05:13:26,1585.08,dev_ff4d7123cb,region_05,card,success,2026-03-16
txn_0002182,cust_00021,merch_0103,home_goods,2026-04-05 06:06:27,304.66,dev_23cb667f8d,region_17,card,success,2026-01-27
txn_0002762,cust_00026,merch_0161,food_delivery,2026-04-05 06:18:50,849.81,dev_3d6886d22a,region_08,upi,success,2025-12-24
txn_0001426,cust_00015,merch_0137,digital_goods,2026-04-05 06:45:47,424.73,dev_c85f2cd462,region_11,wallet,success,2025-04-26
txn_0001636,cust_00016,merch_0027,digital_goods,2026-04-05 07:40:34,980.7,dev_ff4d7123cb,region_05,upi,success,2026-03-16
txn_0001425,cust_00015,merch_0056,digital_goods,2026-04-05 07:57:51,992.38,dev_c85f2cd462,region_11,card,success,2025-04-26
txn_0000092,cust_00001,merch_0064,food_delivery,2026-04-05 08:10:10,921.79,dev_8b01cc1cb7,region_11,card,success,2026-03-16
txn_0002099,cust_00020,merch_0056,digital_goods,2026-04-05 08:29:11,832.16,dev_44ebf7337f,region_16,upi,success,2026-02-23
txn_0003377,cust_00035,merch_0017,travel,2026-04-05 08:42:55,637.17,dev_26cb4432c0,region_04,upi,failed,2026-03-06
txn_0000875,cust_00009,merch_0044,groceries,2026-04-05 08:56:31,257.93,dev_c5b5464c6f,region_14,card,success,2025-01-09
txn_0001945,cust_00019,merch_0027,digital_goods,2026-04-05 09:59:31,441.68,dev_c16cfa8786,region_12,upi,success,2025-12-18
txn_0001896,cust_00018,merch_0061,electronics,2026-04-05 11:01:52,8901.27,dev_e3250f6388,region_07,card,success,2026-02-06
txn_0002912,cust_00028,merch_0079,fashion,2026-04-05 11:14:23,244.87,dev_0fd2ab5f2c,region_20,card,success,2025-03-16
txn_0002573,cust_00025,merch_0137,digital_goods,2026-04-05 11:22:12,567.51,dev_c61377a306,region_09,wallet,success,2025-08-13
txn_0000317,cust_00003,merch_0158,groceries,2026-04-05 11:37:02,718.83,dev_61c49512f5,region_20,upi,success,2025-12-30
txn_0002184,cust_00021,merch_0162,digital_goods,2026-04-05 11:45:27,426.9,dev_23cb667f8d,region_17,wallet,success,2026-01-27
txn_0002385,cust_00023,merch_0034,home_goods,2026-04-05 11:53:15,1397.69,dev_ae0251997d,region_13,upi,success,2025-09-03
txn_0000876,cust_00009,merch_0123,fashion,2026-04-05 12:42:53,299.73,dev_c5b5464c6f,region_14,card,success,2025-01-09
txn_0003162,cust_00030,merch_0139,digital_goods,2026-04-05 12:51:27,160.44,dev_b012ae2533,region_04,wallet,failed,2025-01-10
txn_0003059,cust_00029,merch_0050,digital_goods,2026-04-05 12:55:00,510.62,dev_9fe5b185ac,region_04,upi,success,2025-05-28
txn_0002266,cust_00022,merch_0078,digital_goods,2026-04-05 13:14:41,791.61,dev_a7c1738df4,region_15,upi,success,2026-01-24
txn_0000006,cust_00000,merch_0066,fashion,2026-04-05 13:47:29,1126.0,dev_d8eee72e0e,region_16,upi,success,2024-10-19
txn_0002386,cust_00023,merch_0073,electronics,2026-04-05 14:14:11,4117.71,dev_ae0251997d,region_13,upi,failed,2025-09-03
txn_0003753,cust_00039,merch_0057,digital_goods,2026-04-05 15:27:17,3596.43,dev_4899813274,region_24,upi,success,2026-02-23
txn_0000481,cust_00004,merch_0129,digital_goods,2026-04-05 16:03:41,785.69,dev_5d98562187,region_22,upi,success,2025-10-27
txn_0000653,cust_00006,merch_0138,digital_goods,2026-04-05 16:13:53,401.99,dev_306b522224,region_20,card,success,2026-02-23
txn_0002763,cust_00026,merch_0161,food_delivery,2026-04-05 16:44:22,570.53,dev_3d6886d22a,region_08,upi,success,2025-12-24
txn_0003754,cust_00039,merch_0053,travel,2026-04-05 18:14:04,3236.07,dev_4899813274,region_24,card,success,2026-02-23
txn_0002269,cust_00022,merch_0023,food_delivery,2026-04-05 18:33:55,294.8,dev_a7c1738df4,region_15,upi,success,2026-01-24
txn_0003303,cust_00034,merch_0178,travel,2026-04-05 18:40:42,554.7,dev_b983ceccdc,region_23,card,success,2025-12-14
txn_0001021,cust_00011,merch_0134,electronics,2026-04-05 18:46:46,484.63,dev_d97d35dfcc,region_16,upi,success,2025-12-23
txn_0001424,cust_00015,merch_0060,food_delivery,2026-04-05 19:04:39,751.17,dev_c85f2cd462,region_11,card,failed,2025-04-26
txn_0000004,cust_00000,merch_0061,electronics,2026-04-05 19:27:27,841.03,dev_d8eee72e0e,region_16,netbanking,success,2024-10-19
txn_0000093,cust_00001,merch_0018,home_goods,2026-04-05 20:04:10,516.62,dev_8b01cc1cb7,region_11,card,success,2026-03-16
txn_0000265,cust_00002,merch_0131,electronics,2026-04-05 20:05:21,1293.84,dev_c2fe882877,region_21,card,success,2026-01-21
txn_0002267,cust_00022,merch_0129,digital_goods,2026-04-05 20:20:49,1055.65,dev_a7c1738df4,region_15,upi,success,2026-01-24
txn_0001638,cust_00016,merch_0159,electronics,2026-04-05 20:23:07,1748.1,dev_ff4d7123cb,region_05,card,success,2026-03-16
txn_0000005,cust_00000,merch_0158,groceries,2026-04-05 20:31:54,1070.33,dev_d8eee72e0e,region_16,card,success,2024-10-19
txn_0003257,cust_00032,merch_0129,digital_goods,2026-04-05 20:49:10,992.8,dev_d8c019dd2b,region_03,card,success,2025-08-21
txn_0000091,cust_00001,merch_0124,electronics,2026-04-05 20:59:06,1217.38,dev_8b01cc1cb7,region_11,netbanking,success,2026-03-16
txn_0002384,cust_00023,merch_0106,fashion,2026-04-05 21:14:17,3872.38,dev_ae0251997d,region_13,card,success,2025-09-03
txn_0001019,cust_00011,merch_0026,digital_goods,2026-04-05 22:02:32,467.89,dev_d97d35dfcc,region_16,card,success,2025-12-23
txn_0001944,cust_00019,merch_0112,electronics,2026-04-05 22:14:58,478.09,dev_c16cfa8786,region_12,card,success,2025-12-18
txn_0002268,cust_00022,merch_0044,groceries,2026-04-05 22:18:12,1036.6,dev_a7c1738df4,region_15,card,failed,2026-01-24
txn_0000094,cust_00001,merch_0109,food_delivery,2026-04-05 22:39:14,1039.27,dev_8b01cc1cb7,region_11,upi,success,2026-03-16
txn_0000316,cust_00003,merch_0158,groceries,2026-04-05 22:55:57,1219.73,dev_61c49512f5,region_20,upi,success,2025-12-30
txn_0001322,cust_00014,merch_0131,electronics,2026-04-05 23:03:47,151.54,dev_a3fb82f6fb,region_04,card,failed,2024-12-15
txn_0000556,cust_00005,merch_0130,food_delivery,2026-04-05 23:32:49,1552.65,dev_88a6698d70,region_09,card,success,2025-06-11
txn_0002460,cust_00024,merch_0033,home_goods,2026-04-06 00:16:24,331.18,dev_fbb25b4e5c,region_01,card,success,2024-07-18
txn_0001952,cust_00019,merch_0161,food_delivery,2026-04-06 00:50:44,348.9,dev_c16cfa8786,region_12,card,success,2025-12-18
txn_0002101,cust_00020,merch_0040,groceries,2026-04-06 01:13:11,293.74,dev_44ebf7337f,region_16,card,success,2026-02-23
txn_0001323,cust_00014,merch_0062,groceries,2026-04-06 01:14:07,122.1,dev_a3fb82f6fb,region_04,card,success,2024-12-15
txn_0000654,cust_00006,merch_0160,electronics,2026-04-06 01:17:44,1126.18,dev_306b522224,region_20,upi,failed,2026-02-23
txn_0001427,cust_00015,merch_0095,digital_goods,2026-04-06 01:57:25,714.65,dev_c85f2cd462,region_11,card,success,2025-04-26
txn_0001022,cust_00011,merch_0142,fashion,2026-04-06 03:10:43,558.87,dev_d97d35dfcc,region_16,card,success,2025-12-23
txn_0001026,cust_00011,merch_0070,home_goods,2026-04-06 03:21:20,705.98,dev_d97d35dfcc,region_16,upi,failed,2025-12-23
txn_0000319,cust_00003,merch_0004,digital_goods,2026-04-06 03:37:18,875.72,dev_61c49512f5,region_20,upi,success,2025-12-30
txn_0001024,cust_00011,merch_0099,fashion,2026-04-06 03:57:27,261.12,dev_d97d35dfcc,region_16,netbanking,success,2025-12-23
txn_0003305,cust_00034,merch_0093,groceries,2026-04-06 04:02:14,783.8,dev_b983ceccdc,region_23,upi,success,2025-12-14
txn_0001640,cust_00016,merch_0041,digital_goods,2026-04-06 05:36:59,878.89,dev_ff4d7123cb,region_05,netbanking,success,2026-03-16
txn_0002765,cust_00026,merch_0168,digital_goods,2026-04-06 06:13:34,713.96,dev_3d6886d22a,region_08,card,failed,2025-12-24
txn_0001644,cust_00016,merch_0003,food_delivery,2026-04-06 06:37:55,1362.1,dev_ff4d7123cb,region_05,card,failed,2026-03-16
txn_0001950,cust_00019,merch_0045,home_goods,2026-04-06 06:38:08,347.57,dev_c16cfa8786,region_12,upi,success,2025-12-18
txn_0000878,cust_00009,merch_0169,electronics,2026-04-06 06:44:43,253.19,dev_c5b5464c6f,region_14,netbanking,success,2025-01-09
txn_0003379,cust_00035,merch_0086,electronics,2026-04-06 08:18:49,801.17,dev_26cb4432c0,region_04,netbanking,success,2026-03-06
txn_0002878,cust_00027,merch_0094,home_goods,2026-04-06 08:23:13,380.57,dev_a2803eee45,region_24,card,success,2026-03-08
txn_0003755,cust_00039,merch_0084,home_goods,2026-04-06 08:32:06,2141.9,dev_4899813274,region_24,card,success,2026-02-23
txn_0002100,cust_00020,merch_0115,home_goods,2026-04-06 09:18:28,668.5,dev_44ebf7337f,region_16,card,success,2026-02-23
txn_0001643,cust_00016,merch_0051,fashion,2026-04-06 09:22:38,1223.12,dev_ff4d7123cb,region_05,card,success,2026-03-16
txn_0003304,cust_00034,merch_0036,travel,2026-04-06 09:26:05,1601.88,dev_b983ceccdc,region_23,card,success,2025-12-14
txn_0002270,cust_00022,merch_0110,digital_goods,2026-04-06 09:28:34,689.14,dev_a7c1738df4,region_15,card,success,2026-01-24
txn_0002576,cust_00025,merch_0044,groceries,2026-04-06 09:52:45,602.0,dev_c61377a306,region_09,netbanking,success,2025-08-13
txn_0003577,cust_00037,merch_0064,food_delivery,2026-04-06 09:52:53,120.98,dev_e5a094c0cb,region_22,wallet,success,2026-03-22
txn_0001023,cust_00011,merch_0000,travel,2026-04-06 10:26:21,490.41,dev_d97d35dfcc,region_16,upi,success,2025-12-23
txn_0001641,cust_00016,merch_0120,travel,2026-04-06 10:26:41,1594.42,dev_ff4d7123cb,region_05,upi,failed,2026-03-16
txn_0000877,cust_00009,merch_0152,electronics,2026-04-06 10:34:34,232.74,dev_c5b5464c6f,region_14,card,failed,2025-01-09
txn_0002764,cust_00026,merch_0164,travel,2026-04-06 11:15:11,584.4,dev_3d6886d22a,region_08,card,success,2025-12-24
txn_0001324,cust_00014,merch_0111,digital_goods,2026-04-06 11:16:35,169.09,dev_a3fb82f6fb,region_04,card,success,2024-12-15
txn_0002575,cust_00025,merch_0013,travel,2026-04-06 11:24:41,497.85,dev_c61377a306,region_09,upi,failed,2025-08-13
txn_0000266,cust_00002,merch_0089,fashion,2026-04-06 11:36:05,312.72,dev_c2fe882877,region_21,upi,success,2026-01-21
txn_0003756,cust_00039,merch_0126,food_delivery,2026-04-06 11:36:05,2433.95,dev_4899813274,region_24,netbanking,success,2026-02-23
txn_0003757,cust_00039,merch_0123,fashion,2026-04-06 12:21:52,2940.26,dev_4899813274,region_24,upi,success,2026-02-23
txn_0000096,cust_00001,merch_0161,food_delivery,2026-04-06 12:30:27,1779.05,dev_8b01cc1cb7,region_11,card,failed,2026-03-16
txn_0001947,cust_00019,merch_0012,food_delivery,2026-04-06 13:56:38,579.37,dev_c16cfa8786,region_12,card,success,2025-12-18
txn_0001954,cust_00019,merch_0081,fashion,2026-04-06 14:11:37,419.19,dev_c16cfa8786,region_12,card,failed,2025-12-18
txn_0000095,cust_00001,merch_0113,food_delivery,2026-04-06 14:29:35,1524.91,dev_8b01cc1cb7,region_11,wallet,success,2026-03-16
txn_0001025,cust_00011,merch_0004,digital_goods,2026-04-06 14:30:52,313.7,dev_d97d35dfcc,region_16,netbanking,success,2025-12-23
txn_0003187,cust_00031,merch_0072,home_goods,2026-04-06 14:33:16,386.95,dev_b8ce223e2d,region_15,card,success,2025-02-16
txn_0001946,cust_00019,merch_0106,fashion,2026-04-06 14:34:13,420.28,dev_c16cfa8786,region_12,card,success,2025-12-18
txn_0001642,cust_00016,merch_0016,fashion,2026-04-06 15:09:29,1619.98,dev_ff4d7123cb,region_05,card,success,2026-03-16
txn_0000482,cust_00004,merch_0159,electronics,2026-04-06 15:10:25,1181.62,dev_5d98562187,region_22,card,success,2025-10-27
txn_0001951,cust_00019,merch_0005,electronics,2026-04-06 15:15:32,499.85,dev_c16cfa8786,region_12,card,success,2025-12-18
txn_0002915,cust_00028,merch_0141,electronics,2026-04-06 15:40:33,689.17,dev_0fd2ab5f2c,region_20,upi,success,2025-03-16
txn_0001953,cust_00019,merch_0006,food_delivery,2026-04-06 15:42:16,414.19,dev_c16cfa8786,region_12,upi,failed,2025-12-18
txn_0000318,cust_00003,merch_0166,groceries,2026-04-06 15:54:08,1294.68,dev_61c49512f5,region_20,card,success,2025-12-30
txn_0000557,cust_00005,merch_0019,travel,2026-04-06 16:19:41,378.34,dev_88a6698d70,region_09,card,success,2025-06-11
txn_0002271,cust_00022,merch_0039,fashion,2026-04-06 18:42:01,272.03,dev_a7c1738df4,region_15,card,success,2026-01-24
txn_0003378,cust_00035,merch_0026,digital_goods,2026-04-06 19:34:51,435.06,dev_26cb4432c0,region_04,card,success,2026-03-06
txn_0002913,cust_00028,merch_0110,digital_goods,2026-04-06 19:42:05,373.29,dev_0fd2ab5f2c,region_20,card,success,2025-03-16
txn_0002914,cust_00028,merch_0046,digital_goods,2026-04-06 20:16:11,221.27,dev_0fd2ab5f2c,region_20,card,success,2025-03-16
txn_0000007,cust_00000,merch_0157,travel,2026-04-06 21:01:02,767.69,dev_d8eee72e0e,region_16,upi,success,2024-10-19
txn_0001949,cust_00019,merch_0103,home_goods,2026-04-06 21:29:42,454.62,dev_c16cfa8786,region_12,card,success,2025-12-18
txn_0002916,cust_00028,merch_0133,home_goods,2026-04-06 22:16:30,509.3,dev_0fd2ab5f2c,region_20,card,success,2025-03-16
txn_0000558,cust_00005,merch_0072,home_goods,2026-04-06 22:17:34,1846.56,dev_88a6698d70,region_09,netbanking,success,2025-06-11
txn_0003060,cust_00029,merch_0020,digital_goods,2026-04-06 22:43:18,831.85,dev_9fe5b185ac,region_04,upi,success,2025-05-28
txn_0003485,cust_00036,merch_0029,food_delivery,2026-04-06 22:48:15,321.95,dev_f10e01fbae,region_18,card,success,2026-02-20
txn_0000771,cust_00007,merch_0061,electronics,2026-04-06 22:48:15,513.41,dev_ded833c13d,region_05,card,success,2026-01-03
txn_0003576,cust_00037,merch_0122,electronics,2026-04-06 22:58:46,130.38,dev_e5a094c0cb,region_22,upi,success,2026-03-22
txn_0001948,cust_00019,merch_0028,digital_goods,2026-04-06 23:01:02,356.4,dev_c16cfa8786,region_12,upi,success,2025-12-18
txn_0003486,cust_00036,merch_0051,fashion,2026-04-07 00:24:03,203.21,dev_f10e01fbae,region_18,card,success,2026-02-20
txn_0001027,cust_00011,merch_0093,groceries,2026-04-07 00:42:07,143.59,dev_d97d35dfcc,region_16,upi,success,2025-12-23
txn_0003758,cust_00039,merch_0023,food_delivery,2026-04-07 01:04:26,2396.21,dev_4899813274,region_24,card,failed,2026-02-23
txn_0001189,cust_00013,merch_0079,fashion,2026-04-07 01:23:27,104.59,dev_1e3cfb13fa,region_16,upi,success,2025-01-05
txn_0002578,cust_00025,merch_0080,food_delivery,2026-04-07 01:36:42,559.39,dev_c61377a306,region_09,card,success,2025-08-13
txn_0002580,cust_00025,merch_0126,food_delivery,2026-04-07 01:36:50,638.17,dev_c61377a306,region_09,upi,success,2025-08-13
txn_0003380,cust_00035,merch_0103,home_goods,2026-04-07 01:49:16,828.52,dev_26cb4432c0,region_04,card,success,2026-03-06
txn_0003487,cust_00036,merch_0096,digital_goods,2026-04-07 01:49:50,397.9,dev_f10e01fbae,region_18,card,success,2026-02-20
txn_0003268,cust_00033,merch_0171,food_delivery,2026-04-07 02:35:37,3788.25,dev_3b4c2de63a,region_09,upi,success,2025-12-09
txn_0002102,cust_00020,merch_0061,electronics,2026-04-07 02:37:07,681.86,dev_44ebf7337f,region_16,upi,success,2026-02-23
txn_0002273,cust_00022,merch_0014,digital_goods,2026-04-07 03:08:53,939.61,dev_a7c1738df4,region_15,card,success,2026-01-24
txn_0002579,cust_00025,merch_0132,groceries,2026-04-07 03:15:41,427.47,dev_c61377a306,region_09,netbanking,success,2025-08-13
txn_0001428,cust_00015,merch_0154,digital_goods,2026-04-07 04:24:28,538.04,dev_c85f2cd462,region_11,upi,success,2025-04-26
txn_0003578,cust_00037,merch_0145,digital_goods,2026-04-07 04:34:52,374.63,dev_e5a094c0cb,region_22,card,success,2026-03-22
txn_0001836,cust_00017,merch_0140,food_delivery,2026-04-07 05:01:13,54.63,dev_e5dfc6a9a5,region_12,netbanking,success,2026-01-13
txn_0000483,cust_00004,merch_0110,digital_goods,2026-04-07 05:49:45,1376.98,dev_5d98562187,region_22,netbanking,success,2025-10-27
txn_0000559,cust_00005,merch_0165,groceries,2026-04-07 05:50:11,826.69,dev_88a6698d70,region_09,upi,success,2025-06-11
txn_0001956,cust_00019,merch_0121,digital_goods,2026-04-07 05:59:28,328.59,dev_c16cfa8786,region_12,card,success,2025-12-18
txn_0000320,cust_00003,merch_0029,food_delivery,2026-04-07 06:46:01,1187.09,dev_61c49512f5,region_20,upi,success,2025-12-30
txn_0000655,cust_00006,merch_0079,fashion,2026-04-07 07:11:22,496.63,dev_306b522224,region_20,upi,success,2026-02-23
txn_0002768,cust_00026,merch_0132,groceries,2026-04-07 07:28:59,294.71,dev_3d6886d22a,region_08,card,success,2025-12-24
txn_0000097,cust_00001,merch_0147,food_delivery,2026-04-07 08:27:36,235.75,dev_8b01cc1cb7,region_11,card,success,2026-03-16
txn_0000484,cust_00004,merch_0075,travel,2026-04-07 08:39:31,1143.07,dev_5d98562187,region_22,card,success,2025-10-27
txn_0002918,cust_00028,merch_0178,travel,2026-04-07 09:55:04,405.57,dev_0fd2ab5f2c,region_20,card,success,2025-03-16
txn_0001955,cust_00019,merch_0166,groceries,2026-04-07 10:24:46,285.38,dev_c16cfa8786,region_12,upi,success,2025-12-18
txn_0000880,cust_00009,merch_0043,travel,2026-04-07 10:37:56,294.15,dev_c5b5464c6f,region_14,card,success,2025-01-09
txn_0001645,cust_00016,merch_0174,groceries,2026-04-07 11:11:34,1770.91,dev_ff4d7123cb,region_05,card,success,2026-03-16
txn_0000098,cust_00001,merch_0007,electronics,2026-04-07 11:23:53,1530.49,dev_8b01cc1cb7,region_11,card,success,2026-03-16
txn_0000965,cust_00010,merch_0110,digital_goods,2026-04-07 11:42:56,547.82,dev_f3a63af8f4,region_24,upi,success,2025-10-17
txn_0001187,cust_00013,merch_0179,travel,2026-04-07 12:20:32,2387.76,dev_1e3cfb13fa,region_16,card,success,2025-01-05
txn_0002917,cust_00028,merch_0071,groceries,2026-04-07 12:39:48,394.36,dev_0fd2ab5f2c,region_20,upi,success,2025-03-16
txn_0002272,cust_00022,merch_0063,groceries,2026-04-07 12:53:17,884.31,dev_a7c1738df4,region_15,upi,failed,2026-01-24
txn_0000099,cust_00001,merch_0058,fashion,2026-04-07 12:56:30,1598.3,dev_8b01cc1cb7,region_11,upi,success,2026-03-16
txn_0003760,cust_00039,merch_0148,home_goods,2026-04-07 13:06:26,3596.57,dev_4899813274,region_24,upi,success,2026-02-23
txn_0003061,cust_00029,merch_0137,digital_goods,2026-04-07 13:19:35,703.35,dev_9fe5b185ac,region_04,netbanking,success,2025-05-28
txn_0000321,cust_00003,merch_0076,electronics,2026-04-07 13:26:23,1025.46,dev_61c49512f5,region_20,card,success,2025-12-30
txn_0001325,cust_00014,merch_0072,home_goods,2026-04-07 13:59:30,203.48,dev_a3fb82f6fb,region_04,upi,success,2024-12-15
txn_0000964,cust_00010,merch_0009,travel,2026-04-07 14:10:55,975.48,dev_f3a63af8f4,region_24,upi,success,2025-10-17
txn_0003381,cust_00035,merch_0015,food_delivery,2026-04-07 14:26:12,886.02,dev_26cb4432c0,region_04,card,success,2026-03-06
txn_0003759,cust_00039,merch_0041,digital_goods,2026-04-07 14:42:43,4226.79,dev_4899813274,region_24,card,success,2026-02-23
txn_0002577,cust_00025,merch_0149,electronics,2026-04-07 15:43:32,619.12,dev_c61377a306,region_09,upi,success,2025-08-13
txn_0002766,cust_00026,merch_0116,groceries,2026-04-07 16:25:13,389.61,dev_3d6886d22a,region_08,card,success,2025-12-24
txn_0001646,cust_00016,merch_0066,fashion,2026-04-07 16:31:10,1906.75,dev_ff4d7123cb,region_05,wallet,success,2026-03-16
txn_0003382,cust_00035,merch_0038,travel,2026-04-07 16:39:36,897.73,dev_26cb4432c0,region_04,card,success,2026-03-06
txn_0001898,cust_00018,merch_0093,groceries,2026-04-07 16:55:37,7494.57,dev_e3250f6388,region_07,card,success,2026-02-06
txn_0000560,cust_00005,merch_0159,electronics,2026-04-07 17:17:36,1032.76,dev_88a6698d70,region_09,card,success,2025-06-11
txn_0001897,cust_00018,merch_0147,food_delivery,2026-04-07 18:10:55,10643.81,dev_e3250f6388,region_07,card,success,2026-02-06
txn_0001835,cust_00017,merch_0170,electronics,2026-04-07 18:54:03,250.0,dev_e5dfc6a9a5,region_12,card,success,2026-01-13
txn_0000656,cust_00006,merch_0107,groceries,2026-04-07 19:53:46,878.02,dev_306b522224,region_20,card,success,2026-02-23
txn_0002767,cust_00026,merch_0060,food_delivery,2026-04-07 20:11:33,870.24,dev_3d6886d22a,region_08,card,success,2025-12-24
txn_0001326,cust_00014,merch_0087,travel,2026-04-07 20:24:20,162.11,dev_a3fb82f6fb,region_04,card,success,2024-12-15
txn_0001188,cust_00013,merch_0057,digital_goods,2026-04-07 20:27:37,2272.35,dev_1e3cfb13fa,region_16,upi,success,2025-01-05
txn_0000966,cust_00010,merch_0074,travel,2026-04-07 20:54:19,430.25,dev_f3a63af8f4,region_24,upi,success,2025-10-17
txn_0000100,cust_00001,merch_0116,groceries,2026-04-07 21:17:23,1143.2,dev_8b01cc1cb7,region_11,wallet,success,2026-03-16
txn_0000879,cust_00009,merch_0148,home_goods,2026-04-07 21:36:00,315.94,dev_c5b5464c6f,region_14,upi,success,2025-01-09
txn_0002919,cust_00028,merch_0119,home_goods,2026-04-07 22:24:31,220.09,dev_0fd2ab5f2c,region_20,card,success,2025-03-16
txn_0001028,cust_00011,merch_0097,electronics,2026-04-07 22:34:47,442.56,dev_d97d35dfcc,region_16,upi,success,2025-12-23
txn_0002274,cust_00022,merch_0167,electronics,2026-04-07 22:40:41,608.77,dev_a7c1738df4,region_15,card,success,2026-01-24
txn_0003761,cust_00039,merch_0057,digital_goods,2026-04-07 23:00:05,2494.33,dev_4899813274,region_24,netbanking,success,2026-02-23
txn_0003163,cust_00030,merch_0099,fashion,2026-04-07 23:34:06,242.82,dev_b012ae2533,region_04,card,success,2025-01-10
txn_0000102,cust_00001,merch_0060,food_delivery,2026-04-08 00:13:08,1086.23,dev_8b01cc1cb7,region_11,upi,failed,2026-03-16
txn_0001958,cust_00019,merch_0042,home_goods,2026-04-08 00:30:02,460.3,dev_c16cfa8786,region_12,upi,success,2025-12-18
txn_0002276,cust_00022,merch_0153,electronics,2026-04-08 00:31:35,503.78,dev_a7c1738df4,region_15,wallet,success,2026-01-24
txn_0002461,cust_00024,merch_0071,groceries,2026-04-08 01:02:03,989.67,dev_fbb25b4e5c,region_10,upi,failed,2024-07-18
txn_0001327,cust_00014,merch_0165,groceries,2026-04-08 02:16:59,117.31,dev_a3fb82f6fb,region_04,upi,success,2024-12-15
txn_0003582,cust_00037,merch_0149,electronics,2026-04-08 03:36:04,264.13,dev_e5a094c0cb,region_22,card,failed,2026-03-22
txn_0000268,cust_00002,merch_0090,home_goods,2026-04-08 03:46:28,712.14,dev_c2fe882877,region_21,upi,success,2026-01-21
txn_0000561,cust_00005,merch_0165,groceries,2026-04-08 04:31:02,771.61,dev_88a6698d70,region_09,card,success,2025-06-11
txn_0001648,cust_00016,merch_0150,food_delivery,2026-04-08 04:52:00,1115.4,dev_ff4d7123cb,region_05,upi,success,2026-03-16
txn_0001960,cust_00019,merch_0012,food_delivery,2026-04-08 05:06:12,258.5,dev_c16cfa8786,region_12,card,success,2025-12-18
txn_0000267,cust_00002,merch_0142,fashion,2026-04-08 05:07:36,1049.77,dev_c2fe882877,region_21,card,success,2026-01-21
txn_0001837,cust_00017,merch_0137,digital_goods,2026-04-08 05:24:55,12.38,dev_e5dfc6a9a5,region_12,upi,success,2026-01-13
txn_0003579,cust_00037,merch_0087,travel,2026-04-08 06:14:30,262.73,dev_e5a094c0cb,region_22,card,success,2026-03-22
txn_0001899,cust_00018,merch_0062,groceries,2026-04-08 06:27:02,15992.54,dev_e3250f6388,region_07,card,success,2026-02-06
txn_0000562,cust_00005,merch_0119,home_goods,2026-04-08 07:02:29,907.31,dev_88a6698d70,region_09,card,success,2025-06-11
txn_0000884,cust_00009,merch_0165,groceries,2026-04-08 07:17:28,273.42,dev_c5b5464c6f,region_14,netbanking,success,2025-01-09
txn_0000882,cust_00009,merch_0109,food_delivery,2026-04-08 07:39:49,304.49,dev_c5b5464c6f,region_14,card,success,2025-01-09
txn_0000881,cust_00009,merch_0136,groceries,2026-04-08 07:54:20,214.19,dev_c5b5464c6f,region_14,card,success,2025-01-09
txn_0003063,cust_00029,merch_0091,travel,2026-04-08 08:13:28,282.67,dev_9fe5b185ac,region_04,card,success,2025-05-28
txn_0001838,cust_00017,merch_0106,fashion,2026-04-08 08:47:21,225.52,dev_e5dfc6a9a5,region_12,card,success,2026-01-13
txn_0003581,cust_00037,merch_0033,home_goods,2026-04-08 09:11:48,350.47,dev_e5a094c0cb,region_22,card,success,2026-03-22
txn_0001429,cust_00015,merch_0058,fashion,2026-04-08 10:17:57,918.73,dev_c85f2cd462,region_11,card,success,2025-04-26
txn_0003164,cust_00030,merch_0039,fashion,2026-04-08 11:01:23,510.25,dev_b012ae2533,region_04,card,success,2025-01-10
txn_0000886,cust_00009,merch_0047,groceries,2026-04-08 11:08:15,204.16,dev_c5b5464c6f,region_14,upi,success,2025-01-09
txn_0000324,cust_00003,merch_0150,food_delivery,2026-04-08 11:19:52,1264.67,dev_61c49512f5,region_20,card,success,2025-12-30
txn_0000325,cust_00003,merch_0026,digital_goods,2026-04-08 11:44:55,1207.51,dev_61c49512f5,region_20,upi,success,2025-12-30
txn_0003580,cust_00037,merch_0128,electronics,2026-04-08 11:55:06,408.95,dev_e5a094c0cb,region_22,card,success,2026-03-22
txn_0001330,cust_00014,merch_0133,home_goods,2026-04-08 12:58:21,95.74,dev_997f599bae,region_04,upi,success,2024-12-15
txn_0000814,cust_00008,merch_0039,fashion,2026-04-08 13:13:41,1296.4,dev_ddb545484a,region_14,upi,success,2024-12-23
txn_0001900,cust_00018,merch_0015,food_delivery,2026-04-08 13:24:34,938.81,dev_e3250f6388,region_07,upi,success,2026-02-06
txn_0000967,cust_00010,merch_0155,travel,2026-04-08 13:39:51,731.2,dev_f3a63af8f4,region_24,upi,success,2025-10-17
txn_0000887,cust_00009,merch_0066,fashion,2026-04-08 13:45:47,242.23,dev_c5b5464c6f,region_14,netbanking,success,2025-01-09
txn_0000008,cust_00000,merch_0039,fashion,2026-04-08 13:52:52,1870.88,dev_d8eee72e0e,region_16,card,success,2024-10-19
txn_0003488,cust_00036,merch_0117,groceries,2026-04-08 14:22:35,322.3,dev_f10e01fbae,region_18,card,success,2026-02-20
txn_0000885,cust_00009,merch_0022,groceries,2026-04-08 14:42:39,259.28,dev_c5b5464c6f,region_14,card,failed,2025-01-09
txn_0003188,cust_00031,merch_0149,electronics,2026-04-08 15:21:38,284.22,dev_b8ce223e2d,region_15,card,success,2025-02-16
txn_0003062,cust_00029,merch_0145,digital_goods,2026-04-08 15:28:24,403.07,dev_9fe5b185ac,region_04,upi,success,2025-05-28
txn_0002388,cust_00023,merch_0162,digital_goods,2026-04-08 15:59:42,3590.1,dev_ae0251997d,region_13,card,success,2025-09-03
txn_0003383,cust_00035,merch_0168,digital_goods,2026-04-08 16:14:50,756.75,dev_26cb4432c0,region_04,upi,success,2026-03-06
txn_0002275,cust_00022,merch_0136,groceries,2026-04-08 16:19:17,562.81,dev_a7c1738df4,region_15,card,success,2026-01-24
txn_0001839,cust_00017,merch_0066,fashion,2026-04-08 16:28:42,265.85,dev_e5dfc6a9a5,region_12,upi,success,2026-01-13
txn_0000883,cust_00009,merch_0065,food_delivery,2026-04-08 17:23:23,202.73,dev_c5b5464c6f,region_14,card,success,2025-01-09
txn_0003269,cust_00033,merch_0151,fashion,2026-04-08 17:26:58,4330.32,dev_3b4c2de63a,region_09,card,success,2025-12-09
txn_0002922,cust_00028,merch_0114,food_delivery,2026-04-08 17:27:03,324.84,dev_0fd2ab5f2c,region_20,card,success,2025-03-16
txn_0002921,cust_00028,merch_0028,digital_goods,2026-04-08 17:35:28,341.59,dev_0fd2ab5f2c,region_20,wallet,success,2025-03-16
txn_0000815,cust_00008,merch_0045,home_goods,2026-04-08 17:42:00,1202.42,dev_ddb545484a,region_14,upi,success,2024-12-23
txn_0001647,cust_00016,merch_0146,food_delivery,2026-04-08 17:42:04,1172.7,dev_ff4d7123cb,region_05,card,success,2026-03-16
txn_0001030,cust_00011,merch_0122,electronics,2026-04-08 18:07:14,430.18,dev_d97d35dfcc,region_16,upi,success,2025-12-23
txn_0001649,cust_00016,merch_0065,food_delivery,2026-04-08 18:07:15,1673.22,dev_ff4d7123cb,region_05,card,success,2026-03-16
txn_0003666,cust_00038,merch_0083,digital_goods,2026-04-08 18:09:47,723.28,dev_52f1883043,region_06,card,failed,2025-08-04
txn_0002462,cust_00024,merch_0099,fashion,2026-04-08 18:36:28,1173.5,dev_fbb25b4e5c,region_10,upi,success,2024-07-18
txn_0002389,cust_00023,merch_0102,food_delivery,2026-04-08 18:41:37,4076.37,dev_ae0251997d,region_13,upi,success,2025-09-03
txn_0002185,cust_00021,merch_0129,digital_goods,2026-04-08 18:51:40,362.12,dev_23cb667f8d,region_17,upi,success,2026-01-27
txn_0000101,cust_00001,merch_0114,food_delivery,2026-04-08 19:06:34,1379.09,dev_8b01cc1cb7,region_11,card,success,2026-03-16
txn_0002387,cust_00023,merch_0132,groceries,2026-04-08 19:11:54,763.46,dev_ae0251997d,region_13,upi,success,2025-09-03
txn_0001190,cust_00013,merch_0108,food_delivery,2026-04-08 19:30:39,638.68,dev_1e3cfb13fa,region_16,card,success,2025-01-05
txn_0002582,cust_00025,merch_0130,food_delivery,2026-04-08 19:31:02,349.58,dev_c61377a306,region_09,card,success,2025-08-13
txn_0000322,cust_00003,merch_0032,digital_goods,2026-04-08 19:33:52,1063.26,dev_61c49512f5,region_20,upi,success,2025-12-30
txn_0002103,cust_00020,merch_0051,fashion,2026-04-08 19:55:39,933.79,dev_44ebf7337f,region_16,upi,success,2026-02-23
txn_0000103,cust_00001,merch_0002,fashion,2026-04-08 20:30:35,360.11,dev_8b01cc1cb7,region_11,card,success,2026-03-16
txn_0001329,cust_00014,merch_0092,travel,2026-04-08 20:46:07,199.86,dev_a3fb82f6fb,region_04,wallet,failed,2024-12-15
txn_0003190,cust_00031,merch_0162,digital_goods,2026-04-08 21:03:35,492.29,dev_b8ce223e2d,region_15,card,failed,2025-02-16
txn_0000323,cust_00003,merch_0033,home_goods,2026-04-08 21:05:35,1138.13,dev_61c49512f5,region_20,card,success,2025-12-30
txn_0003386,cust_00035,merch_0128,electronics,2026-04-08 21:08:06,628.06,dev_26cb4432c0,region_04,upi,success,2026-03-06
txn_0003384,cust_00035,merch_0060,food_delivery,2026-04-08 21:10:25,825.45,dev_26cb4432c0,region_04,netbanking,success,2026-03-06
txn_0003489,cust_00036,merch_0088,groceries,2026-04-08 21:12:33,365.25,dev_f10e01fbae,region_18,card,success,2026-02-20
txn_0001430,cust_00015,merch_0041,digital_goods,2026-04-08 21:24:20,754.1,dev_c85f2cd462,region_11,card,failed,2025-04-26
txn_0001957,cust_00019,merch_0088,groceries,2026-04-08 21:44:03,344.58,dev_c16cfa8786,region_12,netbanking,success,2025-12-18
txn_0002920,cust_00028,merch_0122,electronics,2026-04-08 21:46:59,440.42,dev_0fd2ab5f2c,region_20,card,success,2025-03-16
txn_0001328,cust_00014,merch_0024,fashion,2026-04-08 22:10:39,144.62,dev_a3fb82f6fb,region_04,wallet,success,2024-12-15
txn_0002769,cust_00026,merch_0161,food_delivery,2026-04-08 22:41:24,448.21,dev_3d6886d22a,region_08,card,success,2025-12-24
txn_0003385,cust_00035,merch_0161,food_delivery,2026-04-08 23:31:14,625.25,dev_26cb4432c0,region_04,card,success,2026-03-06
txn_0002581,cust_00025,merch_0169,electronics,2026-04-08 23:41:28,649.88,dev_c61377a306,region_09,card,success,2025-08-13
txn_0003189,cust_00031,merch_0024,fashion,2026-04-08 23:42:53,280.06,dev_b8ce223e2d,region_15,upi,success,2025-02-16
txn_0001959,cust_00019,merch_0048,groceries,2026-04-08 23:51:49,388.49,dev_c16cfa8786,region_12,card,success,2025-12-18
txn_0001029,cust_00011,merch_0065,food_delivery,2026-04-08 23:51:56,479.42,dev_d97d35dfcc,region_16,card,failed,2025-12-23
txn_0002390,cust_00023,merch_0056,digital_goods,2026-04-09 00:12:09,2937.53,dev_ae0251997d,region_13,card,success,2025-09-03
txn_0000106,cust_00001,merch_0066,fashion,2026-04-09 01:11:05,2795.45,dev_8b01cc1cb7,region_11,card,success,2026-03-16
txn_0001031,cust_00011,merch_0055,digital_goods,2026-04-09 01:19:35,467.72,dev_d97d35dfcc,region_16,wallet,success,2025-12-23
txn_0000485,cust_00004,merch_0021,digital_goods,2026-04-09 01:49:18,1444.61,dev_5d98562187,region_22,card,success,2025-10-27
txn_0002105,cust_00020,merch_0039,fashion,2026-04-09 02:01:35,973.95,dev_44ebf7337f,region_16,card,success,2026-02-23
txn_0000888,cust_00009,merch_0046,digital_goods,2026-04-09 02:31:58,210.95,dev_c5b5464c6f,region_14,card,success,2025-01-09
txn_0001147,cust_00012,merch_0164,travel,2026-04-09 02:40:16,180.95,dev_a68aa3d101,region_17,card,success,2026-02-15
txn_0001193,cust_00013,merch_0121,digital_goods,2026-04-09 02:53:39,2075.09,dev_1e3cfb13fa,region_16,card,success,2025-01-05
txn_0001032,cust_00011,merch_0152,electronics,2026-04-09 03:16:13,556.12,dev_d97d35dfcc,region_16,card,success,2025-12-23
txn_0001033,cust_00011,merch_0010,food_delivery,2026-04-09 03:29:52,368.19,dev_d97d35dfcc,region_16,card,success,2025-12-23
txn_0003583,cust_00037,merch_0108,food_delivery,2026-04-09 03:41:56,341.66,dev_e5a094c0cb,region_22,upi,success,2026-03-22
txn_0002392,cust_00023,merch_0093,groceries,2026-04-09 04:23:41,580.78,dev_ae0251997d,region_13,netbanking,success,2025-09-03
txn_0003667,cust_00038,merch_0101,digital_goods,2026-04-09 05:24:28,596.63,dev_52f1883043,region_06,card,success,2025-08-04
txn_0001961,cust_00019,merch_0093,groceries,2026-04-09 05:31:14,374.69,dev_c16cfa8786,region_12,upi,success,2025-12-18
txn_0002278,cust_00022,merch_0172,travel,2026-04-09 06:23:44,995.07,dev_a7c1738df4,region_15,wallet,success,2026-01-24
txn_0003165,cust_00030,merch_0106,fashion,2026-04-09 07:36:18,360.62,dev_b012ae2533,region_04,card,success,2025-01-10
txn_0003490,cust_00036,merch_0121,digital_goods,2026-04-09 07:45:05,326.16,dev_f10e01fbae,region_18,card,success,2026-02-20
txn_0002583,cust_00025,merch_0074,travel,2026-04-09 07:48:39,537.52,dev_c61377a306,region_09,card,success,2025-08-13
txn_0002770,cust_00026,merch_0013,travel,2026-04-09 08:22:19,456.77,dev_3d6886d22a,region_08,upi,success,2025-12-24
txn_0002104,cust_00020,merch_0002,fashion,2026-04-09 08:29:12,465.73,dev_44ebf7337f,region_16,upi,success,2026-02-23
txn_0002281,cust_00022,merch_0053,travel,2026-04-09 08:29:31,915.8,dev_a7c1738df4,region_15,card,success,2026-01-24
txn_0001035,cust_00011,merch_0052,food_delivery,2026-04-09 08:33:22,409.48,dev_d97d35dfcc,region_16,upi,success,2025-12-23
txn_0003064,cust_00029,merch_0142,fashion,2026-04-09 08:50:57,728.54,dev_9fe5b185ac,region_04,upi,success,2025-05-28
txn_0000269,cust_00002,merch_0146,food_delivery,2026-04-09 08:55:35,535.94,dev_c2fe882877,region_21,upi,success,2026-01-21
txn_0001962,cust_00019,merch_0072,home_goods,2026-04-09 09:03:35,396.71,dev_c16cfa8786,region_12,upi,success,2025-12-18
txn_0001191,cust_00013,merch_0032,digital_goods,2026-04-09 09:33:21,991.79,dev_1e3cfb13fa,region_16,card,success,2025-01-05
txn_0000326,cust_00003,merch_0157,travel,2026-04-09 09:34:26,894.42,dev_61c49512f5,region_20,card,success,2025-12-30
txn_0002106,cust_00020,merch_0164,travel,2026-04-09 10:02:57,696.26,dev_44ebf7337f,region_16,card,success,2026-02-23
txn_0003306,cust_00034,merch_0165,groceries,2026-04-09 10:09:25,773.55,dev_b983ceccdc,region_23,card,success,2025-12-14
txn_0002280,cust_00022,merch_0152,electronics,2026-04-09 10:29:23,613.97,dev_a7c1738df4,region_15,card,failed,2026-01-24
txn_0002391,cust_00023,merch_0032,digital_goods,2026-04-09 10:29:24,1203.62,dev_ae0251997d,region_13,card,success,2025-09-03
txn_0001192,cust_00013,merch_0052,food_delivery,2026-04-09 11:23:50,1443.12,dev_1e3cfb13fa,region_16,netbanking,success,2025-01-05
txn_0001434,cust_00015,merch_0144,groceries,2026-04-09 11:42:10,921.76,dev_c85f2cd462,region_11,wallet,success,2025-04-26
txn_0003387,cust_00035,merch_0125,fashion,2026-04-09 12:05:31,1161.01,dev_26cb4432c0,region_04,upi,success,2026-03-06
txn_0000968,cust_00010,merch_0013,travel,2026-04-09 12:25:20,1067.47,dev_f3a63af8f4,region_24,card,success,2025-10-17
txn_0000657,cust_00006,merch_0010,food_delivery,2026-04-09 12:53:33,160.36,dev_306b522224,region_20,card,success,2026-02-23
txn_0002923,cust_00028,merch_0160,electronics,2026-04-09 12:59:23,456.65,dev_0fd2ab5f2c,region_20,card,success,2025-03-16
txn_0003763,cust_00039,merch_0088,groceries,2026-04-09 13:04:26,1759.2,dev_4899813274,region_24,wallet,success,2026-02-23
txn_0003584,cust_00037,merch_0156,digital_goods,2026-04-09 13:07:45,249.15,dev_e5a094c0cb,region_22,upi,success,2026-03-22
txn_0003065,cust_00029,merch_0107,groceries,2026-04-09 14:18:43,486.1,dev_9fe5b185ac,region_04,card,success,2025-05-28
txn_0003270,cust_00033,merch_0069,electronics,2026-04-09 14:32:46,2310.15,dev_3b4c2de63a,region_09,card,success,2025-12-09
txn_0001331,cust_00014,merch_0017,travel,2026-04-09 15:04:26,196.26,dev_a3fb82f6fb,region_04,card,success,2024-12-15
txn_0000104,cust_00001,merch_0052,food_delivery,2026-04-09 15:23:48,1234.02,dev_8b01cc1cb7,region_11,netbanking,failed,2026-03-16
txn_0000772,cust_00007,merch_0123,fashion,2026-04-09 15:50:13,546.02,dev_ded833c13d,region_05,card,success,2026-01-03
txn_0002277,cust_00022,merch_0092,travel,2026-04-09 15:51:58,613.58,dev_a7c1738df4,region_15,card,success,2026-01-24
txn_0001432,cust_00015,merch_0051,fashion,2026-04-09 16:04:54,1068.55,dev_c85f2cd462,region_11,upi,success,2025-04-26
txn_0000658,cust_00006,merch_0178,travel,2026-04-09 16:50:43,927.04,dev_306b522224,region_20,card,success,2026-02-23
txn_0001433,cust_00015,merch_0094,home_goods,2026-04-09 17:14:27,387.65,dev_c85f2cd462,region_11,card,success,2025-04-26
txn_0001963,cust_00019,merch_0100,groceries,2026-04-09 19:32:35,393.93,dev_c16cfa8786,region_12,upi,success,2025-12-18
txn_0001034,cust_00011,merch_0171,food_delivery,2026-04-09 19:32:47,419.6,dev_d97d35dfcc,region_16,card,success,2025-12-23
txn_0002186,cust_00021,merch_0081,fashion,2026-04-09 19:46:38,169.0,dev_23cb667f8d,region_17,netbanking,success,2026-01-27
txn_0001435,cust_00015,merch_0158,groceries,2026-04-09 20:08:39,791.33,dev_c85f2cd462,region_11,card,success,2025-04-26
txn_0003668,cust_00038,merch_0133,home_goods,2026-04-09 20:58:58,336.86,dev_52f1883043,region_06,upi,success,2025-08-04
txn_0000773,cust_00007,merch_0037,electronics,2026-04-09 21:09:52,497.48,dev_ded833c13d,region_05,card,success,2026-01-03
txn_0000108,cust_00001,merch_0154,digital_goods,2026-04-09 21:41:07,2215.15,dev_8b01cc1cb7,region_11,upi,success,2026-03-16
txn_0000105,cust_00001,merch_0123,fashion,2026-04-09 21:41:46,689.07,dev_8b01cc1cb7,region_11,upi,success,2026-03-16
txn_0002279,cust_00022,merch_0145,digital_goods,2026-04-09 22:48:35,119.3,dev_a7c1738df4,region_15,card,success,2026-01-24
txn_0003191,cust_00031,merch_0057,digital_goods,2026-04-09 23:07:47,484.98,dev_b8ce223e2d,region_15,netbanking,success,2025-02-16
txn_0002924,cust_00028,merch_0163,digital_goods,2026-04-09 23:12:18,498.12,dev_0fd2ab5f2c,region_20,upi,success,2025-03-16
txn_0003762,cust_00039,merch_0066,fashion,2026-04-09 23:14:49,2853.94,dev_4899813274,region_24,card,success,2026-02-23
txn_0001431,cust_00015,merch_0126,food_delivery,2026-04-09 23:32:37,607.9,dev_c85f2cd462,region_11,card,success,2025-04-26
txn_0000107,cust_00001,merch_0067,travel,2026-04-09 23:53:56,1900.65,dev_8b01cc1cb7,region_11,upi,success,2026-03-16
txn_0001333,cust_00014,merch_0034,home_goods,2026-04-10 00:04:22,150.23,dev_a3fb82f6fb,region_04,card,success,2024-12-15
txn_0003491,cust_00036,merch_0060,food_delivery,2026-04-10 00:24:27,416.69,dev_f10e01fbae,region_18,upi,success,2026-02-20
txn_0002585,cust_00025,merch_0079,fashion,2026-04-10 01:04:29,584.41,dev_c61377a306,region_09,card,success,2025-08-13
txn_0000009,cust_00000,merch_0051,fashion,2026-04-10 01:22:03,1017.96,dev_d8eee72e0e,region_16,card,failed,2024-10-19
txn_0001436,cust_00015,merch_0172,travel,2026-04-10 01:40:30,680.14,dev_c85f2cd462,region_11,wallet,success,2025-04-26
txn_0002107,cust_00020,merch_0005,electronics,2026-04-10 01:50:24,333.6,dev_b993633b42,region_16,card,success,2026-02-23
txn_0001840,cust_00017,merch_0061,electronics,2026-04-10 02:10:51,171.21,dev_e5dfc6a9a5,region_12,upi,success,2026-01-13
txn_0000010,cust_00000,merch_0026,digital_goods,2026-04-10 02:34:30,1797.98,dev_d8eee72e0e,region_16,card,success,2024-10-19
txn_0002108,cust_00020,merch_0117,groceries,2026-04-10 02:45:22,1013.54,dev_44ebf7337f,region_16,card,success,2026-02-23
txn_0000327,cust_00003,merch_0008,travel,2026-04-10 03:07:00,912.51,dev_61c49512f5,region_20,wallet,success,2025-12-30
txn_0000330,cust_00003,merch_0015,food_delivery,2026-04-10 03:16:24,676.03,dev_61c49512f5,region_20,upi,success,2025-12-30
txn_0000774,cust_00007,merch_0159,electronics,2026-04-10 03:38:17,454.0,dev_ded833c13d,region_05,netbanking,success,2026-01-03
txn_0000331,cust_00003,merch_0154,digital_goods,2026-04-10 03:49:39,1077.84,dev_61c49512f5,region_20,card,success,2025-12-30
txn_0001965,cust_00019,merch_0119,home_goods,2026-04-10 04:14:25,335.9,dev_c16cfa8786,region_12,upi,success,2025-12-18
txn_0002772,cust_00026,merch_0179,travel,2026-04-10 04:26:16,787.63,dev_3d6886d22a,region_08,card,success,2025-12-24
txn_0002771,cust_00026,merch_0025,groceries,2026-04-10 04:26:19,613.26,dev_3d6886d22a,region_08,card,success,2025-12-24
txn_0003066,cust_00029,merch_0149,electronics,2026-04-10 04:28:57,586.54,dev_9fe5b185ac,region_04,upi,success,2025-05-28
txn_0003388,cust_00035,merch_0043,travel,2026-04-10 04:44:48,559.67,dev_26cb4432c0,region_04,card,success,2026-03-06
txn_0002188,cust_00021,merch_0134,electronics,2026-04-10 05:56:53,293.66,dev_23cb667f8d,region_17,card,success,2026-01-27
txn_0002282,cust_00022,merch_0179,travel,2026-04-10 06:52:36,814.45,dev_a7c1738df4,region_15,card,success,2026-01-24
txn_0002774,cust_00026,merch_0073,electronics,2026-04-10 06:59:12,355.91,dev_3d6886d22a,region_08,card,success,2025-12-24
txn_0002283,cust_00022,merch_0175,groceries,2026-04-10 07:14:45,449.03,dev_a7c1738df4,region_15,wallet,failed,2026-01-24
txn_0001651,cust_00016,merch_0049,fashion,2026-04-10 07:27:15,1159.78,dev_ff4d7123cb,region_05,card,success,2026-03-16
txn_0003765,cust_00039,merch_0170,electronics,2026-04-10 07:39:07,2462.61,dev_4899813274,region_24,netbanking,success,2026-02-23
txn_0001037,cust_00011,merch_0069,electronics,2026-04-10 07:52:59,448.37,dev_d97d35dfcc,region_16,upi,success,2025-12-23
txn_0002584,cust_00025,merch_0139,digital_goods,2026-04-10 08:46:02,430.55,dev_c61377a306,region_09,card,success,2025-08-13
txn_0000564,cust_00005,merch_0089,fashion,2026-04-10 08:46:49,1119.86,dev_88a6698d70,region_09,card,success,2025-06-11
txn_0000970,cust_00010,merch_0028,digital_goods,2026-04-10 10:39:38,292.28,dev_f3a63af8f4,region_24,card,success,2025-10-17
txn_0001036,cust_00011,merch_0040,groceries,2026-04-10 10:57:00,171.16,dev_d97d35dfcc,region_16,wallet,success,2025-12-23
txn_0001195,cust_00013,merch_0149,electronics,2026-04-10 11:57:30,1961.41,dev_1e3cfb13fa,region_16,upi,success,2025-01-05
txn_0003764,cust_00039,merch_0111,digital_goods,2026-04-10 12:04:39,3277.25,dev_4899813274,region_24,upi,success,2026-02-23
txn_0002393,cust_00023,merch_0170,electronics,2026-04-10 12:07:48,3998.22,dev_ae0251997d,region_13,card,success,2025-09-03
txn_0001650,cust_00016,merch_0098,electronics,2026-04-10 12:11:51,1586.51,dev_ff4d7123cb,region_05,card,success,2026-03-16
txn_0001652,cust_00016,merch_0051,fashion,2026-04-10 12:38:46,1290.15,dev_ff4d7123cb,region_05,card,success,2026-03-16
txn_0002925,cust_00028,merch_0147,food_delivery,2026-04-10 12:43:55,435.07,dev_0fd2ab5f2c,region_20,upi,failed,2025-03-16
txn_0002394,cust_00023,merch_0029,food_delivery,2026-04-10 13:18:13,4699.53,dev_ae0251997d,region_13,card,success,2025-09-03
txn_0001038,cust_00011,merch_0132,groceries,2026-04-10 13:24:13,440.28,dev_d97d35dfcc,region_16,card,success,2025-12-23
txn_0001901,cust_00018,merch_0013,travel,2026-04-10 14:07:18,14173.39,dev_e3250f6388,region_07,upi,success,2026-02-06
txn_0001194,cust_00013,merch_0126,food_delivery,2026-04-10 14:40:45,2189.54,dev_1e3cfb13fa,region_16,wallet,success,2025-01-05
txn_0000659,cust_00006,merch_0106,fashion,2026-04-10 16:19:13,475.09,dev_306b522224,region_20,card,success,2026-02-23
txn_0003669,cust_00038,merch_0138,digital_goods,2026-04-10 17:38:30,298.54,dev_52f1883043,region_06,upi,success,2025-08-04
txn_0002463,cust_00024,merch_0066,fashion,2026-04-10 17:50:37,512.79,dev_fbb25b4e5c,region_10,upi,success,2024-07-18
txn_0002773,cust_00026,merch_0062,groceries,2026-04-10 17:55:32,653.48,dev_3d6886d22a,region_08,upi,success,2025-12-24
txn_0002187,cust_00021,merch_0081,fashion,2026-04-10 19:24:25,239.7,dev_23cb667f8d,region_17,card,success,2026-01-27
txn_0003192,cust_00031,merch_0136,groceries,2026-04-10 19:24:47,372.9,dev_b8ce223e2d,region_15,upi,success,2025-02-16
txn_0000329,cust_00003,merch_0105,fashion,2026-04-10 19:35:49,731.56,dev_61c49512f5,region_20,upi,success,2025-12-30
txn_0000969,cust_00010,merch_0144,groceries,2026-04-10 19:42:09,660.46,dev_f3a63af8f4,region_24,card,success,2025-10-17
txn_0003585,cust_00037,merch_0110,digital_goods,2026-04-10 19:59:41,41.63,dev_e5a094c0cb,region_22,card,success,2026-03-22
txn_0001964,cust_00019,merch_0121,digital_goods,2026-04-10 20:32:33,210.66,dev_c16cfa8786,region_12,card,success,2025-12-18
txn_0003670,cust_00038,merch_0098,electronics,2026-04-10 20:43:35,499.82,dev_52f1883043,region_06,card,success,2025-08-04
txn_0003307,cust_00034,merch_0161,food_delivery,2026-04-10 20:57:18,1252.43,dev_b983ceccdc,region_23,card,success,2025-12-14
txn_0003067,cust_00029,merch_0019,travel,2026-04-10 21:00:04,574.62,dev_9fe5b185ac,region_04,netbanking,success,2025-05-28
txn_0001196,cust_00013,merch_0153,electronics,2026-04-10 21:04:11,1170.92,dev_1e3cfb13fa,region_16,card,success,2025-01-05
txn_0000563,cust_00005,merch_0129,digital_goods,2026-04-10 21:04:43,783.36,dev_88a6698d70,region_09,netbanking,success,2025-06-11
txn_0002879,cust_00027,merch_0056,digital_goods,2026-04-10 21:31:06,475.12,dev_a2803eee45,region_24,card,success,2026-03-08
txn_0003766,cust_00039,merch_0059,digital_goods,2026-04-10 22:03:01,1107.44,dev_4899813274,region_24,card,success,2026-02-23
txn_0000328,cust_00003,merch_0118,groceries,2026-04-10 22:07:41,1140.87,dev_61c49512f5,region_20,upi,success,2025-12-30
txn_0003492,cust_00036,merch_0019,travel,2026-04-10 23:10:37,384.06,dev_f10e01fbae,region_18,upi,failed,2026-02-20
txn_0001332,cust_00014,merch_0004,digital_goods,2026-04-10 23:56:08,98.62,dev_a3fb82f6fb,region_04,upi,success,2024-12-15
txn_0003671,cust_00038,merch_0120,travel,2026-04-11 00:11:29,605.57,dev_52f1883043,region_06,card,success,2025-08-04
txn_0000660,cust_00006,merch_0139,digital_goods,2026-04-11 00:29:06,812.53,dev_306b522224,region_20,upi,success,2026-02-23
txn_0000332,cust_00003,merch_0088,groceries,2026-04-11 00:50:02,1565.27,dev_61c49512f5,region_20,upi,success,2025-12-30
txn_0003495,cust_00036,merch_0142,fashion,2026-04-11 03:46:48,310.74,dev_f10e01fbae,region_18,card,success,2026-02-20
txn_0003390,cust_00035,merch_0150,food_delivery,2026-04-11 04:10:14,893.69,dev_26cb4432c0,region_04,upi,success,2026-03-06
txn_0000568,cust_00005,merch_0074,travel,2026-04-11 04:26:45,695.08,dev_88a6698d70,region_09,netbanking,success,2025-06-11
txn_0000012,cust_00000,merch_0007,electronics,2026-04-11 05:11:11,1078.52,dev_d8eee72e0e,region_16,card,success,2024-10-19
txn_0002110,cust_00020,merch_0105,fashion,2026-04-11 06:06:30,647.78,dev_44ebf7337f,region_16,card,success,2026-02-23
txn_0002286,cust_00022,merch_0057,digital_goods,2026-04-11 06:09:02,856.68,dev_a7c1738df4,region_15,wallet,success,2026-01-24
txn_0001039,cust_00011,merch_0016,fashion,2026-04-11 06:30:53,309.19,dev_d97d35dfcc,region_16,wallet,success,2025-12-23
txn_0003767,cust_00039,merch_0152,electronics,2026-04-11 06:56:41,3150.47,dev_4899813274,region_24,card,success,2026-02-23
txn_0001334,cust_00014,merch_0079,fashion,2026-04-11 07:01:58,194.06,dev_a3fb82f6fb,region_04,card,success,2024-12-15
txn_0000013,cust_00000,merch_0089,fashion,2026-04-11 07:06:17,494.33,dev_d8eee72e0e,region_16,card,success,2024-10-19
txn_0001148,cust_00012,merch_0126,food_delivery,2026-04-11 07:07:42,124.74,dev_a68aa3d101,region_17,card,success,2026-02-15
txn_0000015,cust_00000,merch_0169,electronics,2026-04-11 07:12:33,1071.27,dev_d8eee72e0e,region_16,netbanking,success,2024-10-19
txn_0000014,cust_00000,merch_0161,food_delivery,2026-04-11 07:36:41,914.3,dev_d8eee72e0e,region_16,wallet,failed,2024-10-19
txn_0000776,cust_00007,merch_0073,electronics,2026-04-11 07:51:07,425.77,dev_ded833c13d,region_05,card,success,2026-01-03
txn_0002776,cust_00026,merch_0163,digital_goods,2026-04-11 07:59:43,641.33,dev_3d6886d22a,region_08,upi,success,2025-12-24
txn_0001654,cust_00016,merch_0168,digital_goods,2026-04-11 08:01:25,1283.83,dev_ff4d7123cb,region_05,upi,success,2026-03-16
txn_0003389,cust_00035,merch_0054,digital_goods,2026-04-11 08:05:46,702.22,dev_26cb4432c0,region_04,upi,success,2026-03-06
txn_0000889,cust_00009,merch_0049,fashion,2026-04-11 08:19:30,247.31,dev_c5b5464c6f,region_14,upi,success,2025-01-09
txn_0002880,cust_00027,merch_0109,food_delivery,2026-04-11 08:21:48,246.07,dev_a2803eee45,region_24,card,success,2026-03-08
txn_0002775,cust_00026,merch_0168,digital_goods,2026-04-11 09:15:46,649.45,dev_3d6886d22a,region_08,upi,success,2025-12-24
txn_0003308,cust_00034,merch_0166,groceries,2026-04-11 09:27:00,1295.83,dev_b983ceccdc,region_23,card,success,2025-12-14
txn_0002189,cust_00021,merch_0173,electronics,2026-04-11 09:54:26,300.44,dev_23cb667f8d,region_17,upi,success,2026-01-27
txn_0001653,cust_00016,merch_0030,home_goods,2026-04-11 09:57:30,1760.81,dev_ff4d7123cb,region_05,upi,success,2026-03-16
txn_0002466,cust_00024,merch_0164,travel,2026-04-11 10:02:30,1587.26,dev_fbb25b4e5c,region_10,card,success,2024-07-18
txn_0000486,cust_00004,merch_0152,electronics,2026-04-11 10:06:40,1130.92,dev_5d98562187,region_22,upi,success,2025-10-27
txn_0000017,cust_00000,merch_0147,food_delivery,2026-04-11 10:09:13,626.17,dev_d8eee72e0e,region_16,upi,success,2024-10-19
txn_0001199,cust_00013,merch_0027,digital_goods,2026-04-11 10:14:53,2672.64,dev_1e3cfb13fa,region_16,wallet,success,2025-01-05
txn_0003673,cust_00038,merch_0014,digital_goods,2026-04-11 10:21:26,430.52,dev_52f1883043,region_06,card,success,2025-08-04
txn_0001655,cust_00016,merch_0017,travel,2026-04-11 10:37:22,1100.8,dev_ff4d7123cb,region_05,card,success,2026-03-16
txn_0000016,cust_00000,merch_0058,fashion,2026-04-11 10:57:48,1838.44,dev_d8eee72e0e,region_16,card,success,2024-10-19
txn_0003194,cust_00031,merch_0059,digital_goods,2026-04-11 10:59:07,280.49,dev_b8ce223e2d,region_15,netbanking,success,2025-02-16
txn_0003391,cust_00035,merch_0131,electronics,2026-04-11 11:17:00,842.24,dev_26cb4432c0,region_04,card,success,2026-03-06
txn_0003392,cust_00035,merch_0032,digital_goods,2026-04-11 11:21:08,597.4,dev_26cb4432c0,region_04,card,success,2026-03-06
txn_0000487,cust_00004,merch_0095,digital_goods,2026-04-11 12:03:06,1229.5,dev_5d98562187,region_22,card,success,2025-10-27
txn_0002284,cust_00022,merch_0061,electronics,2026-04-11 13:17:14,233.35,dev_a7c1738df4,region_15,card,success,2026-01-24
txn_0003493,cust_00036,merch_0117,groceries,2026-04-11 13:19:08,547.14,dev_f10e01fbae,region_18,card,success,2026-02-20
txn_0002926,cust_00028,merch_0070,home_goods,2026-04-11 13:19:47,556.56,dev_0fd2ab5f2c,region_20,card,success,2025-03-16
txn_0002464,cust_00024,merch_0042,home_goods,2026-04-11 13:40:21,765.56,dev_fbb25b4e5c,region_10,card,success,2024-07-18
txn_0000775,cust_00007,merch_0013,travel,2026-04-11 13:45:47,614.61,dev_ded833c13d,region_05,upi,success,2026-01-03
txn_0000566,cust_00005,merch_0134,electronics,2026-04-11 13:53:13,341.47,dev_88a6698d70,region_09,card,success,2025-06-11
txn_0001659,cust_00016,merch_0059,digital_goods,2026-04-11 14:02:07,1357.49,dev_ff4d7123cb,region_05,upi,success,2026-03-16
txn_0002778,cust_00026,merch_0114,food_delivery,2026-04-11 14:05:16,1063.94,dev_3d6886d22a,region_08,card,failed,2025-12-24
txn_0002586,cust_00025,merch_0016,fashion,2026-04-11 14:16:19,416.99,dev_c61377a306,region_09,netbanking,success,2025-08-13
txn_0000488,cust_00004,merch_0049,fashion,2026-04-11 14:19:38,962.07,dev_5d98562187,region_22,card,success,2025-10-27
txn_0001657,cust_00016,merch_0057,digital_goods,2026-04-11 14:33:51,1098.32,dev_ff4d7123cb,region_05,upi,success,2026-03-16
txn_0002396,cust_00023,merch_0118,groceries,2026-04-11 14:47:59,913.33,dev_ae0251997d,region_13,upi,success,2025-09-03
txn_0001438,cust_00015,merch_0076,electronics,2026-04-11 14:51:55,569.47,dev_c85f2cd462,region_11,upi,success,2025-04-26
txn_0003166,cust_00030,merch_0029,food_delivery,2026-04-11 15:25:25,253.0,dev_b012ae2533,region_15,card,success,2025-01-10
txn_0003193,cust_00031,merch_0148,home_goods,2026-04-11 15:38:38,513.26,dev_b8ce223e2d,region_15,card,success,2025-02-16
txn_0003587,cust_00037,merch_0155,travel,2026-04-11 16:08:00,175.2,dev_e5a094c0cb,region_22,card,success,2026-03-22
txn_0002587,cust_00025,merch_0063,groceries,2026-04-11 16:08:24,589.03,dev_c61377a306,region_09,card,success,2025-08-13
txn_0000567,cust_00005,merch_0063,groceries,2026-04-11 16:15:27,1034.86,dev_88a6698d70,region_09,upi,success,2025-06-11
txn_0003672,cust_00038,merch_0077,home_goods,2026-04-11 16:36:04,31.15,dev_52f1883043,region_06,wallet,success,2025-08-04
txn_0000777,cust_00007,merch_0042,home_goods,2026-04-11 16:40:40,403.48,dev_ded833c13d,region_05,card,success,2026-01-03
txn_0002285,cust_00022,merch_0042,home_goods,2026-04-11 17:12:39,890.7,dev_a7c1738df4,region_15,card,success,2026-01-24
txn_0000890,cust_00009,merch_0120,travel,2026-04-11 17:38:53,183.31,dev_c5b5464c6f,region_14,upi,success,2025-01-09
txn_0000011,cust_00000,merch_0036,travel,2026-04-11 17:47:58,1323.63,dev_d8eee72e0e,region_16,card,failed,2024-10-19
txn_0001656,cust_00016,merch_0082,groceries,2026-04-11 18:01:39,2110.28,dev_ff4d7123cb,region_05,netbanking,success,2026-03-16
txn_0002395,cust_00023,merch_0168,digital_goods,2026-04-11 18:06:07,4941.87,dev_ae0251997d,region_13,card,success,2025-09-03
txn_0003068,cust_00029,merch_0153,electronics,2026-04-11 18:14:20,891.34,dev_9fe5b185ac,region_04,upi,failed,2025-05-28
txn_0001439,cust_00015,merch_0160,electronics,2026-04-11 18:31:57,1037.65,dev_c85f2cd462,region_11,card,success,2025-04-26
txn_0002777,cust_00026,merch_0121,digital_goods,2026-04-11 18:48:26,650.79,dev_3d6886d22a,region_08,upi,success,2025-12-24
txn_0001658,cust_00016,merch_0063,groceries,2026-04-11 19:19:00,1106.08,dev_ff4d7123cb,region_05,card,success,2026-03-16
txn_0001437,cust_00015,merch_0056,digital_goods,2026-04-11 19:43:09,493.45,dev_c85f2cd462,region_11,card,success,2025-04-26
txn_0002109,cust_00020,merch_0047,groceries,2026-04-11 20:01:41,203.99,dev_44ebf7337f,region_16,upi,success,2026-02-23
txn_0002465,cust_00024,merch_0129,digital_goods,2026-04-11 20:02:55,964.02,dev_fbb25b4e5c,region_10,upi,success,2024-07-18
txn_0000565,cust_00005,merch_0027,digital_goods,2026-04-11 20:10:16,923.55,dev_88a6698d70,region_09,upi,success,2025-06-11
txn_0003494,cust_00036,merch_0131,electronics,2026-04-11 20:59:12,441.54,dev_f10e01fbae,region_18,card,success,2026-02-20
txn_0000109,cust_00001,merch_0136,groceries,2026-04-11 21:26:46,2049.73,dev_8b01cc1cb7,region_11,upi,success,2026-03-16
txn_0001197,cust_00013,merch_0061,electronics,2026-04-11 21:28:06,992.45,dev_1e3cfb13fa,region_16,upi,success,2025-01-05
txn_0003586,cust_00037,merch_0047,groceries,2026-04-11 22:33:12,154.08,dev_e5a094c0cb,region_22,card,success,2026-03-22
txn_0001198,cust_00013,merch_0118,groceries,2026-04-11 22:42:12,3771.02,dev_1e3cfb13fa,region_16,upi,success,2025-01-05
txn_0001664,cust_00016,merch_0030,home_goods,2026-04-12 00:38:36,1416.0,dev_ff4d7123cb,region_05,card,success,2026-03-16
txn_0002190,cust_00021,merch_0158,groceries,2026-04-12 00:44:09,414.01,dev_23cb667f8d,region_17,card,success,2026-01-27
txn_0002191,cust_00021,merch_0043,travel,2026-04-12 01:19:37,308.23,dev_23cb667f8d,region_17,card,success,2026-01-27
txn_0003675,cust_00038,merch_0105,fashion,2026-04-12 01:24:18,378.83,dev_52f1883043,region_06,upi,failed,2025-08-04
txn_0002397,cust_00023,merch_0005,electronics,2026-04-12 01:35:09,2203.93,dev_ae0251997d,region_13,card,success,2025-09-03
txn_0001663,cust_00016,merch_0115,home_goods,2026-04-12 01:36:12,1332.34,dev_ff4d7123cb,region_05,upi,success,2026-03-16
txn_0003071,cust_00029,merch_0171,food_delivery,2026-04-12 01:59:42,258.29,dev_9fe5b185ac,region_04,upi,success,2025-05-28
txn_0001201,cust_00013,merch_0045,home_goods,2026-04-12 02:07:32,1646.51,dev_1e3cfb13fa,region_16,card,success,2025-01-05
txn_0001665,cust_00016,merch_0150,food_delivery,2026-04-12 02:37:49,1221.51,dev_ff4d7123cb,region_05,netbanking,success,2026-03-16
txn_0003309,cust_00034,merch_0174,groceries,2026-04-12 02:55:22,2009.01,dev_b983ceccdc,region_23,netbanking,success,2025-12-14
txn_0000893,cust_00009,merch_0018,home_goods,2026-04-12 03:33:45,244.05,dev_c5b5464c6f,region_14,card,success,2025-01-09
txn_0000972,cust_00010,merch_0134,electronics,2026-04-12 03:50:07,439.14,dev_f3a63af8f4,region_24,card,success,2025-10-17
txn_0001966,cust_00019,merch_0032,digital_goods,2026-04-12 05:07:26,528.9,dev_c16cfa8786,region_12,upi,success,2025-12-18
txn_0003676,cust_00038,merch_0143,electronics,2026-04-12 05:46:10,98.01,dev_52f1883043,region_06,upi,success,2025-08-04
txn_0000971,cust_00010,merch_0115,home_goods,2026-04-12 06:43:06,371.44,dev_f3a63af8f4,region_24,upi,success,2025-10-17
txn_0002192,cust_00021,merch_0092,travel,2026-04-12 07:34:40,91.66,dev_23cb667f8d,region_17,upi,success,2026-01-27
txn_0001668,cust_00016,merch_0048,groceries,2026-04-12 07:37:44,1403.92,dev_ff4d7123cb,region_05,card,success,2026-03-16
txn_0000333,cust_00003,merch_0140,food_delivery,2026-04-12 08:45:26,681.8,dev_61c49512f5,region_20,upi,success,2025-12-30
txn_0001660,cust_00016,merch_0045,home_goods,2026-04-12 08:59:22,1462.09,dev_ff4d7123cb,region_05,wallet,success,2026-03-16
txn_0002588,cust_00025,merch_0139,digital_goods,2026-04-12 09:39:21,607.43,dev_c61377a306,region_09,wallet,success,2025-08-13
txn_0002468,cust_00024,merch_0004,digital_goods,2026-04-12 11:01:56,1465.79,dev_fbb25b4e5c,region_10,card,success,2024-07-18
txn_0001666,cust_00016,merch_0070,home_goods,2026-04-12 11:05:01,1119.09,dev_ff4d7123cb,region_05,wallet,success,2026-03-16
txn_0003674,cust_00038,merch_0088,groceries,2026-04-12 11:08:45,542.41,dev_52f1883043,region_06,upi,failed,2025-08-04
txn_0000271,cust_00002,merch_0107,groceries,2026-04-12 11:22:55,10.0,dev_c2fe882877,region_21,card,success,2026-01-21
txn_0000891,cust_00009,merch_0044,groceries,2026-04-12 12:29:12,197.22,dev_c5b5464c6f,region_14,card,success,2025-01-09
txn_0002287,cust_00022,merch_0177,fashion,2026-04-12 12:34:52,387.07,dev_a7c1738df4,region_15,card,success,2026-01-24
txn_0002467,cust_00024,merch_0072,home_goods,2026-04-12 12:41:12,528.03,dev_fbb25b4e5c,region_10,card,success,2024-07-18
txn_0003588,cust_00037,merch_0035,electronics,2026-04-12 12:48:14,259.24,dev_e5a094c0cb,region_22,card,success,2026-03-22
txn_0000894,cust_00009,merch_0130,food_delivery,2026-04-12 12:54:07,237.35,dev_c5b5464c6f,region_14,upi,success,2025-01-09
txn_0001661,cust_00016,merch_0007,electronics,2026-04-12 14:29:19,1684.4,dev_ff4d7123cb,region_05,card,success,2026-03-16
txn_0000489,cust_00004,merch_0129,digital_goods,2026-04-12 14:30:23,1190.38,dev_5d98562187,region_22,upi,success,2025-10-27
txn_0001662,cust_00016,merch_0153,electronics,2026-04-12 14:33:06,1437.64,dev_ff4d7123cb,region_05,upi,success,2026-03-16
txn_0000270,cust_00002,merch_0065,food_delivery,2026-04-12 14:41:35,364.56,dev_c2fe882877,region_21,netbanking,success,2026-01-21
txn_0000662,cust_00006,merch_0169,electronics,2026-04-12 15:00:09,818.62,dev_306b522224,region_20,upi,success,2026-02-23
txn_0001335,cust_00014,merch_0125,fashion,2026-04-12 15:10:32,135.14,dev_a3fb82f6fb,region_04,card,success,2024-12-15
txn_0003258,cust_00032,merch_0092,travel,2026-04-12 15:35:05,950.68,dev_d8c019dd2b,region_03,card,success,2025-08-21
txn_0000569,cust_00005,merch_0136,groceries,2026-04-12 15:43:48,722.89,dev_88a6698d70,region_09,upi,success,2025-06-11
txn_0000334,cust_00003,merch_0017,travel,2026-04-12 15:49:46,1218.34,dev_61c49512f5,region_20,card,success,2025-12-30
txn_0000110,cust_00001,merch_0122,electronics,2026-04-12 15:52:17,1942.83,dev_8b01cc1cb7,region_11,card,success,2026-03-16
txn_0002111,cust_00020,merch_0128,electronics,2026-04-12 16:23:07,928.9,dev_44ebf7337f,region_16,wallet,success,2026-02-23
txn_0003070,cust_00029,merch_0179,travel,2026-04-12 17:02:14,797.01,dev_9fe5b185ac,region_04,card,success,2025-05-28
txn_0003589,cust_00037,merch_0155,travel,2026-04-12 17:43:14,341.86,dev_e5a094c0cb,region_22,card,success,2026-03-22
txn_0001442,cust_00015,merch_0150,food_delivery,2026-04-12 18:49:31,1047.5,dev_c85f2cd462,region_11,card,success,2025-04-26
txn_0001440,cust_00015,merch_0045,home_goods,2026-04-12 18:59:37,1116.29,dev_c85f2cd462,region_11,upi,success,2025-04-26
txn_0002469,cust_00024,merch_0012,food_delivery,2026-04-12 19:35:43,1045.47,dev_fbb25b4e5c,region_10,wallet,success,2024-07-18
txn_0001336,cust_00014,merch_0078,digital_goods,2026-04-12 19:53:56,185.04,dev_a3fb82f6fb,region_04,upi,success,2024-12-15
txn_0003394,cust_00035,merch_0023,food_delivery,2026-04-12 20:11:37,545.1,dev_26cb4432c0,region_04,card,success,2026-03-06
txn_0001441,cust_00015,merch_0096,digital_goods,2026-04-12 20:24:43,860.74,dev_c85f2cd462,region_11,wallet,success,2025-04-26
txn_0001443,cust_00015,merch_0171,food_delivery,2026-04-12 20:31:00,632.9,dev_c85f2cd462,region_11,upi,success,2025-04-26
txn_0002779,cust_00026,merch_0172,travel,2026-04-12 21:07:51,733.86,dev_3d6886d22a,region_08,upi,success,2025-12-24
txn_0000661,cust_00006,merch_0139,digital_goods,2026-04-12 21:17:40,1138.55,dev_147c9d6225,region_20,upi,success,2026-02-23
txn_0002193,cust_00021,merch_0121,digital_goods,2026-04-12 21:25:57,480.47,dev_23cb667f8d,region_17,wallet,success,2026-01-27
txn_0000778,cust_00007,merch_0174,groceries,2026-04-12 21:51:28,503.7,dev_ded833c13d,region_05,card,success,2026-01-03
txn_0001667,cust_00016,merch_0003,food_delivery,2026-04-12 21:54:05,1220.57,dev_ff4d7123cb,region_05,netbanking,success,2026-03-16
txn_0003069,cust_00029,merch_0146,food_delivery,2026-04-12 21:59:07,747.81,dev_9fe5b185ac,region_04,card,success,2025-05-28
txn_0000892,cust_00009,merch_0165,groceries,2026-04-12 22:15:26,299.75,dev_c5b5464c6f,region_14,upi,success,2025-01-09
txn_0001200,cust_00013,merch_0078,digital_goods,2026-04-12 22:19:37,1972.49,dev_1e3cfb13fa,region_16,netbanking,success,2025-01-05
txn_0003393,cust_00035,merch_0018,home_goods,2026-04-12 22:30:41,778.5,dev_26cb4432c0,region_04,card,success,2026-03-06
txn_0003312,cust_00034,merch_0145,digital_goods,2026-04-13 00:07:31,1450.82,dev_b983ceccdc,region_23,upi,success,2025-12-14
txn_0001968,cust_00019,merch_0083,digital_goods,2026-04-13 00:18:31,402.15,dev_c16cfa8786,region_12,card,success,2025-12-18
txn_0003072,cust_00029,merch_0157,travel,2026-04-13 00:22:08,221.83,dev_9fe5b185ac,region_04,upi,success,2025-05-28
txn_0002194,cust_00021,merch_0039,fashion,2026-04-13 00:22:33,257.95,dev_ff49dfaa19,region_15,upi,success,2026-01-27
txn_0002199,cust_00021,merch_0157,travel,2026-04-13 00:31:33,23123.11,dev_23cb667f8d,region_17,card,success,2026-01-27
txn_0000895,cust_00009,merch_0116,groceries,2026-04-13 00:34:40,302.13,dev_c5b5464c6f,region_14,card,success,2025-01-09
txn_0000570,cust_00005,merch_0066,fashion,2026-04-13 00:39:32,1567.62,dev_88a6698d70,region_09,card,success,2025-06-11
txn_0002198,cust_00021,merch_0117,groceries,2026-04-13 01:08:58,1694.9,dev_23cb667f8d,region_17,card,failed,2026-01-27
txn_0000491,cust_00004,merch_0084,home_goods,2026-04-13 01:23:15,1655.9,dev_5d98562187,region_22,netbanking,success,2025-10-27
txn_0003497,cust_00036,merch_0127,groceries,2026-04-13 01:46:01,189.3,dev_f10e01fbae,region_18,netbanking,success,2026-02-20
txn_0000817,cust_00008,merch_0138,digital_goods,2026-04-13 01:49:03,1048.97,dev_ddb545484a,region_14,upi,success,2024-12-23
txn_0002112,cust_00020,merch_0021,digital_goods,2026-04-13 01:49:23,835.62,dev_44ebf7337f,region_16,card,success,2026-02-23
txn_0003396,cust_00035,merch_0012,food_delivery,2026-04-13 02:06:13,634.94,dev_26cb4432c0,region_04,upi,success,2026-03-06
txn_0003311,cust_00034,merch_0070,home_goods,2026-04-13 02:22:04,1471.77,dev_b983ceccdc,region_23,upi,success,2025-12-14
txn_0002472,cust_00024,merch_0081,fashion,2026-04-13 02:50:57,1400.86,dev_fbb25b4e5c,region_10,upi,success,2024-07-18
txn_0000335,cust_00003,merch_0130,food_delivery,2026-04-13 03:09:15,498.36,dev_61c49512f5,region_20,card,success,2025-12-30
txn_0001338,cust_00014,merch_0005,electronics,2026-04-13 03:11:37,133.92,dev_a3fb82f6fb,region_04,card,success,2024-12-15
txn_0002591,cust_00025,merch_0108,food_delivery,2026-04-13 03:52:58,443.0,dev_c61377a306,region_09,card,success,2025-08-13
txn_0002590,cust_00025,merch_0104,travel,2026-04-13 04:04:08,683.45,dev_c61377a306,region_09,upi,success,2025-08-13
txn_0000018,cust_00000,merch_0117,groceries,2026-04-13 04:33:46,1577.93,dev_d8eee72e0e,region_16,card,success,2024-10-19
txn_0001671,cust_00016,merch_0097,electronics,2026-04-13 04:44:00,617.3,dev_ff4d7123cb,region_05,card,success,2026-03-16
txn_0000273,cust_00002,merch_0126,food_delivery,2026-04-13 05:19:41,368.14,dev_c2fe882877,region_21,card,success,2026-01-21
txn_0003399,cust_00035,merch_0176,electronics,2026-04-13 05:37:22,730.98,dev_26cb4432c0,region_04,card,success,2026-03-06
txn_0001444,cust_00015,merch_0048,groceries,2026-04-13 05:54:37,1304.35,dev_c85f2cd462,region_11,card,success,2025-04-26
txn_0002927,cust_00028,merch_0124,electronics,2026-04-13 06:10:42,363.34,dev_0fd2ab5f2c,region_20,card,success,2025-03-16
txn_0003196,cust_00031,merch_0112,electronics,2026-04-13 06:38:52,472.94,dev_b8ce223e2d,region_15,card,success,2025-02-16
txn_0003073,cust_00029,merch_0077,home_goods,2026-04-13 06:41:58,674.37,dev_9fe5b185ac,region_04,card,success,2025-05-28
txn_0001040,cust_00011,merch_0005,electronics,2026-04-13 06:42:10,607.54,dev_d97d35dfcc,region_16,upi,failed,2025-12-23
txn_0003195,cust_00031,merch_0101,digital_goods,2026-04-13 06:43:50,452.05,dev_b8ce223e2d,region_15,upi,success,2025-02-16
txn_0000337,cust_00003,merch_0068,travel,2026-04-13 07:06:40,1080.84,dev_61c49512f5,region_20,card,success,2025-12-30
txn_0002783,cust_00026,merch_0054,digital_goods,2026-04-13 07:11:56,810.41,dev_3d6886d22a,region_08,netbanking,success,2025-12-24
txn_0003678,cust_00038,merch_0175,groceries,2026-04-13 07:14:16,666.15,dev_52f1883043,region_06,upi,success,2025-08-04
txn_0000490,cust_00004,merch_0119,home_goods,2026-04-13 07:16:46,1329.11,dev_5d98562187,region_22,upi,success,2025-10-27
txn_0000272,cust_00002,merch_0054,digital_goods,2026-04-13 07:33:13,720.23,dev_c2fe882877,region_21,upi,success,2026-01-21
txn_0001669,cust_00016,merch_0056,digital_goods,2026-04-13 07:35:28,1257.69,dev_ff4d7123cb,region_05,card,success,2026-03-16
txn_0003768,cust_00039,merch_0031,home_goods,2026-04-13 07:51:07,1702.42,dev_4899813274,region_24,wallet,success,2026-02-23
txn_0000019,cust_00000,merch_0091,travel,2026-04-13 08:06:47,2078.54,dev_d8eee72e0e,region_16,netbanking,success,2024-10-19
txn_0002471,cust_00024,merch_0037,electronics,2026-04-13 08:21:48,486.45,dev_fbb25b4e5c,region_10,card,success,2024-07-18
txn_0002288,cust_00022,merch_0129,digital_goods,2026-04-13 09:43:33,196.51,dev_a7c1738df4,region_15,card,success,2026-01-24
txn_0003074,cust_00029,merch_0106,fashion,2026-04-13 09:46:43,724.69,dev_9fe5b185ac,region_04,card,success,2025-05-28
txn_0000020,cust_00000,merch_0031,home_goods,2026-04-13 09:49:56,2078.35,dev_d8eee72e0e,region_16,upi,success,2024-10-19
txn_0002782,cust_00026,merch_0126,food_delivery,2026-04-13 10:01:50,793.99,dev_3d6886d22a,region_08,netbanking,success,2025-12-24
txn_0002780,cust_00026,merch_0050,digital_goods,2026-04-13 10:17:33,820.31,dev_3d6886d22a,region_08,card,success,2025-12-24
txn_0003769,cust_00039,merch_0024,fashion,2026-04-13 10:20:16,3297.07,dev_4899813274,region_24,card,failed,2026-02-23
txn_0000574,cust_00005,merch_0035,electronics,2026-04-13 10:27:04,852.85,dev_88a6698d70,region_09,upi,success,2025-06-11
txn_0002589,cust_00025,merch_0120,travel,2026-04-13 10:35:11,443.05,dev_c61377a306,region_09,upi,success,2025-08-13
txn_0003400,cust_00035,merch_0080,food_delivery,2026-04-13 10:36:05,875.18,dev_26cb4432c0,region_04,upi,success,2026-03-06
txn_0001041,cust_00011,merch_0059,digital_goods,2026-04-13 10:38:18,584.22,dev_d97d35dfcc,region_16,upi,success,2025-12-23
txn_0000571,cust_00005,merch_0060,food_delivery,2026-04-13 10:43:10,569.37,dev_88a6698d70,region_09,wallet,success,2025-06-11
txn_0001841,cust_00017,merch_0049,fashion,2026-04-13 10:47:19,163.1,dev_e5dfc6a9a5,region_12,upi,success,2026-01-13
txn_0000896,cust_00009,merch_0028,digital_goods,2026-04-13 10:54:32,195.46,dev_c5b5464c6f,region_14,wallet,success,2025-01-09
txn_0003271,cust_00033,merch_0044,groceries,2026-04-13 11:30:25,3507.6,dev_3b4c2de63a,region_09,upi,success,2025-12-09
txn_0003770,cust_00039,merch_0107,groceries,2026-04-13 11:33:31,2534.13,dev_4899813274,region_24,upi,success,2026-02-23
txn_0003677,cust_00038,merch_0174,groceries,2026-04-13 12:02:44,268.85,dev_52f1883043,region_06,card,success,2025-08-04
txn_0002928,cust_00028,merch_0027,digital_goods,2026-04-13 12:07:38,465.51,dev_0fd2ab5f2c,region_20,card,success,2025-03-16
txn_0001670,cust_00016,merch_0111,digital_goods,2026-04-13 12:40:41,1075.86,dev_ff4d7123cb,region_05,upi,success,2026-03-16
txn_0002200,cust_00021,merch_0114,food_delivery,2026-04-13 12:47:17,895.19,dev_4acbf27887,region_14,upi,success,2026-01-27
txn_0002398,cust_00023,merch_0171,food_delivery,2026-04-13 13:28:15,10.0,dev_ae0251997d,region_13,card,success,2025-09-03
txn_0002592,cust_00025,merch_0112,electronics,2026-04-13 13:36:41,333.13,dev_c61377a306,region_09,card,success,2025-08-13
txn_0002196,cust_00021,merch_0033,home_goods,2026-04-13 13:53:36,4099.1,dev_d3c6ae384c,region_05,card,success,2026-01-27
txn_0002289,cust_00022,merch_0126,food_delivery,2026-04-13 14:01:51,1019.93,dev_a7c1738df4,region_15,upi,success,2026-01-24
txn_0003397,cust_00035,merch_0132,groceries,2026-04-13 14:11:50,1016.96,dev_26cb4432c0,region_04,card,success,2026-03-06
txn_0001203,cust_00013,merch_0122,electronics,2026-04-13 14:14:23,3048.2,dev_1e3cfb13fa,region_16,upi,success,2025-01-05
txn_0001337,cust_00014,merch_0077,home_goods,2026-04-13 14:35:52,196.9,dev_a3fb82f6fb,region_04,card,success,2024-12-15
txn_0000664,cust_00006,merch_0008,travel,2026-04-13 14:37:03,702.64,dev_306b522224,region_20,card,success,2026-02-23
txn_0002113,cust_00020,merch_0084,home_goods,2026-04-13 15:23:35,346.82,dev_44ebf7337f,region_16,card,success,2026-02-23
txn_0001446,cust_00015,merch_0175,groceries,2026-04-13 15:58:31,1119.17,dev_c85f2cd462,region_11,wallet,success,2025-04-26
txn_0003398,cust_00035,merch_0044,groceries,2026-04-13 16:03:45,708.47,dev_26cb4432c0,region_04,wallet,success,2026-03-06
txn_0001042,cust_00011,merch_0049,fashion,2026-04-13 16:14:48,601.12,dev_d97d35dfcc,region_16,upi,success,2025-12-23
txn_0001445,cust_00015,merch_0047,groceries,2026-04-13 16:16:27,657.37,dev_c85f2cd462,region_11,card,success,2025-04-26
txn_0001969,cust_00019,merch_0000,travel,2026-04-13 16:30:42,484.95,dev_c16cfa8786,region_12,upi,success,2025-12-18
txn_0000665,cust_00006,merch_0001,fashion,2026-04-13 16:43:46,466.46,dev_306b522224,region_20,upi,success,2026-02-23
txn_0003496,cust_00036,merch_0142,fashion,2026-04-13 17:03:43,418.13,dev_f10e01fbae,region_18,upi,success,2026-02-20
txn_0001967,cust_00019,merch_0146,food_delivery,2026-04-13 17:04:32,520.2,dev_c16cfa8786,region_12,wallet,success,2025-12-18
txn_0000573,cust_00005,merch_0065,food_delivery,2026-04-13 17:19:10,694.57,dev_88a6698d70,region_09,card,success,2025-06-11
txn_0000336,cust_00003,merch_0035,electronics,2026-04-13 17:24:41,887.52,dev_61c49512f5,region_20,upi,success,2025-12-30
txn_0002470,cust_00024,merch_0166,groceries,2026-04-13 17:33:44,820.01,dev_fbb25b4e5c,region_10,upi,success,2024-07-18
txn_0001672,cust_00016,merch_0172,travel,2026-04-13 17:53:46,1440.15,dev_ff4d7123cb,region_05,wallet,success,2026-03-16
txn_0002201,cust_00021,merch_0014,digital_goods,2026-04-13 18:18:55,260.75,dev_23cb667f8d,region_17,card,success,2026-01-27
txn_0002399,cust_00023,merch_0054,digital_goods,2026-04-13 18:28:11,2886.1,dev_ae0251997d,region_13,upi,success,2025-09-03
txn_0003310,cust_00034,merch_0176,electronics,2026-04-13 21:07:00,1027.13,dev_b983ceccdc,region_23,card,success,2025-12-14
txn_0000818,cust_00008,merch_0172,travel,2026-04-13 21:15:41,1471.39,dev_ddb545484a,region_14,upi,success,2024-12-23
txn_0002195,cust_00021,merch_0170,electronics,2026-04-13 22:05:23,15787.58,dev_041f29c3a2,region_23,card,success,2026-01-27
txn_0000663,cust_00006,merch_0069,electronics,2026-04-13 22:10:35,415.66,dev_306b522224,region_20,card,success,2026-02-23
txn_0001202,cust_00013,merch_0019,travel,2026-04-13 22:15:27,2462.71,dev_1e3cfb13fa,region_16,wallet,success,2025-01-05
txn_0003395,cust_00035,merch_0026,digital_goods,2026-04-13 22:25:22,452.94,dev_26cb4432c0,region_04,card,success,2026-03-06
txn_0002197,cust_00021,merch_0145,digital_goods,2026-04-13 22:28:21,2207.71,dev_9d5db39c7e,region_19,card,success,2026-01-27
txn_0002781,cust_00026,merch_0123,fashion,2026-04-13 22:51:22,721.14,dev_3d6886d22a,region_08,upi,success,2025-12-24
txn_0000816,cust_00008,merch_0175,groceries,2026-04-13 22:53:24,1233.26,dev_ddb545484a,region_14,upi,success,2024-12-23
txn_0000572,cust_00005,merch_0178,travel,2026-04-13 23:07:18,377.85,dev_88a6698d70,region_09,upi,success,2025-06-11
txn_0000021,cust_00000,merch_0087,travel,2026-04-14 00:02:51,1244.98,dev_d8eee72e0e,region_16,netbanking,success,2024-10-19
txn_0001843,cust_00017,merch_0075,travel,2026-04-14 00:24:13,179.69,dev_e5dfc6a9a5,region_12,netbanking,failed,2026-01-13
txn_0002929,cust_00028,merch_0037,electronics,2026-04-14 01:02:36,691.59,dev_0fd2ab5f2c,region_20,card,success,2025-03-16
txn_0001046,cust_00011,merch_0017,travel,2026-04-14 01:33:23,512.59,dev_d97d35dfcc,region_16,card,success,2025-12-23
txn_0002206,cust_00021,merch_0171,food_delivery,2026-04-14 01:48:25,1665.7,dev_23cb667f8d,region_17,netbanking,success,2026-01-27
txn_0002594,cust_00025,merch_0173,electronics,2026-04-14 02:46:21,468.88,dev_c61377a306,region_09,card,success,2025-08-13
txn_0003402,cust_00035,merch_0103,home_goods,2026-04-14 02:47:38,774.67,dev_26cb4432c0,region_04,netbanking,success,2026-03-06
txn_0002290,cust_00022,merch_0151,fashion,2026-04-14 03:09:09,339.56,dev_a7c1738df4,region_15,upi,success,2026-01-24
txn_0002207,cust_00021,merch_0144,groceries,2026-04-14 03:19:57,326.53,dev_970be0018a,region_14,upi,success,2026-01-27
txn_0001447,cust_00015,merch_0045,home_goods,2026-04-14 03:32:54,1148.94,dev_c85f2cd462,region_11,card,success,2025-04-26
txn_0001842,cust_00017,merch_0135,home_goods,2026-04-14 04:45:43,216.85,dev_e5dfc6a9a5,region_12,card,success,2026-01-13
txn_0002114,cust_00020,merch_0043,travel,2026-04-14 05:07:41,749.81,dev_44ebf7337f,region_16,upi,success,2026-02-23
txn_0002291,cust_00022,merch_0138,digital_goods,2026-04-14 05:13:05,301.74,dev_a7c1738df4,region_15,card,success,2026-01-24
txn_0000897,cust_00009,merch_0122,electronics,2026-04-14 06:21:53,260.83,dev_c5b5464c6f,region_14,card,success,2025-01-09
txn_0000575,cust_00005,merch_0104,travel,2026-04-14 06:31:13,460.88,dev_88a6698d70,region_09,card,success,2025-06-11
txn_0002473,cust_00024,merch_0028,digital_goods,2026-04-14 06:33:21,1399.58,dev_fbb25b4e5c,region_10,card,success,2024-07-18
txn_0001205,cust_00013,merch_0159,electronics,2026-04-14 06:59:12,2415.44,dev_1e3cfb13fa,region_16,wallet,success,2025-01-05
txn_0001204,cust_00013,merch_0134,electronics,2026-04-14 07:21:33,1345.99,dev_1e3cfb13fa,region_16,card,failed,2025-01-05
txn_0002292,cust_00022,merch_0147,food_delivery,2026-04-14 07:49:54,512.76,dev_a7c1738df4,region_15,card,success,2026-01-24
txn_0000022,cust_00000,merch_0052,food_delivery,2026-04-14 07:56:47,1139.71,dev_d8eee72e0e,region_16,wallet,success,2024-10-19
txn_0001674,cust_00016,merch_0099,fashion,2026-04-14 07:59:01,1029.84,dev_ff4d7123cb,region_05,card,success,2026-03-16
txn_0003681,cust_00038,merch_0140,food_delivery,2026-04-14 09:30:41,221.97,dev_52f1883043,region_06,upi,success,2025-08-04
txn_0002205,cust_00021,merch_0177,fashion,2026-04-14 10:05:43,4107.55,dev_5e6f26679b,region_11,netbanking,success,2026-01-27
txn_0001448,cust_00015,merch_0097,electronics,2026-04-14 10:09:47,798.36,dev_c85f2cd462,region_11,card,success,2025-04-26
txn_0000339,cust_00003,merch_0045,home_goods,2026-04-14 10:35:56,1219.56,dev_61c49512f5,region_20,netbanking,success,2025-12-30
txn_0002203,cust_00021,merch_0075,travel,2026-04-14 11:04:07,20509.81,dev_4503700f3f,region_07,card,success,2026-01-27
txn_0001043,cust_00011,merch_0138,digital_goods,2026-04-14 11:17:28,616.9,dev_d97d35dfcc,region_16,upi,success,2025-12-23
txn_0002474,cust_00024,merch_0069,electronics,2026-04-14 11:51:42,1183.41,dev_fbb25b4e5c,region_08,card,success,2024-07-18
txn_0001675,cust_00016,merch_0145,digital_goods,2026-04-14 12:02:29,928.85,dev_ff4d7123cb,region_05,card,success,2026-03-16
txn_0001676,cust_00016,merch_0022,groceries,2026-04-14 12:14:59,1721.66,dev_ff4d7123cb,region_05,upi,success,2026-03-16
txn_0001673,cust_00016,merch_0080,food_delivery,2026-04-14 12:18:22,1209.2,dev_ff4d7123cb,region_05,upi,success,2026-03-16
txn_0003401,cust_00035,merch_0087,travel,2026-04-14 12:18:51,792.03,dev_26cb4432c0,region_04,card,success,2026-03-06
txn_0001206,cust_00013,merch_0030,home_goods,2026-04-14 12:28:19,3058.64,dev_1e3cfb13fa,region_16,upi,success,2025-01-05
txn_0002204,cust_00021,merch_0108,food_delivery,2026-04-14 12:49:13,501.12,dev_fd3edb648b,region_09,card,success,2026-01-27
txn_0001970,cust_00019,merch_0043,travel,2026-04-14 13:17:11,464.41,dev_c16cfa8786,region_12,card,success,2025-12-18
txn_0000274,cust_00002,merch_0143,electronics,2026-04-14 13:34:17,829.32,dev_c2fe882877,region_21,upi,success,2026-01-21
txn_0002593,cust_00025,merch_0040,groceries,2026-04-14 13:56:31,392.98,dev_c61377a306,region_09,upi,success,2025-08-13
txn_0001677,cust_00016,merch_0057,digital_goods,2026-04-14 14:29:21,2022.46,dev_ff4d7123cb,region_05,upi,success,2026-03-16
txn_0003679,cust_00038,merch_0043,travel,2026-04-14 14:35:32,513.1,dev_52f1883043,region_06,card,success,2025-08-04
txn_0000275,cust_00002,merch_0108,food_delivery,2026-04-14 14:56:34,819.17,dev_c2fe882877,region_21,upi,success,2026-01-21
txn_0003771,cust_00039,merch_0151,fashion,2026-04-14 15:31:28,3784.24,dev_4899813274,region_24,upi,success,2026-02-23
txn_0002401,cust_00023,merch_0019,travel,2026-04-14 16:10:18,2040.39,dev_ae0251997d,region_13,card,success,2025-09-03
txn_0001844,cust_00017,merch_0122,electronics,2026-04-14 16:37:50,302.43,dev_e5dfc6a9a5,region_12,upi,success,2026-01-13
txn_0003590,cust_00037,merch_0057,digital_goods,2026-04-14 16:50:17,429.95,dev_e5a094c0cb,region_22,upi,success,2026-03-22
txn_0003197,cust_00031,merch_0090,home_goods,2026-04-14 17:27:57,345.73,dev_b8ce223e2d,region_15,upi,success,2025-02-16
txn_0001339,cust_00014,merch_0111,digital_goods,2026-04-14 17:34:46,255.56,dev_a3fb82f6fb,region_04,netbanking,success,2024-12-15
txn_0001045,cust_00011,merch_0086,electronics,2026-04-14 17:42:04,384.43,dev_d97d35dfcc,region_16,upi,success,2025-12-23
txn_0003680,cust_00038,merch_0043,travel,2026-04-14 18:13:36,651.81,dev_52f1883043,region_06,netbanking,success,2025-08-04
txn_0003076,cust_00029,merch_0111,digital_goods,2026-04-14 18:26:49,283.98,dev_9fe5b185ac,region_04,upi,success,2025-05-28
txn_0002202,cust_00021,merch_0044,groceries,2026-04-14 19:05:05,228.38,dev_d351673720,region_18,netbanking,success,2026-01-27
txn_0000338,cust_00003,merch_0025,groceries,2026-04-14 19:06:53,1086.35,dev_61c49512f5,region_20,upi,success,2025-12-30
txn_0002784,cust_00026,merch_0154,digital_goods,2026-04-14 19:29:32,519.41,dev_3d6886d22a,region_08,netbanking,success,2025-12-24
txn_0001044,cust_00011,merch_0014,digital_goods,2026-04-14 19:36:08,583.32,dev_d97d35dfcc,region_16,card,failed,2025-12-23
txn_0003682,cust_00038,merch_0043,travel,2026-04-14 20:15:00,686.79,dev_52f1883043,region_06,upi,success,2025-08-04
txn_0000111,cust_00001,merch_0009,travel,2026-04-14 20:17:52,1269.83,dev_8b01cc1cb7,region_11,card,success,2026-03-16
txn_0001149,cust_00012,merch_0041,digital_goods,2026-04-14 21:00:02,111.81,dev_a68aa3d101,region_17,wallet,success,2026-02-15
txn_0003075,cust_00029,merch_0125,fashion,2026-04-14 21:41:56,422.77,dev_9fe5b185ac,region_04,upi,failed,2025-05-28
txn_0002400,cust_00023,merch_0085,travel,2026-04-14 21:51:36,2821.81,dev_ae0251997d,region_13,card,success,2025-09-03
txn_0000112,cust_00001,merch_0132,groceries,2026-04-14 22:12:26,298.91,dev_8b01cc1cb7,region_11,netbanking,success,2026-03-16
txn_0003498,cust_00036,merch_0078,digital_goods,2026-04-14 23:52:25,233.5,dev_f10e01fbae,region_18,upi,success,2026-02-20
txn_0003772,cust_00039,merch_0135,home_goods,2026-04-15 00:33:49,2827.28,dev_4899813274,region_24,upi,success,2026-02-23
txn_0003079,cust_00029,merch_0091,travel,2026-04-15 00:43:07,611.04,dev_9fe5b185ac,region_04,upi,success,2025-05-28
txn_0000114,cust_00001,merch_0059,digital_goods,2026-04-15 00:53:56,1393.78,dev_8b01cc1cb7,region_11,upi,success,2026-03-16
txn_0002597,cust_00025,merch_0102,food_delivery,2026-04-15 01:09:09,529.38,dev_c61377a306,region_09,upi,success,2025-08-13
txn_0003591,cust_00037,merch_0106,fashion,2026-04-15 01:24:49,332.09,dev_e5a094c0cb,region_22,card,failed,2026-03-22
txn_0000666,cust_00006,merch_0011,digital_goods,2026-04-15 02:08:53,626.73,dev_306b522224,region_20,card,success,2026-02-23
txn_0002785,cust_00026,merch_0140,food_delivery,2026-04-15 02:15:16,903.1,dev_3d6886d22a,region_08,card,success,2025-12-24
txn_0001456,cust_00015,merch_0171,food_delivery,2026-04-15 02:18:36,544.72,dev_c85f2cd462,region_11,upi,success,2025-04-26
txn_0002402,cust_00023,merch_0027,digital_goods,2026-04-15 02:41:25,2430.43,dev_ae0251997d,region_13,wallet,success,2025-09-03
txn_0002595,cust_00025,merch_0086,electronics,2026-04-15 02:53:35,418.05,dev_c61377a306,region_09,card,success,2025-08-13
txn_0001681,cust_00016,merch_0026,digital_goods,2026-04-15 03:33:57,1169.41,dev_ff4d7123cb,region_05,upi,success,2026-03-16
txn_0002599,cust_00025,merch_0023,food_delivery,2026-04-15 03:44:54,473.94,dev_c61377a306,region_09,card,success,2025-08-13
txn_0001207,cust_00013,merch_0049,fashion,2026-04-15 04:08:26,2140.92,dev_1e3cfb13fa,region_16,upi,success,2025-01-05
txn_0001208,cust_00013,merch_0089,fashion,2026-04-15 04:19:44,1574.01,dev_1e3cfb13fa,region_16,card,success,2025-01-05
txn_0001453,cust_00015,merch_0086,electronics,2026-04-15 04:20:43,403.08,dev_c85f2cd462,region_11,card,success,2025-04-26
txn_0003313,cust_00034,merch_0147,food_delivery,2026-04-15 05:44:45,862.76,dev_b983ceccdc,region_23,upi,success,2025-12-14
txn_0001678,cust_00016,merch_0040,groceries,2026-04-15 05:54:17,1593.57,dev_ff4d7123cb,region_05,wallet,success,2026-03-16
txn_0003773,cust_00039,merch_0144,groceries,2026-04-15 06:15:36,2568.02,dev_4899813274,region_24,upi,success,2026-02-23
txn_0001680,cust_00016,merch_0121,digital_goods,2026-04-15 06:16:25,1643.46,dev_ff4d7123cb,region_05,upi,success,2026-03-16
txn_0000667,cust_00006,merch_0120,travel,2026-04-15 06:32:38,534.54,dev_306b522224,region_20,card,success,2026-02-23
txn_0003315,cust_00034,merch_0135,home_goods,2026-04-15 06:43:00,670.92,dev_b983ceccdc,region_08,card,success,2025-12-14
txn_0002598,cust_00025,merch_0043,travel,2026-04-15 07:11:17,647.7,dev_c61377a306,region_09,upi,success,2025-08-13
txn_0000668,cust_00006,merch_0082,groceries,2026-04-15 07:17:34,1447.16,dev_306b522224,region_20,upi,success,2026-02-23
txn_0002293,cust_00022,merch_0012,food_delivery,2026-04-15 07:23:26,988.58,dev_a7c1738df4,region_15,card,success,2026-01-24
txn_0001679,cust_00016,merch_0107,groceries,2026-04-15 07:27:22,1921.92,dev_ff4d7123cb,region_05,card,success,2026-03-16
txn_0000898,cust_00009,merch_0082,groceries,2026-04-15 07:33:25,264.17,dev_c5b5464c6f,region_14,card,success,2025-01-09
txn_0001449,cust_00015,merch_0166,groceries,2026-04-15 07:36:19,989.84,dev_c85f2cd462,region_11,card,success,2025-04-26
txn_0001848,cust_00017,merch_0008,travel,2026-04-15 07:42:17,208.09,dev_e5dfc6a9a5,region_12,upi,success,2026-01-13
txn_0002210,cust_00021,merch_0115,home_goods,2026-04-15 07:54:55,5777.53,dev_23cb667f8d,region_17,upi,success,2026-01-27
txn_0001847,cust_00017,merch_0169,electronics,2026-04-15 08:54:33,154.18,dev_e5dfc6a9a5,region_12,card,success,2026-01-13
txn_0001047,cust_00011,merch_0166,groceries,2026-04-15 08:55:32,544.12,dev_d97d35dfcc,region_16,card,success,2025-12-23
txn_0000899,cust_00009,merch_0125,fashion,2026-04-15 09:12:55,322.22,dev_c5b5464c6f,region_14,netbanking,success,2025-01-09
txn_0000113,cust_00001,merch_0166,groceries,2026-04-15 09:21:51,2281.35,dev_8b01cc1cb7,region_11,card,success,2026-03-16
txn_0002930,cust_00028,merch_0110,digital_goods,2026-04-15 09:22:41,401.58,dev_0fd2ab5f2c,region_20,upi,success,2025-03-16
txn_0001455,cust_00015,merch_0062,groceries,2026-04-15 10:02:59,872.97,dev_c85f2cd462,region_11,upi,failed,2025-04-26
txn_0000115,cust_00001,merch_0074,travel,2026-04-15 10:15:36,1928.53,dev_8b01cc1cb7,region_11,card,success,2026-03-16
txn_0002117,cust_00020,merch_0069,electronics,2026-04-15 10:54:49,1179.21,dev_44ebf7337f,region_16,upi,success,2026-02-23
txn_0000901,cust_00009,merch_0057,digital_goods,2026-04-15 11:40:54,158.69,dev_c5b5464c6f,region_14,card,success,2025-01-09
txn_0001452,cust_00015,merch_0008,travel,2026-04-15 11:45:07,291.87,dev_c85f2cd462,region_11,upi,success,2025-04-26
txn_0002209,cust_00021,merch_0158,groceries,2026-04-15 11:54:18,1179.93,dev_0c98cf79a4,region_20,upi,success,2026-01-27
txn_0000819,cust_00008,merch_0160,electronics,2026-04-15 12:00:29,1053.83,dev_ddb545484a,region_14,card,success,2024-12-23
txn_0002294,cust_00022,merch_0156,digital_goods,2026-04-15 13:00:52,515.57,dev_a7c1738df4,region_15,upi,success,2026-01-24
txn_0003314,cust_00034,merch_0011,digital_goods,2026-04-15 13:21:59,1665.83,dev_b983ceccdc,region_23,card,success,2025-12-14
txn_0001209,cust_00013,merch_0034,home_goods,2026-04-15 13:32:12,2497.49,dev_1e3cfb13fa,region_16,card,success,2025-01-05
txn_0002211,cust_00021,merch_0103,home_goods,2026-04-15 14:10:53,4224.33,dev_23cb667f8d,region_17,card,success,2026-01-27
txn_0000116,cust_00001,merch_0006,food_delivery,2026-04-15 14:18:13,1090.65,dev_8b01cc1cb7,region_11,card,success,2026-03-16
txn_0002931,cust_00028,merch_0139,digital_goods,2026-04-15 15:02:04,310.43,dev_0fd2ab5f2c,region_20,card,success,2025-03-16
txn_0003077,cust_00029,merch_0015,food_delivery,2026-04-15 15:17:10,556.91,dev_9fe5b185ac,region_04,netbanking,success,2025-05-28
txn_0001682,cust_00016,merch_0111,digital_goods,2026-04-15 15:22:57,1280.28,dev_ff4d7123cb,region_05,card,success,2026-03-16
txn_0001211,cust_00013,merch_0146,food_delivery,2026-04-15 16:00:19,2189.14,dev_1e3cfb13fa,region_16,card,success,2025-01-05
txn_0002596,cust_00025,merch_0137,digital_goods,2026-04-15 16:04:15,748.16,dev_c61377a306,region_09,netbanking,success,2025-08-13
txn_0002787,cust_00026,merch_0046,digital_goods,2026-04-15 16:15:10,705.87,dev_3d6886d22a,region_08,wallet,success,2025-12-24
txn_0001451,cust_00015,merch_0120,travel,2026-04-15 16:16:24,922.43,dev_c85f2cd462,region_11,upi,success,2025-04-26
txn_0002116,cust_00020,merch_0047,groceries,2026-04-15 16:29:36,1338.89,dev_44ebf7337f,region_16,wallet,success,2026-02-23
txn_0002115,cust_00020,merch_0081,fashion,2026-04-15 17:12:22,775.24,dev_44ebf7337f,region_16,upi,success,2026-02-23
txn_0001846,cust_00017,merch_0018,home_goods,2026-04-15 17:26:35,339.61,dev_e5dfc6a9a5,region_12,card,success,2026-01-13
txn_0001450,cust_00015,merch_0041,digital_goods,2026-04-15 18:03:39,762.34,dev_c85f2cd462,region_11,wallet,success,2025-04-26
txn_0001150,cust_00012,merch_0015,food_delivery,2026-04-15 18:21:38,111.72,dev_a68aa3d101,region_17,upi,success,2026-02-15
txn_0000023,cust_00000,merch_0071,groceries,2026-04-15 18:21:55,1564.01,dev_d8eee72e0e,region_16,netbanking,success,2024-10-19
txn_0003683,cust_00038,merch_0056,digital_goods,2026-04-15 19:21:42,154.79,dev_52f1883043,region_06,card,success,2025-08-04
txn_0000973,cust_00010,merch_0057,digital_goods,2026-04-15 19:30:44,582.81,dev_f3a63af8f4,region_24,card,success,2025-10-17
txn_0001454,cust_00015,merch_0167,electronics,2026-04-15 19:41:28,987.0,dev_c85f2cd462,region_11,upi,success,2025-04-26
txn_0001210,cust_00013,merch_0147,food_delivery,2026-04-15 19:48:34,2801.06,dev_1e3cfb13fa,region_16,card,success,2025-01-05
txn_0000779,cust_00007,merch_0108,food_delivery,2026-04-15 21:16:42,644.49,dev_ded833c13d,region_05,upi,success,2026-01-03
txn_0002932,cust_00028,merch_0158,groceries,2026-04-15 21:20:02,500.37,dev_0fd2ab5f2c,region_20,upi,success,2025-03-16
txn_0001340,cust_00014,merch_0170,electronics,2026-04-15 21:28:29,230.84,dev_a3fb82f6fb,region_04,upi,success,2024-12-15
txn_0000340,cust_00003,merch_0031,home_goods,2026-04-15 21:38:43,1449.34,dev_61c49512f5,region_20,upi,success,2025-12-30
txn_0002786,cust_00026,merch_0013,travel,2026-04-15 21:52:41,438.46,dev_3d6886d22a,region_08,card,success,2025-12-24
txn_0003592,cust_00037,merch_0021,digital_goods,2026-04-15 21:53:00,112.01,dev_e5a094c0cb,region_22,upi,success,2026-03-22
txn_0003078,cust_00029,merch_0024,fashion,2026-04-15 22:08:55,365.28,dev_9fe5b185ac,region_04,upi,success,2025-05-28
txn_0003403,cust_00035,merch_0036,travel,2026-04-15 22:15:33,858.23,dev_26cb4432c0,region_04,wallet,success,2026-03-06
txn_0003316,cust_00034,merch_0093,groceries,2026-04-15 22:18:11,1336.0,dev_b983ceccdc,region_23,upi,success,2025-12-14
txn_0001845,cust_00017,merch_0039,fashion,2026-04-15 22:49:13,311.72,dev_e5dfc6a9a5,region_12,card,success,2026-01-13
txn_0000900,cust_00009,merch_0032,digital_goods,2026-04-15 23:28:03,162.54,dev_c5b5464c6f,region_14,netbanking,failed,2025-01-09
txn_0002208,cust_00021,merch_0011,digital_goods,2026-04-15 23:36:35,305.88,dev_56549c1cff,region_23,upi,success,2026-01-27
txn_0003404,cust_00035,merch_0174,groceries,2026-04-16 00:13:46,974.74,dev_26cb4432c0,region_04,wallet,failed,2026-03-06
txn_0000120,cust_00001,merch_0087,travel,2026-04-16 00:21:11,1686.07,dev_8b01cc1cb7,region_11,card,success,2026-03-16
txn_0003406,cust_00035,merch_0117,groceries,2026-04-16 00:29:35,720.64,dev_26cb4432c0,region_04,upi,success,2026-03-06
txn_0001341,cust_00014,merch_0107,groceries,2026-04-16 00:34:51,144.0,dev_a3fb82f6fb,region_04,card,success,2024-12-15
txn_0001213,cust_00013,merch_0162,digital_goods,2026-04-16 01:15:47,2548.86,dev_1e3cfb13fa,region_16,card,success,2025-01-05
txn_0000121,cust_00001,merch_0104,travel,2026-04-16 01:21:27,1060.32,dev_8b01cc1cb7,region_11,card,success,2026-03-16
txn_0000119,cust_00001,merch_0149,electronics,2026-04-16 01:26:25,637.18,dev_8b01cc1cb7,region_11,upi,success,2026-03-16
txn_0002933,cust_00028,merch_0120,travel,2026-04-16 01:55:17,298.55,dev_0fd2ab5f2c,region_20,card,success,2025-03-16
txn_0001683,cust_00016,merch_0075,travel,2026-04-16 02:05:55,1211.06,dev_ff4d7123cb,region_05,card,success,2026-03-16
txn_0002404,cust_00023,merch_0026,digital_goods,2026-04-16 02:30:29,4303.01,dev_ae0251997d,region_13,upi,failed,2025-09-03
txn_0001972,cust_00019,merch_0017,travel,2026-04-16 02:35:02,320.51,dev_c16cfa8786,region_12,card,success,2025-12-18
txn_0000974,cust_00010,merch_0141,electronics,2026-04-16 02:48:23,478.06,dev_f3a63af8f4,region_24,netbanking,success,2025-10-17
txn_0003405,cust_00035,merch_0021,digital_goods,2026-04-16 02:49:15,688.49,dev_26cb4432c0,region_04,upi,success,2026-03-06
txn_0001973,cust_00019,merch_0071,groceries,2026-04-16 02:58:42,410.78,dev_c16cfa8786,region_12,card,success,2025-12-18
txn_0002118,cust_00020,merch_0030,home_goods,2026-04-16 03:01:34,604.18,dev_44ebf7337f,region_16,card,success,2026-02-23
txn_0001459,cust_00015,merch_0005,electronics,2026-04-16 03:35:02,905.68,dev_c85f2cd462,region_11,upi,success,2025-04-26
txn_0002212,cust_00021,merch_0122,electronics,2026-04-16 03:42:27,12323.89,dev_b7ee19605e,region_11,netbanking,success,2026-01-27
txn_0000122,cust_00001,merch_0012,food_delivery,2026-04-16 04:02:47,1126.14,dev_8b01cc1cb7,region_11,upi,success,2026-03-16
txn_0000341,cust_00003,merch_0042,home_goods,2026-04-16 04:25:46,736.3,dev_61c49512f5,region_20,card,success,2025-12-30
txn_0003317,cust_00034,merch_0091,travel,2026-04-16 05:11:24,949.75,dev_b983ceccdc,region_23,upi,success,2025-12-14
txn_0002403,cust_00023,merch_0130,food_delivery,2026-04-16 05:23:04,5462.14,dev_ae0251997d,region_13,upi,success,2025-09-03
txn_0002602,cust_00025,merch_0074,travel,2026-04-16 05:38:28,480.36,dev_c61377a306,region_09,card,success,2025-08-13
txn_0002213,cust_00021,merch_0090,home_goods,2026-04-16 06:25:31,4064.61,dev_23cb667f8d,region_17,upi,success,2026-01-27
txn_0002218,cust_00021,merch_0025,groceries,2026-04-16 06:29:40,343.04,dev_23cb667f8d,region_17,card,success,2026-01-27
txn_0002789,cust_00026,merch_0083,digital_goods,2026-04-16 06:57:30,631.59,dev_3d6886d22a,region_08,upi,success,2025-12-24
txn_0000025,cust_00000,merch_0106,fashion,2026-04-16 07:32:45,773.73,dev_d8eee72e0e,region_16,card,failed,2024-10-19
txn_0002214,cust_00021,merch_0043,travel,2026-04-16 07:53:50,317.01,dev_96998a7244,region_16,upi,success,2026-01-27
txn_0002788,cust_00026,merch_0081,fashion,2026-04-16 08:06:17,825.13,dev_3d6886d22a,region_08,upi,success,2025-12-24
txn_0000118,cust_00001,merch_0134,electronics,2026-04-16 08:11:49,678.14,dev_8b01cc1cb7,region_11,upi,success,2026-03-16
txn_0001342,cust_00014,merch_0122,electronics,2026-04-16 08:28:14,136.74,dev_a3fb82f6fb,region_04,upi,success,2024-12-15
txn_0001214,cust_00013,merch_0082,groceries,2026-04-16 09:28:30,2218.84,dev_1e3cfb13fa,region_16,upi,success,2025-01-05
txn_0001971,cust_00019,merch_0087,travel,2026-04-16 09:32:07,429.1,dev_c16cfa8786,region_12,upi,success,2025-12-18
txn_0000024,cust_00000,merch_0077,home_goods,2026-04-16 10:42:52,10.0,dev_d8eee72e0e,region_16,netbanking,success,2024-10-19
txn_0000975,cust_00010,merch_0113,food_delivery,2026-04-16 11:19:26,240.98,dev_f3a63af8f4,region_24,netbanking,success,2025-10-17
txn_0000576,cust_00005,merch_0055,digital_goods,2026-04-16 11:33:44,573.19,dev_88a6698d70,region_09,upi,success,2025-06-11
txn_0002216,cust_00021,merch_0116,groceries,2026-04-16 12:02:05,1539.12,dev_23cb667f8d,region_17,card,success,2026-01-27
txn_0003272,cust_00033,merch_0011,digital_goods,2026-04-16 13:30:09,3350.7,dev_3b4c2de63a,region_09,card,success,2025-12-09
txn_0003501,cust_00036,merch_0092,travel,2026-04-16 14:23:50,451.66,dev_f10e01fbae,region_18,card,success,2026-02-20
txn_0002215,cust_00021,merch_0159,electronics,2026-04-16 15:09:36,338.64,dev_23cb667f8d,region_17,card,success,2026-01-27
txn_0001457,cust_00015,merch_0059,digital_goods,2026-04-16 15:27:14,440.77,dev_c85f2cd462,region_11,card,success,2025-04-26
txn_0001212,cust_00013,merch_0114,food_delivery,2026-04-16 15:51:31,2629.68,dev_1e3cfb13fa,region_16,card,success,2025-01-05
txn_0001684,cust_00016,merch_0132,groceries,2026-04-16 16:39:06,1436.71,dev_ff4d7123cb,region_05,upi,success,2026-03-16
txn_0003273,cust_00033,merch_0080,food_delivery,2026-04-16 16:52:54,3089.05,dev_3b4c2de63a,region_09,card,success,2025-12-09
txn_0003499,cust_00036,merch_0107,groceries,2026-04-16 16:59:38,367.78,dev_f10e01fbae,region_18,upi,success,2026-02-20
txn_0001458,cust_00015,merch_0051,fashion,2026-04-16 17:28:33,895.77,dev_c85f2cd462,region_11,card,success,2025-04-26
txn_0003685,cust_00038,merch_0153,electronics,2026-04-16 17:41:23,354.85,dev_52f1883043,region_06,netbanking,success,2025-08-04
txn_0003500,cust_00036,merch_0122,electronics,2026-04-16 18:31:07,354.2,dev_f10e01fbae,region_18,card,success,2026-02-20
txn_0002600,cust_00025,merch_0106,fashion,2026-04-16 18:44:34,530.0,dev_c61377a306,region_09,upi,success,2025-08-13
txn_0000669,cust_00006,merch_0034,home_goods,2026-04-16 18:58:45,543.1,dev_306b522224,region_20,upi,success,2026-02-23
txn_0000117,cust_00001,merch_0122,electronics,2026-04-16 19:10:03,1260.5,dev_8b01cc1cb7,region_11,card,success,2026-03-16
txn_0000276,cust_00002,merch_0074,travel,2026-04-16 19:47:57,980.55,dev_c2fe882877,region_21,upi,success,2026-01-21
txn_0003684,cust_00038,merch_0049,fashion,2026-04-16 19:57:11,470.99,dev_52f1883043,region_06,netbanking,success,2025-08-04
txn_0001048,cust_00011,merch_0076,electronics,2026-04-16 21:09:55,463.72,dev_d97d35dfcc,region_16,card,failed,2025-12-23
txn_0002601,cust_00025,merch_0024,fashion,2026-04-16 21:14:10,359.63,dev_c61377a306,region_09,card,success,2025-08-13
txn_0002217,cust_00021,merch_0124,electronics,2026-04-16 21:55:09,476.02,dev_edd674bb6a,region_08,upi,success,2026-01-27
txn_0002475,cust_00024,merch_0152,electronics,2026-04-16 22:06:07,1852.9,dev_fbb25b4e5c,region_10,upi,success,2024-07-18
txn_0002603,cust_00025,merch_0127,groceries,2026-04-16 22:37:21,630.24,dev_c61377a306,region_09,upi,success,2025-08-13
txn_0001687,cust_00016,merch_0083,digital_goods,2026-04-17 00:01:46,976.8,dev_ff4d7123cb,region_05,card,success,2026-03-16
txn_0003686,cust_00038,merch_0055,digital_goods,2026-04-17 00:22:51,660.47,dev_52f1883043,region_06,upi,success,2025-08-04
txn_0003504,cust_00036,merch_0074,travel,2026-04-17 00:27:32,460.33,dev_f10e01fbae,region_18,card,failed,2026-02-20
txn_0002881,cust_00027,merch_0126,food_delivery,2026-04-17 00:42:39,428.83,dev_a2803eee45,region_24,card,success,2026-03-08
txn_0000345,cust_00003,merch_0141,electronics,2026-04-17 02:38:56,705.24,dev_61c49512f5,region_20,card,success,2025-12-30
txn_0000492,cust_00004,merch_0155,travel,2026-04-17 02:39:05,1068.08,dev_5d98562187,region_22,netbanking,success,2025-10-27
txn_0000343,cust_00003,merch_0100,groceries,2026-04-17 02:48:58,1413.26,dev_61c49512f5,region_20,wallet,success,2025-12-30
txn_0000127,cust_00001,merch_0158,groceries,2026-04-17 03:30:42,1076.43,dev_8b01cc1cb7,region_11,upi,success,2026-03-16
txn_0002790,cust_00026,merch_0160,electronics,2026-04-17 03:34:29,715.37,dev_3d6886d22a,region_08,card,success,2025-12-24
txn_0003080,cust_00029,merch_0128,electronics,2026-04-17 03:58:23,432.41,dev_9fe5b185ac,region_04,upi,success,2025-05-28
txn_0001688,cust_00016,merch_0128,electronics,2026-04-17 04:44:18,1412.64,dev_ff4d7123cb,region_05,upi,success,2026-03-16
txn_0002296,cust_00022,merch_0124,electronics,2026-04-17 04:57:27,496.36,dev_a7c1738df4,region_15,card,success,2026-01-24
txn_0002791,cust_00026,merch_0088,groceries,2026-04-17 05:00:42,534.96,dev_3d6886d22a,region_08,card,success,2025-12-24
txn_0002222,cust_00021,merch_0042,home_goods,2026-04-17 05:20:52,4325.16,dev_23cb667f8d,region_17,upi,success,2026-01-27
txn_0003198,cust_00031,merch_0034,home_goods,2026-04-17 05:41:13,359.31,dev_b8ce223e2d,region_15,card,success,2025-02-16
txn_0001464,cust_00015,merch_0061,electronics,2026-04-17 05:52:54,830.02,dev_c85f2cd462,region_11,card,success,2025-04-26
txn_0001215,cust_00013,merch_0021,digital_goods,2026-04-17 06:21:28,1422.71,dev_1e3cfb13fa,region_16,upi,success,2025-01-05
txn_0003200,cust_00031,merch_0045,home_goods,2026-04-17 06:35:08,313.09,dev_b8ce223e2d,region_15,upi,failed,2025-02-16
txn_0001216,cust_00013,merch_0078,digital_goods,2026-04-17 07:13:42,1901.42,dev_1e3cfb13fa,region_16,card,success,2025-01-05
txn_0002604,cust_00025,merch_0018,home_goods,2026-04-17 07:23:15,683.15,dev_c61377a306,region_09,wallet,success,2025-08-13
txn_0002608,cust_00025,merch_0065,food_delivery,2026-04-17 07:26:35,910.6,dev_c61377a306,region_09,card,success,2025-08-13
txn_0001462,cust_00015,merch_0122,electronics,2026-04-17 07:46:36,1381.27,dev_c85f2cd462,region_11,card,success,2025-04-26
txn_0002607,cust_00025,merch_0113,food_delivery,2026-04-17 07:51:40,490.84,dev_c61377a306,region_09,upi,success,2025-08-13
txn_0003502,cust_00036,merch_0129,digital_goods,2026-04-17 08:01:09,372.91,dev_f10e01fbae,region_18,card,success,2026-02-20
txn_0000347,cust_00003,merch_0082,groceries,2026-04-17 08:42:08,1128.3,dev_61c49512f5,region_20,card,failed,2025-12-30
txn_0000027,cust_00000,merch_0121,digital_goods,2026-04-17 08:54:18,2667.99,dev_13fdcc0adb,region_03,card,success,2024-10-19
txn_0003318,cust_00034,merch_0058,fashion,2026-04-17 09:49:19,1550.25,dev_b983ceccdc,region_23,card,success,2025-12-14
txn_0002606,cust_00025,merch_0044,groceries,2026-04-17 09:52:13,544.62,dev_c61377a306,region_09,card,success,2025-08-13
txn_0002609,cust_00025,merch_0079,fashion,2026-04-17 10:07:05,747.93,dev_c61377a306,region_09,upi,success,2025-08-13
txn_0002610,cust_00025,merch_0087,travel,2026-04-17 11:00:32,195.2,dev_c61377a306,region_09,card,success,2025-08-13
txn_0000671,cust_00006,merch_0164,travel,2026-04-17 11:05:51,689.67,dev_306b522224,region_20,card,success,2026-02-23
txn_0002120,cust_00020,merch_0055,digital_goods,2026-04-17 11:15:24,613.99,dev_44ebf7337f,region_16,wallet,success,2026-02-23
txn_0002295,cust_00022,merch_0153,electronics,2026-04-17 11:27:53,919.75,dev_a7c1738df4,region_15,card,success,2026-01-24
txn_0002935,cust_00028,merch_0078,digital_goods,2026-04-17 12:52:20,599.74,dev_0fd2ab5f2c,region_20,card,success,2025-03-16
txn_0001689,cust_00016,merch_0140,food_delivery,2026-04-17 13:16:34,1006.22,dev_ff4d7123cb,region_05,upi,success,2026-03-16
txn_0003503,cust_00036,merch_0115,home_goods,2026-04-17 13:19:03,364.26,dev_f10e01fbae,region_18,upi,success,2026-02-20
txn_0002119,cust_00020,merch_0179,travel,2026-04-17 13:20:55,728.36,dev_44ebf7337f,region_16,card,success,2026-02-23
txn_0001460,cust_00015,merch_0173,electronics,2026-04-17 13:23:34,1031.52,dev_c85f2cd462,region_11,upi,failed,2025-04-26
txn_0001463,cust_00015,merch_0017,travel,2026-04-17 13:41:41,307.27,dev_c85f2cd462,region_11,card,success,2025-04-26
txn_0001690,cust_00016,merch_0178,travel,2026-04-17 13:45:09,1426.24,dev_ff4d7123cb,region_05,card,success,2026-03-16
txn_0002405,cust_00023,merch_0110,digital_goods,2026-04-17 13:53:35,2769.11,dev_ae0251997d,region_13,upi,success,2025-09-03
txn_0001686,cust_00016,merch_0171,food_delivery,2026-04-17 14:25:04,1619.75,dev_ff4d7123cb,region_05,card,success,2026-03-16
txn_0000125,cust_00001,merch_0177,fashion,2026-04-17 14:28:07,1232.96,dev_8b01cc1cb7,region_11,netbanking,success,2026-03-16
txn_0000342,cust_00003,merch_0124,electronics,2026-04-17 14:34:28,1117.04,dev_61c49512f5,region_20,card,success,2025-12-30
txn_0002477,cust_00024,merch_0061,electronics,2026-04-17 15:26:22,978.75,dev_fbb25b4e5c,region_10,card,success,2024-07-18
txn_0002219,cust_00021,merch_0017,travel,2026-04-17 16:05:09,17937.46,dev_23cb667f8d,region_17,card,success,2026-01-27
txn_0000128,cust_00001,merch_0053,travel,2026-04-17 16:06:25,1856.4,dev_8b01cc1cb7,region_11,upi,success,2026-03-16
txn_0000577,cust_00005,merch_0144,groceries,2026-04-17 16:25:58,947.07,dev_88a6698d70,region_09,card,success,2025-06-11
txn_0002476,cust_00024,merch_0024,fashion,2026-04-17 17:31:30,1238.35,dev_fbb25b4e5c,region_10,card,success,2024-07-18
txn_0000820,cust_00008,merch_0075,travel,2026-04-17 17:40:15,1349.87,dev_ddb545484a,region_14,card,success,2024-12-23
txn_0000902,cust_00009,merch_0099,fashion,2026-04-17 18:17:49,223.08,dev_c5b5464c6f,region_14,card,success,2025-01-09
txn_0003082,cust_00029,merch_0139,digital_goods,2026-04-17 18:34:52,780.94,dev_9fe5b185ac,region_04,card,success,2025-05-28
txn_0002934,cust_00028,merch_0160,electronics,2026-04-17 18:38:55,618.37,dev_0fd2ab5f2c,region_20,netbanking,success,2025-03-16
txn_0003081,cust_00029,merch_0005,electronics,2026-04-17 18:39:37,537.15,dev_9fe5b185ac,region_04,card,success,2025-05-28
txn_0002221,cust_00021,merch_0058,fashion,2026-04-17 18:41:10,459.95,dev_23cb667f8d,region_17,netbanking,success,2026-01-27
txn_0000124,cust_00001,merch_0004,digital_goods,2026-04-17 19:40:03,705.79,dev_8b01cc1cb7,region_11,netbanking,success,2026-03-16
txn_0000123,cust_00001,merch_0025,groceries,2026-04-17 19:42:08,1087.19,dev_8b01cc1cb7,region_11,card,success,2026-03-16
txn_0000126,cust_00001,merch_0007,electronics,2026-04-17 19:45:21,1151.54,dev_8b01cc1cb7,region_11,upi,success,2026-03-16
txn_0001049,cust_00011,merch_0176,electronics,2026-04-17 19:50:52,556.53,dev_d97d35dfcc,region_16,card,success,2025-12-23
txn_0002224,cust_00021,merch_0081,fashion,2026-04-17 19:52:13,4847.29,dev_23cb667f8d,region_17,card,success,2026-01-27
txn_0000976,cust_00010,merch_0093,groceries,2026-04-17 19:57:01,423.66,dev_f3a63af8f4,region_24,upi,success,2025-10-17
txn_0002223,cust_00021,merch_0170,electronics,2026-04-17 20:05:10,282.71,dev_23cb667f8d,region_17,card,success,2026-01-27
txn_0003593,cust_00037,merch_0095,digital_goods,2026-04-17 20:14:36,321.11,dev_e5a094c0cb,region_22,card,success,2026-03-22
txn_0001685,cust_00016,merch_0002,fashion,2026-04-17 20:28:38,1745.72,dev_ff4d7123cb,region_05,card,success,2026-03-16
txn_0003199,cust_00031,merch_0007,electronics,2026-04-17 20:29:12,304.56,dev_b8ce223e2d,region_15,card,success,2025-02-16
txn_0000344,cust_00003,merch_0159,electronics,2026-04-17 21:25:11,827.32,dev_61c49512f5,region_20,upi,success,2025-12-30
txn_0001050,cust_00011,merch_0148,home_goods,2026-04-17 21:27:43,305.06,dev_d97d35dfcc,region_16,card,success,2025-12-23
txn_0002936,cust_00028,merch_0075,travel,2026-04-17 21:28:02,309.86,dev_0fd2ab5f2c,region_20,netbanking,success,2025-03-16
txn_0000026,cust_00000,merch_0035,electronics,2026-04-17 21:48:15,24517.81,dev_f09eff4673,region_17,card,success,2024-10-19
txn_0003594,cust_00037,merch_0006,food_delivery,2026-04-17 22:07:44,270.74,dev_e5a094c0cb,region_22,upi,success,2026-03-22
txn_0002220,cust_00021,merch_0077,home_goods,2026-04-17 22:10:52,3780.66,dev_23cb667f8d,region_17,upi,success,2026-01-27
txn_0002937,cust_00028,merch_0152,electronics,2026-04-17 22:45:40,311.6,dev_0fd2ab5f2c,region_20,upi,success,2025-03-16
txn_0001461,cust_00015,merch_0069,electronics,2026-04-17 22:56:36,816.87,dev_c85f2cd462,region_11,upi,success,2025-04-26
txn_0000346,cust_00003,merch_0105,fashion,2026-04-17 23:04:35,1261.46,dev_61c49512f5,region_20,card,success,2025-12-30
txn_0003319,cust_00034,merch_0164,travel,2026-04-17 23:28:41,758.46,dev_b983ceccdc,region_23,card,success,2025-12-14
txn_0000670,cust_00006,merch_0133,home_goods,2026-04-17 23:35:02,260.26,dev_306b522224,region_20,upi,success,2026-02-23
txn_0002605,cust_00025,merch_0019,travel,2026-04-17 23:38:47,876.1,dev_c61377a306,region_09,upi,success,2025-08-13
txn_0003774,cust_00039,merch_0025,groceries,2026-04-17 23:40:22,3258.85,dev_4899813274,region_24,upi,success,2026-02-23
txn_0003775,cust_00039,merch_0091,travel,2026-04-18 00:32:43,3092.19,dev_4899813274,region_24,card,success,2026-02-23
txn_0001343,cust_00014,merch_0111,digital_goods,2026-04-18 00:58:30,143.75,dev_a3fb82f6fb,region_04,upi,success,2024-12-15
txn_0002939,cust_00028,merch_0009,travel,2026-04-18 01:50:06,551.74,dev_fa3d93bfbd,region_20,card,success,2025-03-16
txn_0002297,cust_00022,merch_0074,travel,2026-04-18 01:58:29,1165.82,dev_a7c1738df4,region_15,card,success,2026-01-24
txn_0002883,cust_00027,merch_0072,home_goods,2026-04-18 02:05:23,588.04,dev_a2803eee45,region_24,card,success,2026-03-08
txn_0000130,cust_00001,merch_0018,home_goods,2026-04-18 02:08:27,1464.01,dev_8b01cc1cb7,region_11,card,success,2026-03-16
txn_0000673,cust_00006,merch_0031,home_goods,2026-04-18 02:17:03,336.62,dev_306b522224,region_20,card,success,2026-02-23
txn_0000348,cust_00003,merch_0007,electronics,2026-04-18 02:22:10,994.33,dev_61c49512f5,region_20,card,success,2025-12-30
txn_0001692,cust_00016,merch_0156,digital_goods,2026-04-18 03:30:58,1809.51,dev_ff4d7123cb,region_05,card,success,2026-03-16
txn_0003776,cust_00039,merch_0084,home_goods,2026-04-18 03:49:50,2180.23,dev_4899813274,region_24,upi,failed,2026-02-23
txn_0000672,cust_00006,merch_0150,food_delivery,2026-04-18 04:53:51,1006.16,dev_306b522224,region_20,upi,success,2026-02-23
txn_0002938,cust_00028,merch_0020,digital_goods,2026-04-18 04:53:53,342.54,dev_0fd2ab5f2c,region_20,upi,success,2025-03-16
txn_0002611,cust_00025,merch_0167,electronics,2026-04-18 05:09:16,597.91,dev_c61377a306,region_09,card,success,2025-08-13
txn_0001849,cust_00017,merch_0144,groceries,2026-04-18 05:21:18,232.59,dev_e5dfc6a9a5,region_12,card,failed,2026-01-13
txn_0000496,cust_00004,merch_0074,travel,2026-04-18 06:03:36,1006.16,dev_5d98562187,region_22,card,success,2025-10-27
txn_0003595,cust_00037,merch_0055,digital_goods,2026-04-18 06:51:18,252.77,dev_e5a094c0cb,region_22,upi,success,2026-03-22
txn_0000494,cust_00004,merch_0153,electronics,2026-04-18 07:17:59,1699.51,dev_5d98562187,region_22,card,success,2025-10-27
txn_0000028,cust_00000,merch_0113,food_delivery,2026-04-18 07:26:42,1056.19,dev_d8eee72e0e,region_16,card,success,2024-10-19
txn_0003086,cust_00029,merch_0032,digital_goods,2026-04-18 07:57:46,565.34,dev_9fe5b185ac,region_04,card,success,2025-05-28
txn_0001974,cust_00019,merch_0077,home_goods,2026-04-18 07:58:05,456.07,dev_c16cfa8786,region_12,card,success,2025-12-18
txn_0000493,cust_00004,merch_0035,electronics,2026-04-18 09:05:50,1245.15,dev_5d98562187,region_22,card,success,2025-10-27
txn_0000780,cust_00007,merch_0171,food_delivery,2026-04-18 09:57:32,474.89,dev_ded833c13d,region_05,upi,success,2026-01-03
txn_0000821,cust_00008,merch_0012,food_delivery,2026-04-18 10:31:02,1757.81,dev_ddb545484a,region_14,upi,success,2024-12-23
txn_0001051,cust_00011,merch_0123,fashion,2026-04-18 10:32:34,535.93,dev_d97d35dfcc,region_16,card,success,2025-12-23
txn_0000133,cust_00001,merch_0001,fashion,2026-04-18 10:47:38,1779.31,dev_8b01cc1cb7,region_11,card,success,2026-03-16
txn_0003408,cust_00035,merch_0098,electronics,2026-04-18 10:59:35,685.25,dev_26cb4432c0,region_04,card,success,2026-03-06
txn_0003084,cust_00029,merch_0099,fashion,2026-04-18 11:11:46,688.16,dev_9fe5b185ac,region_04,netbanking,success,2025-05-28
txn_0000674,cust_00006,merch_0100,groceries,2026-04-18 12:42:13,131.59,dev_306b522224,region_20,card,success,2026-02-23
txn_0000129,cust_00001,merch_0116,groceries,2026-04-18 13:07:26,1305.62,dev_8b01cc1cb7,region_11,card,success,2026-03-16
txn_0002298,cust_00022,merch_0062,groceries,2026-04-18 13:46:59,985.42,dev_a7c1738df4,region_15,card,success,2026-01-24
txn_0001691,cust_00016,merch_0019,travel,2026-04-18 14:06:46,1694.68,dev_ff4d7123cb,region_05,wallet,success,2026-03-16
txn_0002478,cust_00024,merch_0031,home_goods,2026-04-18 15:10:07,680.22,dev_fbb25b4e5c,region_10,card,success,2024-07-18
txn_0000132,cust_00001,merch_0086,electronics,2026-04-18 15:32:58,2253.46,dev_8b01cc1cb7,region_11,card,success,2026-03-16
txn_0002793,cust_00026,merch_0067,travel,2026-04-18 15:36:59,437.51,dev_3d6886d22a,region_08,card,success,2025-12-24
txn_0003687,cust_00038,merch_0034,home_goods,2026-04-18 15:37:25,269.39,dev_52f1883043,region_06,upi,success,2025-08-04
txn_0003083,cust_00029,merch_0134,electronics,2026-04-18 16:01:44,765.24,dev_9fe5b185ac,region_04,card,success,2025-05-28
txn_0002792,cust_00026,merch_0102,food_delivery,2026-04-18 16:17:15,542.05,dev_3d6886d22a,region_08,upi,success,2025-12-24
txn_0003407,cust_00035,merch_0032,digital_goods,2026-04-18 16:25:00,558.93,dev_26cb4432c0,region_04,netbanking,success,2026-03-06
txn_0002882,cust_00027,merch_0135,home_goods,2026-04-18 17:01:56,1064.37,dev_a2803eee45,region_24,upi,success,2026-03-08
txn_0003201,cust_00031,merch_0106,fashion,2026-04-18 17:27:28,549.8,dev_b8ce223e2d,region_15,upi,success,2025-02-16
txn_0001052,cust_00011,merch_0157,travel,2026-04-18 17:51:04,532.93,dev_d97d35dfcc,region_16,netbanking,success,2025-12-23
txn_0003505,cust_00036,merch_0115,home_goods,2026-04-18 17:56:27,309.13,dev_f10e01fbae,region_18,card,success,2026-02-20
txn_0003409,cust_00035,merch_0082,groceries,2026-04-18 18:04:58,1123.21,dev_26cb4432c0,region_04,upi,success,2026-03-06
txn_0001152,cust_00012,merch_0115,home_goods,2026-04-18 18:29:52,182.9,dev_a68aa3d101,region_17,card,success,2026-02-15
txn_0001053,cust_00011,merch_0015,food_delivery,2026-04-18 18:39:10,421.87,dev_d97d35dfcc,region_16,upi,success,2025-12-23
txn_0002121,cust_00020,merch_0029,food_delivery,2026-04-18 19:11:21,457.02,dev_44ebf7337f,region_16,card,success,2026-02-23
txn_0000131,cust_00001,merch_0036,travel,2026-04-18 20:04:15,2060.07,dev_8b01cc1cb7,region_11,card,success,2026-03-16
txn_0000578,cust_00005,merch_0068,travel,2026-04-18 20:06:18,788.81,dev_88a6698d70,region_09,card,success,2025-06-11
txn_0000495,cust_00004,merch_0050,digital_goods,2026-04-18 20:43:36,989.43,dev_5d98562187,region_22,upi,success,2025-10-27
txn_0000579,cust_00005,merch_0163,digital_goods,2026-04-18 20:48:01,1515.5,dev_88a6698d70,region_09,upi,success,2025-06-11
txn_0001151,cust_00012,merch_0169,electronics,2026-04-18 21:02:33,154.02,dev_a68aa3d101,region_17,card,success,2026-02-15
txn_0003085,cust_00029,merch_0165,groceries,2026-04-18 21:10:21,488.41,dev_9fe5b185ac,region_04,card,success,2025-05-28
txn_0001850,cust_00017,merch_0122,electronics,2026-04-18 21:24:22,178.07,dev_e5dfc6a9a5,region_12,card,success,2026-01-13
txn_0001693,cust_00016,merch_0075,travel,2026-04-18 23:07:55,774.08,dev_ff4d7123cb,region_05,wallet,success,2026-03-16
txn_0003167,cust_00030,merch_0038,travel,2026-04-18 23:45:09,277.56,dev_b012ae2533,region_04,upi,success,2025-01-10
txn_0003204,cust_00031,merch_0074,travel,2026-04-19 00:09:27,545.9,dev_b8ce223e2d,region_15,card,success,2025-02-16
txn_0000782,cust_00007,merch_0050,digital_goods,2026-04-19 00:25:03,488.7,dev_ded833c13d,region_05,card,success,2026-01-03
txn_0002407,cust_00023,merch_0015,food_delivery,2026-04-19 00:49:49,2812.19,dev_ae0251997d,region_13,card,success,2025-09-03
txn_0001153,cust_00012,merch_0036,travel,2026-04-19 01:15:58,169.73,dev_a68aa3d101,region_17,upi,success,2026-02-15
txn_0001694,cust_00016,merch_0016,fashion,2026-04-19 01:59:24,1064.9,dev_ff4d7123cb,region_05,wallet,success,2026-03-16
txn_0001695,cust_00016,merch_0081,fashion,2026-04-19 02:25:56,1467.58,dev_ff4d7123cb,region_05,card,success,2026-03-16
txn_0003596,cust_00037,merch_0098,electronics,2026-04-19 02:30:30,321.88,dev_e5a094c0cb,region_22,card,success,2026-03-22
txn_0002300,cust_00022,merch_0172,travel,2026-04-19 02:37:56,548.69,dev_a7c1738df4,region_15,card,success,2026-01-24
txn_0002480,cust_00024,merch_0058,fashion,2026-04-19 03:24:33,1017.13,dev_fbb25b4e5c,region_10,upi,success,2024-07-18
txn_0000136,cust_00001,merch_0127,groceries,2026-04-19 03:38:50,862.77,dev_8b01cc1cb7,region_11,card,success,2026-03-16
txn_0000137,cust_00001,merch_0022,groceries,2026-04-19 03:41:42,808.61,dev_8b01cc1cb7,region_11,upi,success,2026-03-16
txn_0000903,cust_00009,merch_0148,home_goods,2026-04-19 04:37:35,192.05,dev_c5b5464c6f,region_14,upi,success,2025-01-09
txn_0003509,cust_00036,merch_0051,fashion,2026-04-19 04:44:34,278.9,dev_f10e01fbae,region_18,upi,success,2026-02-20
txn_0003507,cust_00036,merch_0177,fashion,2026-04-19 04:57:05,454.64,dev_f10e01fbae,region_18,card,success,2026-02-20
txn_0003320,cust_00034,merch_0013,travel,2026-04-19 05:28:52,639.97,dev_b983ceccdc,region_23,card,success,2025-12-14
txn_0002303,cust_00022,merch_0105,fashion,2026-04-19 05:36:41,954.4,dev_a7c1738df4,region_15,upi,success,2026-01-24
txn_0000822,cust_00008,merch_0071,groceries,2026-04-19 05:44:48,1058.32,dev_ddb545484a,region_14,wallet,success,2024-12-23
txn_0003274,cust_00033,merch_0057,digital_goods,2026-04-19 06:03:46,3188.34,dev_3b4c2de63a,region_09,upi,success,2025-12-09
txn_0001054,cust_00011,merch_0007,electronics,2026-04-19 06:19:22,405.24,dev_d97d35dfcc,region_16,wallet,success,2025-12-23
txn_0002406,cust_00023,merch_0102,food_delivery,2026-04-19 06:26:16,1994.36,dev_ae0251997d,region_13,wallet,success,2025-09-03
txn_0001055,cust_00011,merch_0163,digital_goods,2026-04-19 06:53:10,925.02,dev_d97d35dfcc,region_16,upi,success,2025-12-23
txn_0002479,cust_00024,merch_0155,travel,2026-04-19 07:22:10,460.17,dev_fbb25b4e5c,region_10,card,success,2024-07-18
txn_0003087,cust_00029,merch_0020,digital_goods,2026-04-19 07:22:38,713.55,dev_9fe5b185ac,region_04,upi,success,2025-05-28
txn_0000029,cust_00000,merch_0172,travel,2026-04-19 07:28:31,22749.84,dev_d8eee72e0e,region_16,card,success,2024-10-19
txn_0000783,cust_00007,merch_0170,electronics,2026-04-19 07:46:27,661.14,dev_ded833c13d,region_05,netbanking,success,2026-01-03
txn_0003203,cust_00031,merch_0031,home_goods,2026-04-19 08:07:31,404.71,dev_b8ce223e2d,region_15,card,success,2025-02-16
txn_0001975,cust_00019,merch_0071,groceries,2026-04-19 08:39:18,269.6,dev_c16cfa8786,region_12,card,success,2025-12-18
txn_0002942,cust_00028,merch_0124,electronics,2026-04-19 08:47:29,614.19,dev_0fd2ab5f2c,region_20,upi,success,2025-03-16
txn_0001465,cust_00015,merch_0088,groceries,2026-04-19 08:52:50,598.56,dev_c85f2cd462,region_11,card,success,2025-04-26
txn_0003202,cust_00031,merch_0108,food_delivery,2026-04-19 08:56:31,457.58,dev_b8ce223e2d,region_15,upi,success,2025-02-16
txn_0000134,cust_00001,merch_0035,electronics,2026-04-19 09:17:43,742.61,dev_8b01cc1cb7,region_11,upi,success,2026-03-16
txn_0001696,cust_00016,merch_0173,electronics,2026-04-19 09:58:31,1180.25,dev_ff4d7123cb,region_05,netbanking,success,2026-03-16
txn_0000676,cust_00006,merch_0006,food_delivery,2026-04-19 10:24:40,899.31,dev_306b522224,region_20,card,success,2026-02-23
txn_0002122,cust_00020,merch_0076,electronics,2026-04-19 11:16:44,380.55,dev_44ebf7337f,region_16,netbanking,success,2026-02-23
txn_0002299,cust_00022,merch_0074,travel,2026-04-19 11:20:03,1022.77,dev_a7c1738df4,region_15,upi,success,2026-01-24
txn_0000580,cust_00005,merch_0167,electronics,2026-04-19 12:01:06,1448.24,dev_88a6698d70,region_09,upi,success,2025-06-11
txn_0003688,cust_00038,merch_0001,fashion,2026-04-19 12:29:49,601.68,dev_52f1883043,region_06,upi,failed,2025-08-04
txn_0000277,cust_00002,merch_0035,electronics,2026-04-19 12:34:21,530.46,dev_c2fe882877,region_21,card,success,2026-01-21
txn_0001218,cust_00013,merch_0000,travel,2026-04-19 12:44:20,2584.89,dev_1e3cfb13fa,region_16,upi,success,2025-01-05
txn_0000135,cust_00001,merch_0139,digital_goods,2026-04-19 13:04:34,1351.17,dev_8b01cc1cb7,region_11,upi,success,2026-03-16
txn_0003508,cust_00036,merch_0143,electronics,2026-04-19 13:20:33,343.74,dev_f10e01fbae,region_18,card,success,2026-02-20
txn_0002940,cust_00028,merch_0083,digital_goods,2026-04-19 13:33:56,402.12,dev_0fd2ab5f2c,region_20,upi,success,2025-03-16
txn_0002613,cust_00025,merch_0024,fashion,2026-04-19 14:41:22,699.2,dev_c61377a306,region_09,card,success,2025-08-13
txn_0001219,cust_00013,merch_0076,electronics,2026-04-19 15:46:31,2337.53,dev_1e3cfb13fa,region_16,card,success,2025-01-05
txn_0002612,cust_00025,merch_0022,groceries,2026-04-19 15:51:03,318.22,dev_c61377a306,region_09,upi,success,2025-08-13
txn_0003689,cust_00038,merch_0013,travel,2026-04-19 17:38:05,584.51,dev_52f1883043,region_06,card,success,2025-08-04
txn_0000497,cust_00004,merch_0151,fashion,2026-04-19 18:01:36,1724.79,dev_5d98562187,region_22,card,success,2025-10-27
txn_0003506,cust_00036,merch_0147,food_delivery,2026-04-19 18:18:22,332.83,dev_f10e01fbae,region_18,upi,success,2026-02-20
txn_0001976,cust_00019,merch_0009,travel,2026-04-19 18:29:02,339.6,dev_c16cfa8786,region_12,card,success,2025-12-18
txn_0002302,cust_00022,merch_0132,groceries,2026-04-19 18:44:47,770.59,dev_a7c1738df4,region_15,upi,success,2026-01-24
txn_0000904,cust_00009,merch_0108,food_delivery,2026-04-19 18:48:11,178.81,dev_c5b5464c6f,region_14,card,success,2025-01-09
txn_0000781,cust_00007,merch_0038,travel,2026-04-19 19:32:45,775.93,dev_ded833c13d,region_05,card,success,2026-01-03
txn_0001344,cust_00014,merch_0070,home_goods,2026-04-19 19:43:50,174.29,dev_a3fb82f6fb,region_04,card,success,2024-12-15
txn_0000350,cust_00003,merch_0027,digital_goods,2026-04-19 20:13:40,1190.95,dev_61c49512f5,region_20,card,success,2025-12-30
txn_0002614,cust_00025,merch_0130,food_delivery,2026-04-19 20:15:31,770.68,dev_c61377a306,region_09,card,success,2025-08-13
txn_0001217,cust_00013,merch_0099,fashion,2026-04-19 20:42:31,2778.13,dev_1e3cfb13fa,region_16,card,failed,2025-01-05
txn_0001697,cust_00016,merch_0110,digital_goods,2026-04-19 20:46:41,1417.51,dev_ff4d7123cb,region_05,upi,success,2026-03-16
txn_0003410,cust_00035,merch_0169,electronics,2026-04-19 20:48:15,799.94,dev_26cb4432c0,region_04,card,success,2026-03-06
txn_0000349,cust_00003,merch_0170,electronics,2026-04-19 21:25:57,1151.32,dev_61c49512f5,region_20,upi,success,2025-12-30
txn_0001977,cust_00019,merch_0157,travel,2026-04-19 22:40:31,386.38,dev_c16cfa8786,region_12,card,success,2025-12-18
txn_0002941,cust_00028,merch_0133,home_goods,2026-04-19 23:28:18,372.88,dev_0fd2ab5f2c,region_20,upi,success,2025-03-16
txn_0000675,cust_00006,merch_0086,electronics,2026-04-19 23:33:52,795.34,dev_306b522224,region_20,card,success,2026-02-23
txn_0002301,cust_00022,merch_0156,digital_goods,2026-04-19 23:41:50,1144.14,dev_a7c1738df4,region_15,upi,failed,2026-01-24
txn_0003600,cust_00037,merch_0012,food_delivery,2026-04-20 00:08:17,189.1,dev_e5a094c0cb,region_22,card,success,2026-03-22
txn_0003599,cust_00037,merch_0128,electronics,2026-04-20 01:05:01,82.41,dev_e5a094c0cb,region_22,upi,success,2026-03-22
txn_0003088,cust_00029,merch_0017,travel,2026-04-20 01:07:52,750.96,dev_9fe5b185ac,region_04,card,success,2025-05-28
txn_0002618,cust_00025,merch_0148,home_goods,2026-04-20 01:12:42,679.79,dev_c61377a306,region_09,upi,success,2025-08-13
txn_0000678,cust_00006,merch_0096,digital_goods,2026-04-20 01:45:21,707.68,dev_306b522224,region_20,card,success,2026-02-23
txn_0001702,cust_00016,merch_0000,travel,2026-04-20 03:21:31,1749.95,dev_ff4d7123cb,region_05,upi,success,2026-03-16
txn_0003777,cust_00039,merch_0104,travel,2026-04-20 03:23:25,1833.73,dev_4899813274,region_24,card,success,2026-02-23
txn_0001699,cust_00016,merch_0111,digital_goods,2026-04-20 03:32:04,1130.03,dev_ff4d7123cb,region_05,card,success,2026-03-16
txn_0000353,cust_00003,merch_0136,groceries,2026-04-20 04:07:21,827.26,dev_61c49512f5,region_20,card,success,2025-12-30
txn_0002408,cust_00023,merch_0054,digital_goods,2026-04-20 04:18:14,4596.71,dev_ae0251997d,region_13,upi,success,2025-09-03
txn_0001700,cust_00016,merch_0122,electronics,2026-04-20 04:30:36,882.83,dev_ff4d7123cb,region_05,card,success,2026-03-16
txn_0001701,cust_00016,merch_0105,fashion,2026-04-20 04:49:40,1333.18,dev_ff4d7123cb,region_05,card,success,2026-03-16
txn_0002123,cust_00020,merch_0173,electronics,2026-04-20 05:00:03,955.89,dev_44ebf7337f,region_16,upi,failed,2026-02-23
txn_0001469,cust_00015,merch_0058,fashion,2026-04-20 05:07:18,733.65,dev_c85f2cd462,region_11,upi,success,2025-04-26
txn_0000498,cust_00004,merch_0125,fashion,2026-04-20 05:47:11,1351.97,dev_5d98562187,region_22,card,success,2025-10-27
txn_0000351,cust_00003,merch_0111,digital_goods,2026-04-20 05:58:33,1055.87,dev_61c49512f5,region_20,card,success,2025-12-30
txn_0002616,cust_00025,merch_0072,home_goods,2026-04-20 06:01:30,658.71,dev_c61377a306,region_09,upi,success,2025-08-13
txn_0000354,cust_00003,merch_0015,food_delivery,2026-04-20 06:13:27,590.38,dev_61c49512f5,region_20,netbanking,success,2025-12-30
txn_0001979,cust_00019,merch_0125,fashion,2026-04-20 06:41:05,330.81,dev_c16cfa8786,region_12,upi,success,2025-12-18
txn_0000032,cust_00000,merch_0012,food_delivery,2026-04-20 06:50:27,1028.48,dev_d8eee72e0e,region_16,upi,success,2024-10-19
txn_0000030,cust_00000,merch_0027,digital_goods,2026-04-20 06:52:14,3535.51,dev_b8eed0408e,region_23,card,success,2024-10-19
txn_0003511,cust_00036,merch_0104,travel,2026-04-20 06:52:27,302.61,dev_f10e01fbae,region_18,upi,failed,2026-02-20
txn_0001471,cust_00015,merch_0018,home_goods,2026-04-20 07:06:47,656.56,dev_c85f2cd462,region_11,card,success,2025-04-26
txn_0002794,cust_00026,merch_0070,home_goods,2026-04-20 08:07:53,576.25,dev_3d6886d22a,region_08,upi,success,2025-12-24
txn_0003411,cust_00035,merch_0117,groceries,2026-04-20 08:19:42,703.45,dev_26cb4432c0,region_04,card,failed,2026-03-06
txn_0001470,cust_00015,merch_0110,digital_goods,2026-04-20 08:23:33,523.19,dev_c85f2cd462,region_11,card,success,2025-04-26
txn_0002124,cust_00020,merch_0080,food_delivery,2026-04-20 08:26:16,548.87,dev_44ebf7337f,region_16,card,success,2026-02-23
txn_0001468,cust_00015,merch_0087,travel,2026-04-20 09:51:13,856.32,dev_c85f2cd462,region_11,netbanking,success,2025-04-26
txn_0001056,cust_00011,merch_0055,digital_goods,2026-04-20 10:20:56,440.42,dev_d97d35dfcc,region_16,upi,success,2025-12-23
txn_0000679,cust_00006,merch_0039,fashion,2026-04-20 10:26:25,1250.11,dev_306b522224,region_20,card,success,2026-02-23
txn_0002795,cust_00026,merch_0166,groceries,2026-04-20 10:39:28,447.69,dev_3d6886d22a,region_08,upi,success,2025-12-24
txn_0003690,cust_00038,merch_0072,home_goods,2026-04-20 10:50:50,93.38,dev_52f1883043,region_06,card,success,2025-08-04
txn_0000677,cust_00006,merch_0084,home_goods,2026-04-20 11:42:58,688.61,dev_306b522224,region_20,card,success,2026-02-23
txn_0003205,cust_00031,merch_0169,electronics,2026-04-20 12:21:01,343.47,dev_b8ce223e2d,region_15,upi,success,2025-02-16
txn_0001466,cust_00015,merch_0157,travel,2026-04-20 12:24:20,1101.88,dev_c85f2cd462,region_11,upi,success,2025-04-26
txn_0000680,cust_00006,merch_0036,travel,2026-04-20 12:27:37,576.3,dev_306b522224,region_20,card,success,2026-02-23
txn_0003089,cust_00029,merch_0032,digital_goods,2026-04-20 12:37:03,594.13,dev_9fe5b185ac,region_04,card,success,2025-05-28
txn_0001980,cust_00019,merch_0124,electronics,2026-04-20 13:28:15,495.56,dev_c16cfa8786,region_12,card,success,2025-12-18
txn_0003598,cust_00037,merch_0067,travel,2026-04-20 13:38:27,369.27,dev_e5a094c0cb,region_22,upi,failed,2026-03-22
txn_0001345,cust_00014,merch_0039,fashion,2026-04-20 14:11:09,98.28,dev_a3fb82f6fb,region_04,card,success,2024-12-15
txn_0002615,cust_00025,merch_0148,home_goods,2026-04-20 14:19:22,598.14,dev_c61377a306,region_09,upi,success,2025-08-13
txn_0003597,cust_00037,merch_0018,home_goods,2026-04-20 14:59:11,306.3,dev_e5a094c0cb,region_22,card,success,2026-03-22
txn_0001698,cust_00016,merch_0065,food_delivery,2026-04-20 15:56:39,1738.1,dev_ff4d7123cb,region_05,card,success,2026-03-16
txn_0002617,cust_00025,merch_0058,fashion,2026-04-20 16:03:55,625.55,dev_c61377a306,region_09,card,success,2025-08-13
txn_0000823,cust_00008,merch_0147,food_delivery,2026-04-20 16:12:29,1511.75,dev_ddb545484a,region_14,upi,success,2024-12-23
txn_0000138,cust_00001,merch_0150,food_delivery,2026-04-20 16:22:09,2333.02,dev_8b01cc1cb7,region_11,upi,success,2026-03-16
txn_0002796,cust_00026,merch_0054,digital_goods,2026-04-20 16:30:50,486.33,dev_3d6886d22a,region_08,card,success,2025-12-24
txn_0003691,cust_00038,merch_0065,food_delivery,2026-04-20 16:41:34,374.76,dev_52f1883043,region_06,card,success,2025-08-04
txn_0002945,cust_00028,merch_0058,fashion,2026-04-20 17:06:44,419.95,dev_0fd2ab5f2c,region_20,upi,success,2025-03-16
txn_0003778,cust_00039,merch_0098,electronics,2026-04-20 18:01:11,4672.68,dev_4899813274,region_24,upi,success,2026-02-23
txn_0002943,cust_00028,merch_0086,electronics,2026-04-20 18:47:29,365.42,dev_0fd2ab5f2c,region_20,upi,success,2025-03-16
txn_0001467,cust_00015,merch_0128,electronics,2026-04-20 19:17:35,476.67,dev_c85f2cd462,region_11,card,success,2025-04-26
txn_0000824,cust_00008,merch_0031,home_goods,2026-04-20 19:30:31,779.43,dev_ddb545484a,region_14,upi,success,2024-12-23
txn_0002304,cust_00022,merch_0039,fashion,2026-04-20 19:35:25,765.97,dev_a7c1738df4,region_15,netbanking,success,2026-01-24
txn_0001978,cust_00019,merch_0046,digital_goods,2026-04-20 19:38:33,342.29,dev_c16cfa8786,region_12,upi,success,2025-12-18
txn_0000352,cust_00003,merch_0157,travel,2026-04-20 20:33:00,1320.93,dev_61c49512f5,region_20,upi,success,2025-12-30
txn_0002305,cust_00022,merch_0018,home_goods,2026-04-20 20:38:34,467.31,dev_a7c1738df4,region_15,card,failed,2026-01-24
txn_0002946,cust_00028,merch_0162,digital_goods,2026-04-20 20:40:13,540.69,dev_0fd2ab5f2c,region_20,netbanking,success,2025-03-16
txn_0003510,cust_00036,merch_0067,travel,2026-04-20 20:42:15,421.47,dev_f10e01fbae,region_18,card,success,2026-02-20
txn_0001057,cust_00011,merch_0152,electronics,2026-04-20 21:22:20,346.85,dev_d97d35dfcc,region_16,upi,success,2025-12-23
txn_0001981,cust_00019,merch_0125,fashion,2026-04-20 21:25:54,328.87,dev_c16cfa8786,region_12,upi,success,2025-12-18
txn_0000278,cust_00002,merch_0129,digital_goods,2026-04-20 22:20:44,575.32,dev_a6ae551318,region_21,upi,success,2026-01-21
txn_0001058,cust_00011,merch_0001,fashion,2026-04-20 22:49:47,358.4,dev_d97d35dfcc,region_16,upi,success,2025-12-23
txn_0000031,cust_00000,merch_0159,electronics,2026-04-20 22:53:09,23307.29,dev_d8eee72e0e,region_16,card,success,2024-10-19
txn_0002944,cust_00028,merch_0003,food_delivery,2026-04-20 23:54:07,486.45,dev_0fd2ab5f2c,region_20,card,success,2025-03-16
txn_0002797,cust_00026,merch_0173,electronics,2026-04-21 01:12:09,812.18,dev_3d6886d22a,region_08,card,success,2025-12-24
txn_0003275,cust_00033,merch_0170,electronics,2026-04-21 01:13:52,2693.03,dev_3b4c2de63a,region_09,netbanking,success,2025-12-09
txn_0002126,cust_00020,merch_0125,fashion,2026-04-21 01:47:12,484.82,dev_44ebf7337f,region_16,upi,success,2026-02-23
txn_0000905,cust_00009,merch_0016,fashion,2026-04-21 01:55:08,230.64,dev_c5b5464c6f,region_14,upi,failed,2025-01-09
txn_0000142,cust_00001,merch_0089,fashion,2026-04-21 02:26:13,1931.22,dev_8b01cc1cb7,region_11,card,success,2026-03-16
txn_0000501,cust_00004,merch_0006,food_delivery,2026-04-21 02:37:20,1290.03,dev_5d98562187,region_22,upi,success,2025-10-27
txn_0002798,cust_00026,merch_0081,fashion,2026-04-21 03:28:27,880.36,dev_3d6886d22a,region_08,card,success,2025-12-24
txn_0001852,cust_00017,merch_0028,digital_goods,2026-04-21 04:28:37,238.81,dev_e5dfc6a9a5,region_12,upi,success,2026-01-13
txn_0001703,cust_00016,merch_0042,home_goods,2026-04-21 04:34:19,936.91,dev_ff4d7123cb,region_05,upi,failed,2026-03-16
txn_0001704,cust_00016,merch_0152,electronics,2026-04-21 04:54:43,1148.03,dev_ff4d7123cb,region_05,upi,failed,2026-03-16
txn_0000499,cust_00004,merch_0154,digital_goods,2026-04-21 04:56:17,1241.48,dev_5d98562187,region_22,upi,success,2025-10-27
txn_0002619,cust_00025,merch_0110,digital_goods,2026-04-21 05:17:51,526.15,dev_c61377a306,region_09,upi,success,2025-08-13
txn_0001982,cust_00019,merch_0174,groceries,2026-04-21 05:53:37,391.81,dev_c16cfa8786,region_12,card,success,2025-12-18
txn_0000582,cust_00005,merch_0060,food_delivery,2026-04-21 05:59:29,1070.35,dev_88a6698d70,region_09,card,failed,2025-06-11
txn_0002307,cust_00022,merch_0130,food_delivery,2026-04-21 07:07:36,1067.48,dev_a7c1738df4,region_15,card,success,2026-01-24
txn_0001473,cust_00015,merch_0121,digital_goods,2026-04-21 07:58:28,708.44,dev_c85f2cd462,region_11,netbanking,success,2025-04-26
txn_0001220,cust_00013,merch_0002,fashion,2026-04-21 08:15:16,2425.99,dev_1e3cfb13fa,region_16,card,success,2025-01-05
txn_0002947,cust_00028,merch_0070,home_goods,2026-04-21 08:25:34,731.77,dev_0fd2ab5f2c,region_20,card,success,2025-03-16
txn_0001985,cust_00019,merch_0172,travel,2026-04-21 09:21:39,384.69,dev_c16cfa8786,region_12,upi,success,2025-12-18
txn_0000140,cust_00001,merch_0012,food_delivery,2026-04-21 09:26:19,1478.02,dev_8b01cc1cb7,region_11,upi,success,2026-03-16
txn_0002308,cust_00022,merch_0017,travel,2026-04-21 09:53:58,1075.74,dev_a7c1738df4,region_15,upi,success,2026-01-24
txn_0000583,cust_00005,merch_0008,travel,2026-04-21 10:15:01,1454.34,dev_88a6698d70,region_09,card,success,2025-06-11
txn_0003779,cust_00039,merch_0137,digital_goods,2026-04-21 11:38:11,3464.22,dev_4899813274,region_24,upi,success,2026-02-23
txn_0000356,cust_00003,merch_0005,electronics,2026-04-21 14:21:26,1095.68,dev_61c49512f5,region_20,card,success,2025-12-30
txn_0000684,cust_00006,merch_0052,food_delivery,2026-04-21 14:30:27,984.69,dev_306b522224,region_20,card,success,2026-02-23
txn_0002306,cust_00022,merch_0166,groceries,2026-04-21 14:38:50,985.07,dev_a7c1738df4,region_15,wallet,success,2026-01-24
txn_0000977,cust_00010,merch_0164,travel,2026-04-21 14:54:37,633.36,dev_f3a63af8f4,region_24,upi,success,2025-10-17
txn_0003601,cust_00037,merch_0081,fashion,2026-04-21 14:58:59,288.21,dev_e5a094c0cb,region_22,card,success,2026-03-22
txn_0001984,cust_00019,merch_0018,home_goods,2026-04-21 15:01:50,419.5,dev_c16cfa8786,region_12,upi,success,2025-12-18
txn_0001474,cust_00015,merch_0144,groceries,2026-04-21 15:07:55,911.75,dev_c85f2cd462,region_11,upi,success,2025-04-26
txn_0000034,cust_00000,merch_0119,home_goods,2026-04-21 15:16:55,8105.97,dev_5dba863a16,region_20,upi,success,2024-10-19
txn_0000141,cust_00001,merch_0179,travel,2026-04-21 15:39:52,2355.94,dev_8b01cc1cb7,region_11,upi,success,2026-03-16
txn_0000139,cust_00001,merch_0060,food_delivery,2026-04-21 17:01:37,1322.97,dev_8b01cc1cb7,region_11,netbanking,success,2026-03-16
txn_0003412,cust_00035,merch_0069,electronics,2026-04-21 17:06:56,625.47,dev_26cb4432c0,region_04,card,success,2026-03-06
txn_0000581,cust_00005,merch_0016,fashion,2026-04-21 17:30:31,1431.28,dev_88a6698d70,region_09,upi,success,2025-06-11
txn_0003692,cust_00038,merch_0088,groceries,2026-04-21 17:43:28,780.72,dev_52f1883043,region_06,card,success,2025-08-04
txn_0000681,cust_00006,merch_0041,digital_goods,2026-04-21 18:10:39,749.52,dev_306b522224,region_20,card,failed,2026-02-23
txn_0000785,cust_00007,merch_0001,fashion,2026-04-21 18:39:49,360.83,dev_ded833c13d,region_05,wallet,failed,2026-01-03
txn_0000683,cust_00006,merch_0043,travel,2026-04-21 19:14:11,971.94,dev_306b522224,region_20,upi,success,2026-02-23
txn_0001475,cust_00015,merch_0176,electronics,2026-04-21 19:23:02,705.9,dev_c85f2cd462,region_11,card,success,2025-04-26
txn_0002225,cust_00021,merch_0013,travel,2026-04-21 19:27:43,204.14,dev_23cb667f8d,region_17,card,success,2026-01-27
txn_0002125,cust_00020,merch_0171,food_delivery,2026-04-21 19:40:35,898.32,dev_44ebf7337f,region_16,card,success,2026-02-23
txn_0000033,cust_00000,merch_0115,home_goods,2026-04-21 20:18:44,7899.02,dev_ab67602300,region_01,upi,success,2024-10-19
txn_0000279,cust_00002,merch_0013,travel,2026-04-21 20:27:32,341.18,dev_c2fe882877,region_21,card,success,2026-01-21
txn_0001221,cust_00013,merch_0118,groceries,2026-04-21 20:44:12,237.99,dev_1e3cfb13fa,region_16,upi,success,2025-01-05
txn_0000784,cust_00007,merch_0138,digital_goods,2026-04-21 20:50:22,500.9,dev_ded833c13d,region_05,upi,success,2026-01-03
txn_0000682,cust_00006,merch_0160,electronics,2026-04-21 21:11:27,1327.55,dev_306b522224,region_20,upi,success,2026-02-23
txn_0003090,cust_00029,merch_0056,digital_goods,2026-04-21 21:12:20,281.86,dev_9fe5b185ac,region_04,card,success,2025-05-28
txn_0001851,cust_00017,merch_0136,groceries,2026-04-21 21:18:52,126.3,dev_e5dfc6a9a5,region_12,netbanking,success,2026-01-13
txn_0001983,cust_00019,merch_0163,digital_goods,2026-04-21 21:24:52,400.79,dev_c16cfa8786,region_12,card,success,2025-12-18
txn_0003091,cust_00029,merch_0014,digital_goods,2026-04-21 22:03:37,696.62,dev_9fe5b185ac,region_04,upi,success,2025-05-28
txn_0001902,cust_00018,merch_0012,food_delivery,2026-04-21 22:20:05,12922.42,dev_e3250f6388,region_07,card,success,2026-02-06
txn_0001476,cust_00015,merch_0019,travel,2026-04-21 22:28:31,950.24,dev_c85f2cd462,region_11,card,success,2025-04-26
txn_0000355,cust_00003,merch_0015,food_delivery,2026-04-21 22:40:40,794.9,dev_61c49512f5,region_20,upi,success,2025-12-30
txn_0000500,cust_00004,merch_0156,digital_goods,2026-04-21 23:33:50,1132.33,dev_5d98562187,region_22,card,success,2025-10-27
txn_0001472,cust_00015,merch_0162,digital_goods,2026-04-21 23:55:20,868.14,dev_c85f2cd462,region_11,card,success,2025-04-26
txn_0001990,cust_00019,merch_0085,travel,2026-04-22 00:01:54,310.73,dev_c16cfa8786,region_12,card,success,2025-12-18
txn_0002800,cust_00026,merch_0105,fashion,2026-04-22 00:47:12,691.37,dev_3d6886d22a,region_08,netbanking,success,2025-12-24
txn_0002127,cust_00020,merch_0085,travel,2026-04-22 01:07:39,21.18,dev_44ebf7337f,region_16,upi,success,2026-02-23
txn_0000685,cust_00006,merch_0012,food_delivery,2026-04-22 01:27:21,771.94,dev_306b522224,region_20,card,success,2026-02-23
txn_0000687,cust_00006,merch_0131,electronics,2026-04-22 01:39:40,1545.43,dev_306b522224,region_20,upi,success,2026-02-23
txn_0001059,cust_00011,merch_0082,groceries,2026-04-22 01:40:22,649.36,dev_d97d35dfcc,region_16,card,success,2025-12-23
txn_0000825,cust_00008,merch_0115,home_goods,2026-04-22 01:46:48,1443.32,dev_ddb545484a,region_14,netbanking,failed,2024-12-23
txn_0000586,cust_00005,merch_0130,food_delivery,2026-04-22 02:08:56,852.65,dev_88a6698d70,region_09,card,success,2025-06-11
txn_0000686,cust_00006,merch_0014,digital_goods,2026-04-22 02:21:45,645.96,dev_306b522224,region_20,card,failed,2026-02-23
txn_0001707,cust_00016,merch_0078,digital_goods,2026-04-22 02:52:44,1169.63,dev_ff4d7123cb,region_05,card,success,2026-03-16
txn_0002481,cust_00024,merch_0126,food_delivery,2026-04-22 03:49:44,593.84,dev_fbb25b4e5c,region_10,card,success,2024-07-18
txn_0003413,cust_00035,merch_0087,travel,2026-04-22 04:06:41,782.83,dev_26cb4432c0,region_04,card,success,2026-03-06
txn_0002799,cust_00026,merch_0069,electronics,2026-04-22 05:25:25,426.7,dev_3d6886d22a,region_08,wallet,failed,2025-12-24
txn_0001853,cust_00017,merch_0092,travel,2026-04-22 05:53:19,262.19,dev_e5dfc6a9a5,region_12,card,success,2026-01-13
txn_0002622,cust_00025,merch_0113,food_delivery,2026-04-22 05:55:07,514.76,dev_c61377a306,region_09,card,success,2025-08-13
txn_0001060,cust_00011,merch_0159,electronics,2026-04-22 06:19:49,378.37,dev_d97d35dfcc,region_16,wallet,success,2025-12-23
txn_0000357,cust_00003,merch_0073,electronics,2026-04-22 06:22:46,1339.11,dev_61c49512f5,region_20,card,success,2025-12-30
txn_0003602,cust_00037,merch_0107,groceries,2026-04-22 06:32:23,305.82,dev_e5a094c0cb,region_22,upi,success,2026-03-22
txn_0000358,cust_00003,merch_0144,groceries,2026-04-22 07:08:53,908.42,dev_61c49512f5,region_20,card,success,2025-12-30
txn_0002483,cust_00024,merch_0093,groceries,2026-04-22 07:28:51,875.22,dev_fbb25b4e5c,region_10,card,success,2024-07-18
txn_0002801,cust_00026,merch_0058,fashion,2026-04-22 09:06:45,527.88,dev_3d6886d22a,region_08,netbanking,success,2025-12-24
txn_0003321,cust_00034,merch_0177,fashion,2026-04-22 09:19:32,1241.16,dev_b983ceccdc,region_23,card,success,2025-12-14
txn_0000035,cust_00000,merch_0070,home_goods,2026-04-22 10:57:09,149.48,dev_d8eee72e0e,region_16,card,success,2024-10-19
txn_0000584,cust_00005,merch_0102,food_delivery,2026-04-22 11:12:39,1134.08,dev_88a6698d70,region_09,upi,success,2025-06-11
txn_0001346,cust_00014,merch_0154,digital_goods,2026-04-22 11:20:28,93.24,dev_a3fb82f6fb,region_04,upi,success,2024-12-15
txn_0002620,cust_00025,merch_0133,home_goods,2026-04-22 11:59:38,565.33,dev_c61377a306,region_09,upi,success,2025-08-13
txn_0000502,cust_00004,merch_0050,digital_goods,2026-04-22 12:00:11,1706.03,dev_5d98562187,region_22,card,success,2025-10-27
txn_0003512,cust_00036,merch_0174,groceries,2026-04-22 12:08:24,437.33,dev_f10e01fbae,region_18,card,success,2026-02-20
txn_0001347,cust_00014,merch_0048,groceries,2026-04-22 12:26:07,90.53,dev_a3fb82f6fb,region_04,netbanking,success,2024-12-15
txn_0001987,cust_00019,merch_0045,home_goods,2026-04-22 12:26:19,267.9,dev_c16cfa8786,region_12,netbanking,success,2025-12-18
txn_0001988,cust_00019,merch_0018,home_goods,2026-04-22 12:28:28,475.37,dev_c16cfa8786,region_12,card,success,2025-12-18
txn_0001705,cust_00016,merch_0132,groceries,2026-04-22 14:04:17,1688.28,dev_ff4d7123cb,region_05,card,success,2026-03-16
txn_0002485,cust_00024,merch_0158,groceries,2026-04-22 14:09:01,562.11,dev_fbb25b4e5c,region_10,upi,success,2024-07-18
txn_0001061,cust_00011,merch_0130,food_delivery,2026-04-22 14:46:47,348.0,dev_d97d35dfcc,region_16,upi,success,2025-12-23
txn_0000036,cust_00000,merch_0001,fashion,2026-04-22 15:17:04,497.98,dev_d8eee72e0e,region_16,wallet,success,2024-10-19
txn_0002484,cust_00024,merch_0118,groceries,2026-04-22 15:40:51,750.38,dev_fbb25b4e5c,region_10,upi,success,2024-07-18
txn_0001348,cust_00014,merch_0103,home_goods,2026-04-22 15:50:27,171.0,dev_a3fb82f6fb,region_04,card,success,2024-12-15
txn_0000688,cust_00006,merch_0155,travel,2026-04-22 16:05:56,75.85,dev_306b522224,region_20,card,success,2026-02-23
txn_0001986,cust_00019,merch_0111,digital_goods,2026-04-22 16:12:03,423.0,dev_c16cfa8786,region_12,card,success,2025-12-18
txn_0001706,cust_00016,merch_0068,travel,2026-04-22 17:09:16,1187.63,dev_ff4d7123cb,region_05,card,success,2026-03-16
txn_0001477,cust_00015,merch_0124,electronics,2026-04-22 17:24:52,629.3,dev_c85f2cd462,region_11,netbanking,success,2025-04-26
txn_0000587,cust_00005,merch_0094,home_goods,2026-04-22 17:28:33,775.39,dev_88a6698d70,region_09,card,success,2025-06-11
txn_0000503,cust_00004,merch_0074,travel,2026-04-22 18:12:57,1065.3,dev_5d98562187,region_22,card,success,2025-10-27
txn_0003414,cust_00035,merch_0063,groceries,2026-04-22 18:15:11,1021.79,dev_26cb4432c0,region_04,upi,success,2026-03-06
txn_0003693,cust_00038,merch_0133,home_goods,2026-04-22 18:58:28,290.58,dev_52f1883043,region_06,card,success,2025-08-04
txn_0000585,cust_00005,merch_0151,fashion,2026-04-22 19:28:47,1271.18,dev_88a6698d70,region_09,netbanking,success,2025-06-11
txn_0001854,cust_00017,merch_0043,travel,2026-04-22 19:29:25,294.51,dev_e5dfc6a9a5,region_12,card,success,2026-01-13
txn_0001222,cust_00013,merch_0145,digital_goods,2026-04-22 20:31:57,2490.06,dev_1e3cfb13fa,region_16,netbanking,success,2025-01-05
txn_0001989,cust_00019,merch_0099,fashion,2026-04-22 21:01:55,388.16,dev_c16cfa8786,region_12,card,success,2025-12-18
txn_0002482,cust_00024,merch_0124,electronics,2026-04-22 22:27:34,1097.76,dev_fbb25b4e5c,region_10,netbanking,success,2024-07-18
txn_0001479,cust_00015,merch_0133,home_goods,2026-04-22 22:58:24,387.94,dev_c85f2cd462,region_11,upi,success,2025-04-26
txn_0002309,cust_00022,merch_0053,travel,2026-04-22 22:59:05,378.41,dev_a7c1738df4,region_15,card,success,2026-01-24
txn_0002621,cust_00025,merch_0048,groceries,2026-04-22 23:25:25,769.64,dev_c61377a306,region_09,card,success,2025-08-13
txn_0001478,cust_00015,merch_0082,groceries,2026-04-22 23:52:58,1229.86,dev_c85f2cd462,region_11,upi,success,2025-04-26
txn_0001062,cust_00011,merch_0127,groceries,2026-04-23 00:47:36,445.82,dev_d97d35dfcc,region_16,upi,success,2025-12-23
txn_0000144,cust_00001,merch_0168,digital_goods,2026-04-23 00:51:17,1566.1,dev_8b01cc1cb7,region_11,netbanking,success,2026-03-16
txn_0003514,cust_00036,merch_0178,travel,2026-04-23 02:37:04,422.2,dev_f10e01fbae,region_18,upi,success,2026-02-20
txn_0001223,cust_00013,merch_0005,electronics,2026-04-23 02:43:26,2951.41,dev_1e3cfb13fa,region_16,card,success,2025-01-05
txn_0003515,cust_00036,merch_0148,home_goods,2026-04-23 03:49:34,506.17,dev_f10e01fbae,region_18,card,success,2026-02-20
txn_0001993,cust_00019,merch_0051,fashion,2026-04-23 04:20:18,300.07,dev_c16cfa8786,region_12,card,success,2025-12-18
txn_0000826,cust_00008,merch_0016,fashion,2026-04-23 04:26:34,1674.91,dev_ddb545484a,region_14,upi,success,2024-12-23
txn_0000690,cust_00006,merch_0138,digital_goods,2026-04-23 04:44:35,227.58,dev_306b522224,region_20,upi,success,2026-02-23
txn_0001064,cust_00011,merch_0055,digital_goods,2026-04-23 04:54:41,687.06,dev_d97d35dfcc,region_16,card,success,2025-12-23
txn_0003276,cust_00033,merch_0142,fashion,2026-04-23 05:31:31,3398.69,dev_3b4c2de63a,region_09,netbanking,success,2025-12-09
txn_0003603,cust_00037,merch_0089,fashion,2026-04-23 05:48:10,410.33,dev_e5a094c0cb,region_22,card,success,2026-03-22
txn_0000689,cust_00006,merch_0113,food_delivery,2026-04-23 06:03:29,1079.65,dev_306b522224,region_20,upi,failed,2026-02-23
txn_0000359,cust_00003,merch_0007,electronics,2026-04-23 07:13:19,831.32,dev_61c49512f5,region_20,card,success,2025-12-30
txn_0001481,cust_00015,merch_0151,fashion,2026-04-23 08:41:00,936.07,dev_c85f2cd462,region_11,upi,success,2025-04-26
txn_0000280,cust_00002,merch_0170,electronics,2026-04-23 09:51:30,454.49,dev_c2fe882877,region_21,upi,success,2026-01-21
txn_0001712,cust_00016,merch_0097,electronics,2026-04-23 09:55:10,1520.53,dev_ff4d7123cb,region_05,upi,success,2026-03-16
txn_0003513,cust_00036,merch_0139,digital_goods,2026-04-23 10:52:58,284.22,dev_f10e01fbae,region_18,card,success,2026-02-20
txn_0000143,cust_00001,merch_0037,electronics,2026-04-23 12:41:39,1681.27,dev_8b01cc1cb7,region_11,upi,success,2026-03-16
txn_0002623,cust_00025,merch_0106,fashion,2026-04-23 12:58:58,645.97,dev_c61377a306,region_09,card,success,2025-08-13
txn_0003206,cust_00031,merch_0023,food_delivery,2026-04-23 13:01:36,548.12,dev_b8ce223e2d,region_15,upi,success,2025-02-16
txn_0002948,cust_00028,merch_0035,electronics,2026-04-23 13:03:14,295.98,dev_0fd2ab5f2c,region_20,card,success,2025-03-16
txn_0001991,cust_00019,merch_0175,groceries,2026-04-23 13:13:20,411.48,dev_c16cfa8786,region_12,card,success,2025-12-18
txn_0001992,cust_00019,merch_0115,home_goods,2026-04-23 13:17:57,396.15,dev_c16cfa8786,region_12,card,success,2025-12-18
txn_0002949,cust_00028,merch_0132,groceries,2026-04-23 13:35:51,622.54,dev_0fd2ab5f2c,region_20,netbanking,success,2025-03-16
txn_0003093,cust_00029,merch_0023,food_delivery,2026-04-23 13:50:36,297.16,dev_9fe5b185ac,region_04,card,success,2025-05-28
txn_0001710,cust_00016,merch_0041,digital_goods,2026-04-23 13:56:56,962.71,dev_ff4d7123cb,region_05,card,success,2026-03-16
txn_0002226,cust_00021,merch_0089,fashion,2026-04-23 14:07:44,290.08,dev_23cb667f8d,region_17,upi,success,2026-01-27
txn_0002802,cust_00026,merch_0143,electronics,2026-04-23 14:15:57,750.1,dev_3d6886d22a,region_08,upi,success,2025-12-24
txn_0001709,cust_00016,merch_0136,groceries,2026-04-23 14:23:09,1298.28,dev_ff4d7123cb,region_05,upi,success,2026-03-16
txn_0002486,cust_00024,merch_0056,digital_goods,2026-04-23 15:01:55,1345.18,dev_fbb25b4e5c,region_10,card,success,2024-07-18
txn_0001484,cust_00015,merch_0023,food_delivery,2026-04-23 15:19:34,347.88,dev_c85f2cd462,region_11,card,success,2025-04-26
txn_0001483,cust_00015,merch_0065,food_delivery,2026-04-23 15:35:31,753.6,dev_c85f2cd462,region_11,card,success,2025-04-26
txn_0001480,cust_00015,merch_0121,digital_goods,2026-04-23 15:37:02,1006.94,dev_c85f2cd462,region_11,upi,success,2025-04-26
txn_0002128,cust_00020,merch_0120,travel,2026-04-23 16:27:36,20077.53,dev_343e4613cd,region_12,upi,success,2026-02-23
txn_0003092,cust_00029,merch_0065,food_delivery,2026-04-23 16:49:38,577.81,dev_9fe5b185ac,region_04,card,success,2025-05-28
txn_0001903,cust_00018,merch_0120,travel,2026-04-23 16:58:18,14764.07,dev_e3250f6388,region_07,netbanking,success,2026-02-06
txn_0001063,cust_00011,merch_0062,groceries,2026-04-23 17:08:45,332.94,dev_d97d35dfcc,region_16,card,success,2025-12-23
txn_0001708,cust_00016,merch_0046,digital_goods,2026-04-23 17:30:17,1445.76,dev_ff4d7123cb,region_05,wallet,success,2026-03-16
txn_0003780,cust_00039,merch_0142,fashion,2026-04-23 17:33:31,3389.87,dev_4899813274,region_24,card,success,2026-02-23
txn_0000037,cust_00000,merch_0046,digital_goods,2026-04-23 17:56:22,840.97,dev_d8eee72e0e,region_16,card,success,2024-10-19
txn_0000786,cust_00007,merch_0086,electronics,2026-04-23 18:04:09,374.99,dev_ded833c13d,region_05,card,success,2026-01-03
txn_0002884,cust_00027,merch_0074,travel,2026-04-23 19:21:34,985.15,dev_a2803eee45,region_24,card,failed,2026-03-08
txn_0001224,cust_00013,merch_0075,travel,2026-04-23 20:30:31,1842.14,dev_1e3cfb13fa,region_16,card,success,2025-01-05
txn_0001482,cust_00015,merch_0003,food_delivery,2026-04-23 20:39:58,741.93,dev_c85f2cd462,region_11,card,success,2025-04-26
txn_0002310,cust_00022,merch_0084,home_goods,2026-04-23 22:29:22,654.41,dev_a7c1738df4,region_15,card,failed,2026-01-24
txn_0002487,cust_00024,merch_0070,home_goods,2026-04-23 22:42:38,954.24,dev_fbb25b4e5c,region_10,wallet,success,2024-07-18
txn_0002624,cust_00025,merch_0072,home_goods,2026-04-23 23:17:37,486.5,dev_c61377a306,region_09,card,success,2025-08-13
txn_0002409,cust_00023,merch_0095,digital_goods,2026-04-23 23:28:45,2600.18,dev_ae0251997d,region_13,upi,success,2025-09-03
txn_0001711,cust_00016,merch_0085,travel,2026-04-23 23:51:18,1167.67,dev_ff4d7123cb,region_05,upi,success,2026-03-16
txn_0002951,cust_00028,merch_0053,travel,2026-04-24 00:24:23,577.62,dev_0fd2ab5f2c,region_20,card,success,2025-03-16
txn_0002227,cust_00021,merch_0001,fashion,2026-04-24 00:55:18,316.57,dev_23cb667f8d,region_17,upi,success,2026-01-27
txn_0003696,cust_00038,merch_0063,groceries,2026-04-24 01:10:54,598.9,dev_52f1883043,region_06,card,success,2025-08-04
txn_0003415,cust_00035,merch_0088,groceries,2026-04-24 01:11:36,831.53,dev_26cb4432c0,region_04,card,success,2026-03-06
txn_0002311,cust_00022,merch_0006,food_delivery,2026-04-24 01:12:39,680.4,dev_a7c1738df4,region_15,card,success,2026-01-24
txn_0003323,cust_00034,merch_0097,electronics,2026-04-24 01:14:43,1971.96,dev_b983ceccdc,region_23,upi,success,2025-12-14
txn_0001065,cust_00011,merch_0145,digital_goods,2026-04-24 01:24:36,439.93,dev_d97d35dfcc,region_16,card,failed,2025-12-23
txn_0003781,cust_00039,merch_0066,fashion,2026-04-24 01:58:51,2887.12,dev_4899813274,region_24,netbanking,success,2026-02-23
txn_0002488,cust_00024,merch_0085,travel,2026-04-24 02:23:44,939.18,dev_fbb25b4e5c,region_10,upi,success,2024-07-18
txn_0000147,cust_00001,merch_0040,groceries,2026-04-24 02:30:35,1315.5,dev_8b01cc1cb7,region_11,upi,success,2026-03-16
txn_0001067,cust_00011,merch_0118,groceries,2026-04-24 03:38:01,224.85,dev_d97d35dfcc,region_16,upi,success,2025-12-23
txn_0003416,cust_00035,merch_0138,digital_goods,2026-04-24 04:14:59,755.48,dev_26cb4432c0,region_04,card,success,2026-03-06
txn_0002950,cust_00028,merch_0127,groceries,2026-04-24 04:30:12,254.06,dev_0fd2ab5f2c,region_20,upi,success,2025-03-16
txn_0001856,cust_00017,merch_0165,groceries,2026-04-24 05:08:24,117.88,dev_e5dfc6a9a5,region_12,wallet,success,2026-01-13
txn_0003094,cust_00029,merch_0143,electronics,2026-04-24 05:27:06,153.25,dev_9fe5b185ac,region_04,card,success,2025-05-28
txn_0002627,cust_00025,merch_0022,groceries,2026-04-24 05:38:08,614.05,dev_c61377a306,region_09,card,success,2025-08-13
txn_0002489,cust_00024,merch_0069,electronics,2026-04-24 05:51:34,1492.74,dev_fbb25b4e5c,region_10,card,success,2024-07-18
txn_0002312,cust_00022,merch_0094,home_goods,2026-04-24 05:59:39,408.8,dev_a7c1738df4,region_15,wallet,success,2026-01-24
txn_0001716,cust_00016,merch_0151,fashion,2026-04-24 06:17:21,1470.17,dev_ff4d7123cb,region_05,card,failed,2026-03-16
txn_0001717,cust_00016,merch_0051,fashion,2026-04-24 06:22:19,774.64,dev_ff4d7123cb,region_05,upi,success,2026-03-16
txn_0002625,cust_00025,merch_0045,home_goods,2026-04-24 06:49:44,558.64,dev_c61377a306,region_09,upi,success,2025-08-13
txn_0000588,cust_00005,merch_0064,food_delivery,2026-04-24 07:18:51,1227.52,dev_88a6698d70,region_09,netbanking,success,2025-06-11
txn_0003322,cust_00034,merch_0094,home_goods,2026-04-24 07:45:41,567.63,dev_b983ceccdc,region_23,card,success,2025-12-14
txn_0003168,cust_00030,merch_0051,fashion,2026-04-24 08:03:24,380.88,dev_b012ae2533,region_04,upi,success,2025-01-10
txn_0003694,cust_00038,merch_0065,food_delivery,2026-04-24 08:20:45,302.83,dev_52f1883043,region_06,upi,success,2025-08-04
txn_0001066,cust_00011,merch_0002,fashion,2026-04-24 08:44:41,411.63,dev_d97d35dfcc,region_16,upi,success,2025-12-23
txn_0001855,cust_00017,merch_0130,food_delivery,2026-04-24 09:44:01,71.55,dev_e5dfc6a9a5,region_12,card,success,2026-01-13
txn_0003417,cust_00035,merch_0022,groceries,2026-04-24 09:50:54,733.92,dev_26cb4432c0,region_04,upi,success,2026-03-06
txn_0000978,cust_00010,merch_0028,digital_goods,2026-04-24 09:59:28,933.99,dev_f3a63af8f4,region_24,card,success,2025-10-17
txn_0000146,cust_00001,merch_0109,food_delivery,2026-04-24 10:46:52,1620.53,dev_8b01cc1cb7,region_11,card,success,2026-03-16
txn_0001994,cust_00019,merch_0111,digital_goods,2026-04-24 10:57:27,597.21,dev_c16cfa8786,region_12,card,success,2025-12-18
txn_0001904,cust_00018,merch_0031,home_goods,2026-04-24 11:00:05,14742.96,dev_e3250f6388,region_07,card,failed,2026-02-06
txn_0001718,cust_00016,merch_0093,groceries,2026-04-24 11:16:23,1682.59,dev_ff4d7123cb,region_05,card,success,2026-03-16
txn_0001351,cust_00014,merch_0129,digital_goods,2026-04-24 11:44:49,157.78,dev_a3fb82f6fb,region_04,upi,success,2024-12-15
txn_0003516,cust_00036,merch_0073,electronics,2026-04-24 11:51:54,224.2,dev_f10e01fbae,region_18,card,success,2026-02-20
txn_0001713,cust_00016,merch_0135,home_goods,2026-04-24 11:52:41,1602.05,dev_ff4d7123cb,region_05,card,success,2026-03-16
txn_0001995,cust_00019,merch_0053,travel,2026-04-24 12:32:29,447.97,dev_c16cfa8786,region_12,upi,success,2025-12-18
txn_0000145,cust_00001,merch_0094,home_goods,2026-04-24 12:43:13,1560.36,dev_8b01cc1cb7,region_11,card,success,2026-03-16
txn_0002411,cust_00023,merch_0073,electronics,2026-04-24 12:43:51,3773.55,dev_ae0251997d,region_13,upi,success,2025-09-03
txn_0003325,cust_00034,merch_0009,travel,2026-04-24 12:47:31,1050.11,dev_b983ceccdc,region_23,upi,success,2025-12-14
txn_0000691,cust_00006,merch_0166,groceries,2026-04-24 12:50:30,1044.39,dev_306b522224,region_20,card,success,2026-02-23
txn_0001721,cust_00016,merch_0063,groceries,2026-04-24 12:52:21,1108.08,dev_ff4d7123cb,region_05,upi,success,2026-03-16
txn_0002626,cust_00025,merch_0107,groceries,2026-04-24 13:36:15,665.52,dev_c61377a306,region_09,card,success,2025-08-13
txn_0001715,cust_00016,merch_0036,travel,2026-04-24 13:52:32,1602.9,dev_ff4d7123cb,region_05,card,success,2026-03-16
txn_0002628,cust_00025,merch_0104,travel,2026-04-24 14:05:47,567.39,dev_c61377a306,region_09,card,success,2025-08-13
txn_0003324,cust_00034,merch_0096,digital_goods,2026-04-24 14:19:43,1247.88,dev_b983ceccdc,region_23,card,failed,2025-12-14
txn_0000039,cust_00000,merch_0004,digital_goods,2026-04-24 14:23:09,1543.85,dev_d8eee72e0e,region_16,upi,success,2024-10-19
txn_0000827,cust_00008,merch_0026,digital_goods,2026-04-24 14:42:35,1732.53,dev_ddb545484a,region_14,card,success,2024-12-23
txn_0000906,cust_00009,merch_0156,digital_goods,2026-04-24 15:59:54,280.01,dev_c5b5464c6f,region_14,upi,success,2025-01-09
txn_0002804,cust_00026,merch_0049,fashion,2026-04-24 16:38:19,698.47,dev_3d6886d22a,region_08,wallet,success,2025-12-24
txn_0002228,cust_00021,merch_0032,digital_goods,2026-04-24 16:48:30,223.68,dev_23cb667f8d,region_17,upi,success,2026-01-27
txn_0001714,cust_00016,merch_0098,electronics,2026-04-24 17:04:50,1019.69,dev_ff4d7123cb,region_05,card,success,2026-03-16
txn_0002803,cust_00026,merch_0097,electronics,2026-04-24 17:05:37,757.06,dev_3d6886d22a,region_08,card,success,2025-12-24
txn_0000506,cust_00004,merch_0137,digital_goods,2026-04-24 17:07:51,1331.64,dev_5d98562187,region_22,card,success,2025-10-27
txn_0000148,cust_00001,merch_0113,food_delivery,2026-04-24 17:50:58,1287.89,dev_8b01cc1cb7,region_11,netbanking,success,2026-03-16
txn_0003695,cust_00038,merch_0061,electronics,2026-04-24 17:55:50,320.94,dev_52f1883043,region_06,upi,success,2025-08-04
txn_0002313,cust_00022,merch_0106,fashion,2026-04-24 18:08:36,687.27,dev_a7c1738df4,region_15,upi,failed,2026-01-24
txn_0001720,cust_00016,merch_0102,food_delivery,2026-04-24 18:14:28,1537.74,dev_ff4d7123cb,region_05,upi,success,2026-03-16
txn_0000907,cust_00009,merch_0153,electronics,2026-04-24 18:21:04,128.05,dev_c5b5464c6f,region_14,upi,success,2025-01-09
txn_0002410,cust_00023,merch_0095,digital_goods,2026-04-24 18:50:37,3474.88,dev_ae0251997d,region_13,netbanking,success,2025-09-03
txn_0000504,cust_00004,merch_0115,home_goods,2026-04-24 19:03:55,1237.39,dev_5d98562187,region_22,wallet,success,2025-10-27
txn_0001857,cust_00017,merch_0044,groceries,2026-04-24 19:54:31,193.93,dev_e5dfc6a9a5,region_12,card,success,2026-01-13
txn_0003604,cust_00037,merch_0026,digital_goods,2026-04-24 19:59:48,281.93,dev_e5a094c0cb,region_22,upi,success,2026-03-22
txn_0002129,cust_00020,merch_0081,fashion,2026-04-24 20:15:36,5725.25,dev_f42834672d,region_14,card,success,2026-02-23
txn_0003277,cust_00033,merch_0117,groceries,2026-04-24 20:38:49,1343.14,dev_3b4c2de63a,region_09,card,success,2025-12-09
txn_0001350,cust_00014,merch_0034,home_goods,2026-04-24 22:24:09,214.73,dev_a3fb82f6fb,region_04,netbanking,success,2024-12-15
txn_0001719,cust_00016,merch_0044,groceries,2026-04-24 22:38:09,1174.15,dev_ff4d7123cb,region_05,netbanking,success,2026-03-16
txn_0000505,cust_00004,merch_0000,travel,2026-04-24 23:12:06,1427.73,dev_5d98562187,region_22,upi,success,2025-10-27
txn_0000038,cust_00000,merch_0144,groceries,2026-04-24 23:34:35,481.66,dev_d8eee72e0e,region_16,card,success,2024-10-19
txn_0002490,cust_00024,merch_0012,food_delivery,2026-04-24 23:45:50,1185.34,dev_fbb25b4e5c,region_10,card,success,2024-07-18
txn_0001349,cust_00014,merch_0018,home_goods,2026-04-24 23:53:25,108.67,dev_a3fb82f6fb,region_04,upi,success,2024-12-15
txn_0001722,cust_00016,merch_0173,electronics,2026-04-25 00:05:56,1306.41,dev_ff4d7123cb,region_05,netbanking,success,2026-03-16
txn_0002229,cust_00021,merch_0092,travel,2026-04-25 00:24:44,579.59,dev_23cb667f8d,region_17,upi,success,2026-01-27
txn_0002314,cust_00022,merch_0176,electronics,2026-04-25 00:27:15,251.24,dev_a7c1738df4,region_15,card,success,2026-01-24
txn_0001352,cust_00014,merch_0067,travel,2026-04-25 00:33:43,97.19,dev_a3fb82f6fb,region_04,card,success,2024-12-15
txn_0002413,cust_00023,merch_0127,groceries,2026-04-25 01:39:46,1576.97,dev_ae0251997d,region_13,card,failed,2025-09-03
txn_0003605,cust_00037,merch_0071,groceries,2026-04-25 03:22:58,274.75,dev_e5a094c0cb,region_22,upi,success,2026-03-22
txn_0000149,cust_00001,merch_0011,digital_goods,2026-04-25 03:30:19,2394.69,dev_8b01cc1cb7,region_11,card,success,2026-03-16
txn_0003782,cust_00039,merch_0141,electronics,2026-04-25 03:37:58,2293.07,dev_4899813274,region_24,card,success,2026-02-23
txn_0001997,cust_00019,merch_0107,groceries,2026-04-25 04:00:56,473.72,dev_c16cfa8786,region_12,card,success,2025-12-18
txn_0001069,cust_00011,merch_0047,groceries,2026-04-25 04:42:51,709.3,dev_d97d35dfcc,region_16,upi,success,2025-12-23
txn_0001071,cust_00011,merch_0141,electronics,2026-04-25 04:49:48,74.42,dev_d97d35dfcc,region_16,upi,success,2025-12-23
txn_0000979,cust_00010,merch_0082,groceries,2026-04-25 06:03:12,763.61,dev_f3a63af8f4,region_24,card,success,2025-10-17
txn_0001999,cust_00019,merch_0163,digital_goods,2026-04-25 06:08:31,425.07,dev_c16cfa8786,region_12,netbanking,success,2025-12-18
txn_0002955,cust_00028,merch_0126,food_delivery,2026-04-25 06:11:36,436.8,dev_0fd2ab5f2c,region_20,card,success,2025-03-16
txn_0000908,cust_00009,merch_0140,food_delivery,2026-04-25 06:19:47,182.16,dev_c5b5464c6f,region_14,card,success,2025-01-09
txn_0001068,cust_00011,merch_0077,home_goods,2026-04-25 06:21:34,335.54,dev_d97d35dfcc,region_16,card,success,2025-12-23
txn_0002630,cust_00025,merch_0157,travel,2026-04-25 06:48:30,585.48,dev_c61377a306,region_09,wallet,success,2025-08-13
txn_0000040,cust_00000,merch_0056,digital_goods,2026-04-25 07:05:36,1295.44,dev_d8eee72e0e,region_16,card,success,2024-10-19
txn_0003095,cust_00029,merch_0008,travel,2026-04-25 07:08:37,857.05,dev_9fe5b185ac,region_04,card,success,2025-05-28
txn_0001723,cust_00016,merch_0050,digital_goods,2026-04-25 07:08:44,1306.56,dev_ff4d7123cb,region_05,upi,success,2026-03-16
txn_0001488,cust_00015,merch_0170,electronics,2026-04-25 07:58:30,885.49,dev_c85f2cd462,region_11,card,success,2025-04-26
txn_0001485,cust_00015,merch_0163,digital_goods,2026-04-25 08:30:03,533.93,dev_c85f2cd462,region_11,upi,success,2025-04-26
txn_0003207,cust_00031,merch_0020,digital_goods,2026-04-25 09:49:02,339.33,dev_b8ce223e2d,region_15,upi,success,2025-02-16
txn_0000696,cust_00006,merch_0094,home_goods,2026-04-25 09:59:56,766.63,dev_306b522224,region_20,card,success,2026-02-23
txn_0001486,cust_00015,merch_0071,groceries,2026-04-25 10:17:51,841.51,dev_c85f2cd462,region_11,card,success,2025-04-26
txn_0003607,cust_00037,merch_0123,fashion,2026-04-25 10:45:21,343.45,dev_e5a094c0cb,region_22,upi,success,2026-03-22
txn_0002317,cust_00022,merch_0162,digital_goods,2026-04-25 10:45:44,784.7,dev_a7c1738df4,region_15,upi,success,2026-01-24
txn_0001225,cust_00013,merch_0035,electronics,2026-04-25 11:00:05,2847.94,dev_1e3cfb13fa,region_16,upi,success,2025-01-05
txn_0003606,cust_00037,merch_0101,digital_goods,2026-04-25 11:09:49,266.46,dev_e5a094c0cb,region_22,card,success,2026-03-22
txn_0002954,cust_00028,merch_0047,groceries,2026-04-25 11:20:53,533.73,dev_0fd2ab5f2c,region_20,upi,failed,2025-03-16
txn_0000361,cust_00003,merch_0153,electronics,2026-04-25 11:25:24,831.86,dev_61c49512f5,region_20,card,success,2025-12-30
txn_0000828,cust_00008,merch_0101,digital_goods,2026-04-25 11:35:40,967.01,dev_ddb545484a,region_14,card,success,2024-12-23
txn_0003097,cust_00029,merch_0112,electronics,2026-04-25 12:13:52,368.42,dev_9fe5b185ac,region_04,card,success,2025-05-28
txn_0002629,cust_00025,merch_0143,electronics,2026-04-25 12:16:18,661.71,dev_c61377a306,region_09,upi,success,2025-08-13
txn_0003096,cust_00029,merch_0004,digital_goods,2026-04-25 12:48:39,801.35,dev_9fe5b185ac,region_04,card,success,2025-05-28
txn_0002491,cust_00024,merch_0136,groceries,2026-04-25 13:01:55,1205.97,dev_fbb25b4e5c,region_10,upi,success,2024-07-18
txn_0000151,cust_00001,merch_0009,travel,2026-04-25 13:09:37,1603.81,dev_8b01cc1cb7,region_11,card,success,2026-03-16
txn_0000507,cust_00004,merch_0060,food_delivery,2026-04-25 13:40:00,1300.81,dev_5d98562187,region_22,upi,success,2025-10-27
txn_0000692,cust_00006,merch_0077,home_goods,2026-04-25 14:18:59,1014.8,dev_306b522224,region_20,upi,success,2026-02-23
txn_0002316,cust_00022,merch_0170,electronics,2026-04-25 14:35:55,308.74,dev_a7c1738df4,region_15,upi,success,2026-01-24
txn_0000153,cust_00001,merch_0057,digital_goods,2026-04-25 14:45:23,897.69,dev_8b01cc1cb7,region_11,wallet,failed,2026-03-16
txn_0001996,cust_00019,merch_0170,electronics,2026-04-25 16:00:38,360.4,dev_c16cfa8786,region_12,card,success,2025-12-18
txn_0003608,cust_00037,merch_0118,groceries,2026-04-25 16:10:37,126.23,dev_e5a094c0cb,region_22,card,success,2026-03-22
txn_0000787,cust_00007,merch_0042,home_goods,2026-04-25 16:13:39,424.76,dev_ded833c13d,region_05,upi,failed,2026-01-03
txn_0003698,cust_00038,merch_0030,home_goods,2026-04-25 16:16:01,501.9,dev_52f1883043,region_06,netbanking,success,2025-08-04
txn_0000041,cust_00000,merch_0050,digital_goods,2026-04-25 17:05:04,480.84,dev_d8eee72e0e,region_16,upi,success,2024-10-19
txn_0003697,cust_00038,merch_0062,groceries,2026-04-25 17:09:49,291.04,dev_52f1883043,region_06,card,success,2025-08-04
txn_0003519,cust_00036,merch_0176,electronics,2026-04-25 17:24:54,308.07,dev_f10e01fbae,region_18,upi,success,2026-02-20
txn_0000695,cust_00006,merch_0007,electronics,2026-04-25 17:46:28,758.54,dev_306b522224,region_20,upi,success,2026-02-23
txn_0002130,cust_00020,merch_0143,electronics,2026-04-25 17:59:32,24634.42,dev_28385b8d94,region_04,upi,success,2026-02-23
txn_0003518,cust_00036,merch_0098,electronics,2026-04-25 18:17:25,383.21,dev_f10e01fbae,region_18,netbanking,success,2026-02-20
txn_0000693,cust_00006,merch_0169,electronics,2026-04-25 18:20:09,1203.35,dev_306b522224,region_20,upi,success,2026-02-23
txn_0001226,cust_00013,merch_0043,travel,2026-04-25 18:32:10,2077.7,dev_1e3cfb13fa,region_16,upi,success,2025-01-05
txn_0003517,cust_00036,merch_0073,electronics,2026-04-25 18:33:32,378.08,dev_f10e01fbae,region_18,upi,success,2026-02-20
txn_0001353,cust_00014,merch_0087,travel,2026-04-25 18:36:57,67.01,dev_a3fb82f6fb,region_04,card,success,2024-12-15
txn_0000152,cust_00001,merch_0174,groceries,2026-04-25 18:38:54,1542.99,dev_8b01cc1cb7,region_11,card,success,2026-03-16
txn_0002953,cust_00028,merch_0032,digital_goods,2026-04-25 18:48:20,326.37,dev_0fd2ab5f2c,region_20,card,success,2025-03-16
txn_0002492,cust_00024,merch_0064,food_delivery,2026-04-25 19:01:17,520.87,dev_fbb25b4e5c,region_10,card,success,2024-07-18
txn_0001070,cust_00011,merch_0179,travel,2026-04-25 19:15:24,650.99,dev_d97d35dfcc,region_16,upi,failed,2025-12-23
txn_0003699,cust_00038,merch_0149,electronics,2026-04-25 19:15:39,428.86,dev_52f1883043,region_06,card,success,2025-08-04
txn_0002131,cust_00020,merch_0098,electronics,2026-04-25 19:36:48,16058.33,dev_44ebf7337f,region_16,upi,success,2026-02-23
txn_0002315,cust_00022,merch_0158,groceries,2026-04-25 20:06:13,538.15,dev_a7c1738df4,region_15,upi,success,2026-01-24
txn_0001998,cust_00019,merch_0137,digital_goods,2026-04-25 20:34:56,299.09,dev_c16cfa8786,region_12,card,success,2025-12-18
txn_0000694,cust_00006,merch_0082,groceries,2026-04-25 20:41:54,783.18,dev_306b522224,region_20,upi,success,2026-02-23
txn_0000589,cust_00005,merch_0072,home_goods,2026-04-25 20:57:50,637.19,dev_88a6698d70,region_09,netbanking,failed,2025-06-11
txn_0002805,cust_00026,merch_0074,travel,2026-04-25 21:11:19,625.85,dev_3d6886d22a,region_08,netbanking,success,2025-12-24
txn_0000362,cust_00003,merch_0140,food_delivery,2026-04-25 21:23:48,1130.1,dev_61c49512f5,region_20,card,success,2025-12-30
txn_0000150,cust_00001,merch_0012,food_delivery,2026-04-25 22:03:12,1189.94,dev_8b01cc1cb7,region_11,card,success,2026-03-16
txn_0001487,cust_00015,merch_0178,travel,2026-04-25 22:53:09,1710.49,dev_c85f2cd462,region_11,upi,success,2025-04-26
txn_0000360,cust_00003,merch_0085,travel,2026-04-25 23:05:11,759.11,dev_61c49512f5,region_20,card,success,2025-12-30
txn_0002412,cust_00023,merch_0005,electronics,2026-04-25 23:07:33,3925.15,dev_ae0251997d,region_13,card,success,2025-09-03
txn_0002952,cust_00028,merch_0134,electronics,2026-04-25 23:17:03,398.25,dev_0fd2ab5f2c,region_20,card,success,2025-03-16
txn_0000281,cust_00002,merch_0137,digital_goods,2026-04-25 23:38:22,698.76,dev_c2fe882877,region_21,upi,success,2026-01-21
txn_0000594,cust_00005,merch_0130,food_delivery,2026-04-26 00:10:46,569.21,dev_88a6698d70,region_09,upi,success,2025-06-11
txn_0003278,cust_00033,merch_0094,home_goods,2026-04-26 00:11:23,3066.42,dev_3b4c2de63a,region_09,card,success,2025-12-09
txn_0000831,cust_00008,merch_0122,electronics,2026-04-26 00:50:53,2285.6,dev_ddb545484a,region_14,upi,success,2024-12-23
txn_0000590,cust_00005,merch_0070,home_goods,2026-04-26 01:00:32,952.69,dev_88a6698d70,region_09,upi,success,2025-06-11
txn_0002000,cust_00019,merch_0127,groceries,2026-04-26 01:04:14,210.93,dev_c16cfa8786,region_12,card,success,2025-12-18
txn_0000910,cust_00009,merch_0049,fashion,2026-04-26 01:56:02,185.23,dev_c5b5464c6f,region_14,card,success,2025-01-09
txn_0000282,cust_00002,merch_0029,food_delivery,2026-04-26 02:11:51,315.15,dev_c2fe882877,region_21,upi,success,2026-01-21
txn_0000593,cust_00005,merch_0070,home_goods,2026-04-26 02:12:15,1068.45,dev_88a6698d70,region_09,card,failed,2025-06-11
txn_0002495,cust_00024,merch_0112,electronics,2026-04-26 02:19:13,1178.08,dev_fbb25b4e5c,region_10,card,success,2024-07-18
txn_0000592,cust_00005,merch_0047,groceries,2026-04-26 03:14:40,1057.2,dev_88a6698d70,region_09,card,success,2025-06-11
txn_0003609,cust_00037,merch_0031,home_goods,2026-04-26 03:28:11,353.94,dev_e5a094c0cb,region_22,upi,success,2026-03-22
txn_0002002,cust_00019,merch_0016,fashion,2026-04-26 03:40:33,399.65,dev_c16cfa8786,region_12,card,success,2025-12-18
txn_0000154,cust_00001,merch_0148,home_goods,2026-04-26 03:45:26,2123.12,dev_8b01cc1cb7,region_11,card,success,2026-03-16
txn_0003326,cust_00034,merch_0126,food_delivery,2026-04-26 04:56:36,1071.25,dev_b983ceccdc,region_23,netbanking,success,2025-12-14
txn_0002631,cust_00025,merch_0089,fashion,2026-04-26 05:41:54,752.52,dev_c61377a306,region_09,upi,success,2025-08-13
txn_0003099,cust_00029,merch_0013,travel,2026-04-26 05:51:49,665.56,dev_9fe5b185ac,region_04,card,success,2025-05-28
txn_0001491,cust_00015,merch_0012,food_delivery,2026-04-26 05:57:17,791.84,dev_c85f2cd462,region_11,upi,success,2025-04-26
txn_0000909,cust_00009,merch_0000,travel,2026-04-26 06:23:19,186.26,dev_c5b5464c6f,region_14,upi,success,2025-01-09
txn_0003520,cust_00036,merch_0154,digital_goods,2026-04-26 07:03:10,254.42,dev_f10e01fbae,region_18,card,success,2026-02-20
txn_0000509,cust_00004,merch_0142,fashion,2026-04-26 07:41:29,1137.8,dev_5d98562187,region_22,card,success,2025-10-27
txn_0003700,cust_00038,merch_0103,home_goods,2026-04-26 07:46:32,506.15,dev_52f1883043,region_06,card,success,2025-08-04
txn_0002132,cust_00020,merch_0026,digital_goods,2026-04-26 08:04:52,2685.21,dev_44ebf7337f,region_16,card,success,2026-02-23
txn_0000830,cust_00008,merch_0110,digital_goods,2026-04-26 08:14:01,1819.49,dev_ddb545484a,region_14,card,success,2024-12-23
txn_0001489,cust_00015,merch_0055,digital_goods,2026-04-26 08:21:38,1358.76,dev_c85f2cd462,region_11,card,success,2025-04-26
txn_0001725,cust_00016,merch_0117,groceries,2026-04-26 08:28:17,1331.0,dev_ff4d7123cb,region_05,card,success,2026-03-16
txn_0003098,cust_00029,merch_0051,fashion,2026-04-26 09:50:47,508.38,dev_9fe5b185ac,region_04,upi,success,2025-05-28
txn_0001858,cust_00017,merch_0047,groceries,2026-04-26 10:00:48,48.97,dev_e5dfc6a9a5,region_12,upi,success,2026-01-13
txn_0001229,cust_00013,merch_0136,groceries,2026-04-26 10:09:51,3134.55,dev_1e3cfb13fa,region_16,netbanking,success,2025-01-05
txn_0002633,cust_00025,merch_0000,travel,2026-04-26 11:31:07,492.92,dev_c61377a306,region_09,upi,success,2025-08-13
txn_0002632,cust_00025,merch_0131,electronics,2026-04-26 12:01:54,564.22,dev_c61377a306,region_09,card,success,2025-08-13
txn_0000363,cust_00003,merch_0133,home_goods,2026-04-26 12:37:34,1325.81,dev_61c49512f5,region_20,netbanking,success,2025-12-30
txn_0002493,cust_00024,merch_0179,travel,2026-04-26 13:18:13,965.96,dev_fbb25b4e5c,region_10,card,success,2024-07-18
txn_0000364,cust_00003,merch_0087,travel,2026-04-26 14:09:18,1002.26,dev_61c49512f5,region_20,card,success,2025-12-30
txn_0001726,cust_00016,merch_0004,digital_goods,2026-04-26 14:37:50,1814.75,dev_ff4d7123cb,region_05,upi,success,2026-03-16
txn_0001228,cust_00013,merch_0099,fashion,2026-04-26 14:44:14,1240.26,dev_1e3cfb13fa,region_16,card,failed,2025-01-05
txn_0002806,cust_00026,merch_0045,home_goods,2026-04-26 14:44:47,677.05,dev_3d6886d22a,region_08,card,success,2025-12-24
txn_0003170,cust_00030,merch_0075,travel,2026-04-26 15:04:10,296.56,dev_b012ae2533,region_04,card,success,2025-01-10
txn_0000155,cust_00001,merch_0039,fashion,2026-04-26 15:42:53,1635.93,dev_8b01cc1cb7,region_11,card,success,2026-03-16
txn_0003169,cust_00030,merch_0122,electronics,2026-04-26 16:06:24,219.35,dev_b012ae2533,region_04,card,success,2025-01-10
txn_0003418,cust_00035,merch_0169,electronics,2026-04-26 16:32:33,766.86,dev_26cb4432c0,region_04,card,success,2026-03-06
txn_0002494,cust_00024,merch_0120,travel,2026-04-26 17:11:02,1613.14,dev_fbb25b4e5c,region_10,upi,success,2024-07-18
txn_0000697,cust_00006,merch_0075,travel,2026-04-26 17:13:20,859.65,dev_306b522224,region_20,upi,success,2026-02-23
txn_0000508,cust_00004,merch_0136,groceries,2026-04-26 17:25:49,1302.39,dev_5d98562187,region_22,upi,success,2025-10-27
txn_0000591,cust_00005,merch_0034,home_goods,2026-04-26 17:29:57,685.31,dev_88a6698d70,region_09,upi,failed,2025-06-11
txn_0001227,cust_00013,merch_0165,groceries,2026-04-26 19:12:16,2431.56,dev_1e3cfb13fa,region_16,upi,success,2025-01-05
txn_0001490,cust_00015,merch_0118,groceries,2026-04-26 19:21:35,697.86,dev_c85f2cd462,region_11,card,success,2025-04-26
txn_0001724,cust_00016,merch_0014,digital_goods,2026-04-26 20:06:29,1360.06,dev_ff4d7123cb,region_05,netbanking,success,2026-03-16
txn_0002001,cust_00019,merch_0025,groceries,2026-04-26 20:49:36,165.27,dev_c16cfa8786,region_12,card,success,2025-12-18
txn_0001355,cust_00014,merch_0156,digital_goods,2026-04-26 20:57:28,203.81,dev_a3fb82f6fb,region_04,upi,success,2024-12-15
txn_0000042,cust_00000,merch_0037,electronics,2026-04-26 21:08:00,1574.47,dev_d8eee72e0e,region_16,card,success,2024-10-19
txn_0001859,cust_00017,merch_0073,electronics,2026-04-26 22:23:00,175.35,dev_e5dfc6a9a5,region_12,card,success,2026-01-13
txn_0000829,cust_00008,merch_0049,fashion,2026-04-26 22:27:43,864.29,dev_ddb545484a,region_14,card,success,2024-12-23
txn_0003208,cust_00031,merch_0102,food_delivery,2026-04-26 22:47:09,458.21,dev_b8ce223e2d,region_15,wallet,success,2025-02-16
txn_0003100,cust_00029,merch_0016,fashion,2026-04-26 23:16:40,510.9,dev_9fe5b185ac,region_04,wallet,success,2025-05-28
txn_0000510,cust_00004,merch_0084,home_goods,2026-04-26 23:47:10,1065.12,dev_5d98562187,region_22,upi,success,2025-10-27
txn_0001354,cust_00014,merch_0170,electronics,2026-04-26 23:54:09,107.76,dev_a3fb82f6fb,region_04,card,success,2024-12-15
txn_0002807,cust_00026,merch_0098,electronics,2026-04-26 23:57:22,600.9,dev_3d6886d22a,region_08,card,success,2025-12-24
txn_0001728,cust_00016,merch_0170,electronics,2026-04-27 00:44:34,1817.35,dev_ff4d7123cb,region_05,upi,success,2026-03-16
txn_0000365,cust_00003,merch_0142,fashion,2026-04-27 00:48:36,799.24,dev_61c49512f5,region_20,wallet,success,2025-12-30
txn_0001861,cust_00017,merch_0141,electronics,2026-04-27 01:41:13,228.93,dev_e5dfc6a9a5,region_12,card,success,2026-01-13
txn_0003521,cust_00036,merch_0045,home_goods,2026-04-27 02:03:05,410.17,dev_f10e01fbae,region_18,card,success,2026-02-20
txn_0001494,cust_00015,merch_0016,fashion,2026-04-27 02:13:33,1123.76,dev_c85f2cd462,region_11,wallet,success,2025-04-26
txn_0000595,cust_00005,merch_0021,digital_goods,2026-04-27 02:21:24,604.6,dev_88a6698d70,region_09,card,success,2025-06-11
txn_0002957,cust_00028,merch_0173,electronics,2026-04-27 02:21:43,463.42,dev_0fd2ab5f2c,region_20,upi,success,2025-03-16
txn_0003783,cust_00039,merch_0043,travel,2026-04-27 02:26:34,2283.66,dev_4899813274,region_24,card,success,2026-02-23
txn_0000833,cust_00008,merch_0164,travel,2026-04-27 03:00:09,1771.99,dev_ddb545484a,region_14,netbanking,success,2024-12-23
txn_0001231,cust_00013,merch_0064,food_delivery,2026-04-27 03:01:34,2251.01,dev_1e3cfb13fa,region_16,upi,success,2025-01-05
txn_0002809,cust_00026,merch_0119,home_goods,2026-04-27 03:05:35,784.36,dev_3d6886d22a,region_08,card,success,2025-12-24
txn_0001905,cust_00018,merch_0036,travel,2026-04-27 03:09:20,9884.46,dev_e3250f6388,region_07,card,success,2026-02-06
txn_0002808,cust_00026,merch_0092,travel,2026-04-27 03:19:48,644.71,dev_3d6886d22a,region_08,netbanking,success,2025-12-24
txn_0000597,cust_00005,merch_0088,groceries,2026-04-27 03:23:35,970.77,dev_88a6698d70,region_09,upi,success,2025-06-11
txn_0002496,cust_00024,merch_0158,groceries,2026-04-27 03:36:09,523.8,dev_fbb25b4e5c,region_10,netbanking,success,2024-07-18
txn_0001076,cust_00011,merch_0036,travel,2026-04-27 04:22:41,471.09,dev_d97d35dfcc,region_16,card,success,2025-12-23
txn_0002318,cust_00022,merch_0096,digital_goods,2026-04-27 05:22:46,914.95,dev_a7c1738df4,region_15,upi,success,2026-01-24
txn_0001230,cust_00013,merch_0047,groceries,2026-04-27 05:48:21,2175.03,dev_1e3cfb13fa,region_16,netbanking,success,2025-01-05
txn_0002133,cust_00020,merch_0167,electronics,2026-04-27 06:02:25,15157.35,dev_44ebf7337f,region_16,upi,success,2026-02-23
txn_0002497,cust_00024,merch_0088,groceries,2026-04-27 06:03:18,1004.52,dev_fbb25b4e5c,region_10,netbanking,success,2024-07-18
txn_0000043,cust_00000,merch_0135,home_goods,2026-04-27 06:12:57,1891.41,dev_d8eee72e0e,region_16,upi,success,2024-10-19
txn_0000512,cust_00004,merch_0010,food_delivery,2026-04-27 06:13:44,1212.03,dev_5d98562187,region_22,card,success,2025-10-27
txn_0002811,cust_00026,merch_0154,digital_goods,2026-04-27 06:19:58,487.54,dev_3d6886d22a,region_08,upi,success,2025-12-24
txn_0002810,cust_00026,merch_0081,fashion,2026-04-27 06:40:29,657.1,dev_3d6886d22a,region_08,upi,failed,2025-12-24
txn_0000788,cust_00007,merch_0068,travel,2026-04-27 07:50:33,725.99,dev_ded833c13d,region_05,card,success,2026-01-03
txn_0002003,cust_00019,merch_0168,digital_goods,2026-04-27 08:00:21,383.71,dev_c16cfa8786,region_12,card,success,2025-12-18
txn_0000158,cust_00001,merch_0069,electronics,2026-04-27 08:12:07,2749.54,dev_8b01cc1cb7,region_11,wallet,success,2026-03-16
txn_0000156,cust_00001,merch_0159,electronics,2026-04-27 09:09:11,817.24,dev_8b01cc1cb7,region_11,card,success,2026-03-16
txn_0000045,cust_00000,merch_0101,digital_goods,2026-04-27 09:16:30,69.63,dev_d8eee72e0e,region_16,upi,success,2024-10-19
txn_0001860,cust_00017,merch_0149,electronics,2026-04-27 09:21:11,115.67,dev_e5dfc6a9a5,region_12,card,success,2026-01-13
txn_0001074,cust_00011,merch_0086,electronics,2026-04-27 09:44:31,211.13,dev_d97d35dfcc,region_16,card,success,2025-12-23
txn_0001232,cust_00013,merch_0113,food_delivery,2026-04-27 09:51:01,1517.58,dev_1e3cfb13fa,region_16,card,success,2025-01-05
txn_0001072,cust_00011,merch_0144,groceries,2026-04-27 10:55:36,600.06,dev_d97d35dfcc,region_16,card,success,2025-12-23
txn_0002006,cust_00019,merch_0073,electronics,2026-04-27 11:01:04,395.83,dev_c16cfa8786,region_12,card,success,2025-12-18
txn_0002004,cust_00019,merch_0103,home_goods,2026-04-27 11:07:53,377.98,dev_c16cfa8786,region_12,upi,success,2025-12-18
txn_0000699,cust_00006,merch_0027,digital_goods,2026-04-27 11:59:17,733.23,dev_306b522224,region_20,card,success,2026-02-23
txn_0003419,cust_00035,merch_0029,food_delivery,2026-04-27 12:00:29,629.34,dev_26cb4432c0,region_04,card,success,2026-03-06
txn_0001356,cust_00014,merch_0143,electronics,2026-04-27 12:28:59,135.77,dev_a3fb82f6fb,region_04,upi,success,2024-12-15
txn_0001493,cust_00015,merch_0100,groceries,2026-04-27 13:02:38,1269.97,dev_c85f2cd462,region_11,upi,success,2025-04-26
txn_0003703,cust_00038,merch_0127,groceries,2026-04-27 13:04:14,331.15,dev_52f1883043,region_06,upi,success,2025-08-04
txn_0001492,cust_00015,merch_0120,travel,2026-04-27 13:32:28,113.23,dev_c85f2cd462,region_11,wallet,success,2025-04-26
txn_0002960,cust_00028,merch_0106,fashion,2026-04-27 13:33:09,641.72,dev_0fd2ab5f2c,region_20,upi,failed,2025-03-16
txn_0002885,cust_00027,merch_0061,electronics,2026-04-27 14:31:08,778.5,dev_a2803eee45,region_24,card,success,2026-03-08
txn_0001495,cust_00015,merch_0093,groceries,2026-04-27 14:40:50,954.54,dev_c85f2cd462,region_11,wallet,success,2025-04-26
txn_0000832,cust_00008,merch_0075,travel,2026-04-27 14:49:52,1163.18,dev_ddb545484a,region_14,upi,success,2024-12-23
txn_0001073,cust_00011,merch_0174,groceries,2026-04-27 15:06:12,361.68,dev_d97d35dfcc,region_16,upi,success,2025-12-23
txn_0002635,cust_00025,merch_0016,fashion,2026-04-27 15:25:23,666.71,dev_c61377a306,region_09,upi,success,2025-08-13
txn_0001731,cust_00016,merch_0012,food_delivery,2026-04-27 15:27:48,1924.08,dev_ff4d7123cb,region_05,upi,success,2026-03-16
txn_0002958,cust_00028,merch_0124,electronics,2026-04-27 15:27:54,268.17,dev_0fd2ab5f2c,region_20,card,success,2025-03-16
txn_0002956,cust_00028,merch_0045,home_goods,2026-04-27 15:50:09,465.51,dev_0fd2ab5f2c,region_20,upi,success,2025-03-16
txn_0002959,cust_00028,merch_0176,electronics,2026-04-27 15:51:32,324.66,dev_0fd2ab5f2c,region_20,upi,success,2025-03-16
txn_0001729,cust_00016,merch_0103,home_goods,2026-04-27 16:21:24,1387.66,dev_ff4d7123cb,region_05,wallet,success,2026-03-16
txn_0002230,cust_00021,merch_0088,groceries,2026-04-27 16:44:52,321.16,dev_23cb667f8d,region_17,card,success,2026-01-27
txn_0003327,cust_00034,merch_0147,food_delivery,2026-04-27 16:52:58,1170.99,dev_b983ceccdc,region_23,upi,success,2025-12-14
txn_0002634,cust_00025,merch_0167,electronics,2026-04-27 17:21:35,556.74,dev_c61377a306,region_09,upi,success,2025-08-13
txn_0002962,cust_00028,merch_0010,food_delivery,2026-04-27 17:30:15,411.73,dev_0fd2ab5f2c,region_20,card,success,2025-03-16
txn_0002961,cust_00028,merch_0070,home_goods,2026-04-27 17:33:07,551.62,dev_0fd2ab5f2c,region_20,card,failed,2025-03-16
txn_0003702,cust_00038,merch_0093,groceries,2026-04-27 17:48:50,383.58,dev_52f1883043,region_06,card,success,2025-08-04
txn_0000511,cust_00004,merch_0177,fashion,2026-04-27 17:52:19,1461.64,dev_5d98562187,region_22,upi,success,2025-10-27
txn_0000044,cust_00000,merch_0045,home_goods,2026-04-27 18:17:43,1896.9,dev_d8eee72e0e,region_16,card,success,2024-10-19
txn_0000911,cust_00009,merch_0097,electronics,2026-04-27 18:48:49,246.32,dev_c5b5464c6f,region_14,upi,success,2025-01-09
txn_0002005,cust_00019,merch_0084,home_goods,2026-04-27 19:01:14,253.49,dev_c16cfa8786,region_12,netbanking,success,2025-12-18
txn_0003701,cust_00038,merch_0120,travel,2026-04-27 19:31:10,666.59,dev_52f1883043,region_06,card,success,2025-08-04
txn_0000698,cust_00006,merch_0003,food_delivery,2026-04-27 20:31:02,1247.57,dev_306b522224,region_20,card,success,2026-02-23
txn_0000157,cust_00001,merch_0088,groceries,2026-04-27 20:40:40,1436.96,dev_8b01cc1cb7,region_11,upi,success,2026-03-16
txn_0000789,cust_00007,merch_0121,digital_goods,2026-04-27 20:43:19,418.57,dev_ded833c13d,region_05,card,failed,2026-01-03
txn_0001075,cust_00011,merch_0085,travel,2026-04-27 20:58:33,377.84,dev_d97d35dfcc,region_16,upi,success,2025-12-23
txn_0001727,cust_00016,merch_0071,groceries,2026-04-27 21:40:17,1892.41,dev_ff4d7123cb,region_05,card,success,2026-03-16
txn_0001730,cust_00016,merch_0046,digital_goods,2026-04-27 21:50:33,1790.17,dev_ff4d7123cb,region_05,card,success,2026-03-16
txn_0000980,cust_00010,merch_0128,electronics,2026-04-27 21:59:32,820.2,dev_f3a63af8f4,region_24,card,success,2025-10-17
txn_0000981,cust_00010,merch_0068,travel,2026-04-27 22:40:24,927.75,dev_f3a63af8f4,region_24,card,success,2025-10-17
txn_0000596,cust_00005,merch_0002,fashion,2026-04-27 23:32:19,916.07,dev_88a6698d70,region_09,upi,success,2025-06-11
txn_0003101,cust_00029,merch_0090,home_goods,2026-04-27 23:34:51,368.56,dev_9fe5b185ac,region_04,upi,success,2025-05-28
txn_0003209,cust_00031,merch_0055,digital_goods,2026-04-27 23:36:24,286.64,dev_b8ce223e2d,region_15,card,success,2025-02-16
txn_0002965,cust_00028,merch_0007,electronics,2026-04-28 01:04:46,487.5,dev_0fd2ab5f2c,region_20,upi,success,2025-03-16
txn_0001733,cust_00016,merch_0015,food_delivery,2026-04-28 01:37:22,1255.54,dev_ff4d7123cb,region_05,card,success,2026-03-16
txn_0002011,cust_00019,merch_0163,digital_goods,2026-04-28 02:10:46,299.11,dev_c16cfa8786,region_12,card,success,2025-12-18
txn_0003279,cust_00033,merch_0049,fashion,2026-04-28 02:43:05,2520.03,dev_3b4c2de63a,region_09,upi,success,2025-12-09
txn_0000913,cust_00009,merch_0162,digital_goods,2026-04-28 02:59:42,228.84,dev_c5b5464c6f,region_14,card,success,2025-01-09
txn_0000367,cust_00003,merch_0034,home_goods,2026-04-28 03:38:31,592.64,dev_61c49512f5,region_20,card,success,2025-12-30
txn_0002321,cust_00022,merch_0022,groceries,2026-04-28 03:53:51,1247.41,dev_a7c1738df4,region_15,upi,success,2026-01-24
txn_0000835,cust_00008,merch_0175,groceries,2026-04-28 03:55:18,1526.38,dev_ddb545484a,region_14,netbanking,success,2024-12-23
txn_0000599,cust_00005,merch_0036,travel,2026-04-28 04:18:40,1476.83,dev_88a6698d70,region_09,card,success,2025-06-11
txn_0003328,cust_00034,merch_0123,fashion,2026-04-28 04:31:10,1447.44,dev_b983ceccdc,region_23,upi,success,2025-12-14
txn_0002637,cust_00025,merch_0115,home_goods,2026-04-28 04:36:46,849.77,dev_c61377a306,region_09,upi,success,2025-08-13
txn_0002009,cust_00019,merch_0119,home_goods,2026-04-28 04:49:27,357.08,dev_c16cfa8786,region_12,upi,success,2025-12-18
txn_0001234,cust_00013,merch_0165,groceries,2026-04-28 04:58:18,2691.23,dev_1e3cfb13fa,region_16,card,success,2025-01-05
txn_0002813,cust_00026,merch_0066,fashion,2026-04-28 05:16:18,445.38,dev_3d6886d22a,region_08,upi,success,2025-12-24
txn_0003420,cust_00035,merch_0025,groceries,2026-04-28 06:23:38,885.97,dev_26cb4432c0,region_04,netbanking,success,2026-03-06
txn_0003522,cust_00036,merch_0073,electronics,2026-04-28 07:06:55,387.6,dev_f10e01fbae,region_18,card,success,2026-02-20
txn_0003172,cust_00030,merch_0071,groceries,2026-04-28 07:11:39,347.17,dev_b012ae2533,region_04,card,success,2025-01-10
txn_0002812,cust_00026,merch_0147,food_delivery,2026-04-28 08:04:20,710.88,dev_3d6886d22a,region_08,upi,success,2025-12-24
txn_0003787,cust_00039,merch_0020,digital_goods,2026-04-28 08:05:12,2051.92,dev_4899813274,region_24,card,success,2026-02-23
txn_0003171,cust_00030,merch_0095,digital_goods,2026-04-28 08:20:12,309.27,dev_b012ae2533,region_04,card,success,2025-01-10
txn_0000912,cust_00009,merch_0033,home_goods,2026-04-28 08:48:25,297.28,dev_c5b5464c6f,region_14,card,success,2025-01-09
txn_0003786,cust_00039,merch_0080,food_delivery,2026-04-28 09:04:41,2614.41,dev_4899813274,region_24,upi,success,2026-02-23
txn_0001906,cust_00018,merch_0040,groceries,2026-04-28 10:12:35,6272.06,dev_e3250f6388,region_07,card,success,2026-02-06
txn_0002636,cust_00025,merch_0013,travel,2026-04-28 11:06:36,477.75,dev_c61377a306,region_09,card,success,2025-08-13
txn_0003785,cust_00039,merch_0158,groceries,2026-04-28 11:09:51,1346.59,dev_4899813274,region_24,upi,success,2026-02-23
txn_0003102,cust_00029,merch_0052,food_delivery,2026-04-28 11:15:13,703.31,dev_9fe5b185ac,region_04,netbanking,success,2025-05-28
txn_0000513,cust_00004,merch_0135,home_goods,2026-04-28 11:26:40,491.5,dev_5d98562187,region_22,upi,success,2025-10-27
txn_0001359,cust_00014,merch_0179,travel,2026-04-28 11:42:47,170.16,dev_a3fb82f6fb,region_04,card,success,2024-12-15
txn_0000834,cust_00008,merch_0086,electronics,2026-04-28 12:24:39,1048.62,dev_ddb545484a,region_14,netbanking,success,2024-12-23
txn_0002414,cust_00023,merch_0101,digital_goods,2026-04-28 13:32:22,4917.49,dev_ae0251997d,region_13,card,success,2025-09-03
txn_0003210,cust_00031,merch_0126,food_delivery,2026-04-28 13:45:18,408.75,dev_b8ce223e2d,region_15,netbanking,success,2025-02-16
txn_0000700,cust_00006,merch_0126,food_delivery,2026-04-28 13:55:31,438.87,dev_306b522224,region_20,card,success,2026-02-23
txn_0002007,cust_00019,merch_0129,digital_goods,2026-04-28 13:59:02,458.78,dev_c16cfa8786,region_12,upi,success,2025-12-18
txn_0003704,cust_00038,merch_0045,home_goods,2026-04-28 14:51:06,817.86,dev_52f1883043,region_06,netbanking,success,2025-08-04
txn_0002319,cust_00022,merch_0176,electronics,2026-04-28 14:55:25,54.6,dev_a7c1738df4,region_15,card,success,2026-01-24
txn_0002134,cust_00020,merch_0022,groceries,2026-04-28 14:59:38,537.71,dev_44ebf7337f,region_16,card,success,2026-02-23
txn_0003784,cust_00039,merch_0062,groceries,2026-04-28 15:26:54,2501.09,dev_4899813274,region_03,card,success,2026-02-23
txn_0002415,cust_00023,merch_0170,electronics,2026-04-28 15:46:25,2972.12,dev_ae0251997d,region_13,wallet,success,2025-09-03
txn_0002967,cust_00028,merch_0109,food_delivery,2026-04-28 16:22:02,465.59,dev_0fd2ab5f2c,region_20,upi,success,2025-03-16
txn_0001357,cust_00014,merch_0086,electronics,2026-04-28 16:55:38,40.45,dev_a3fb82f6fb,region_04,upi,failed,2024-12-15
txn_0002498,cust_00024,merch_0152,electronics,2026-04-28 16:56:01,796.26,dev_fbb25b4e5c,region_10,card,success,2024-07-18
txn_0000366,cust_00003,merch_0082,groceries,2026-04-28 17:00:59,1329.31,dev_61c49512f5,region_20,card,success,2025-12-30
txn_0002010,cust_00019,merch_0011,digital_goods,2026-04-28 18:00:12,276.73,dev_c16cfa8786,region_12,upi,success,2025-12-18
txn_0002008,cust_00019,merch_0039,fashion,2026-04-28 18:14:16,337.49,dev_c16cfa8786,region_12,card,success,2025-12-18
txn_0001358,cust_00014,merch_0033,home_goods,2026-04-28 18:40:58,135.93,dev_a3fb82f6fb,region_04,upi,success,2024-12-15
txn_0002320,cust_00022,merch_0114,food_delivery,2026-04-28 19:41:41,223.34,dev_a7c1738df4,region_15,upi,success,2026-01-24
txn_0001360,cust_00014,merch_0149,electronics,2026-04-28 20:11:03,81.06,dev_a3fb82f6fb,region_04,netbanking,success,2024-12-15
txn_0003103,cust_00029,merch_0155,travel,2026-04-28 20:41:42,421.97,dev_9fe5b185ac,region_04,card,success,2025-05-28
txn_0002963,cust_00028,merch_0018,home_goods,2026-04-28 21:17:45,312.94,dev_0fd2ab5f2c,region_20,wallet,success,2025-03-16
txn_0002966,cust_00028,merch_0111,digital_goods,2026-04-28 21:55:06,575.52,dev_0fd2ab5f2c,region_20,netbanking,success,2025-03-16
txn_0002964,cust_00028,merch_0046,digital_goods,2026-04-28 22:12:07,489.01,dev_0fd2ab5f2c,region_20,card,success,2025-03-16
txn_0001732,cust_00016,merch_0113,food_delivery,2026-04-28 22:24:18,1596.1,dev_ff4d7123cb,region_05,card,success,2026-03-16
txn_0001496,cust_00015,merch_0144,groceries,2026-04-28 22:52:21,71.06,dev_c85f2cd462,region_11,card,success,2025-04-26
txn_0001233,cust_00013,merch_0074,travel,2026-04-28 23:34:10,3564.98,dev_1e3cfb13fa,region_16,netbanking,success,2025-01-05
txn_0000598,cust_00005,merch_0049,fashion,2026-04-28 23:43:24,720.37,dev_88a6698d70,region_09,card,success,2025-06-11
txn_0000160,cust_00001,merch_0109,food_delivery,2026-04-29 00:21:32,815.15,dev_8b01cc1cb7,region_11,upi,success,2026-03-16
txn_0000701,cust_00006,merch_0147,food_delivery,2026-04-29 00:49:36,864.7,dev_306b522224,region_20,upi,success,2026-02-23
txn_0002642,cust_00025,merch_0055,digital_goods,2026-04-29 01:00:21,747.87,dev_c61377a306,region_09,card,success,2025-08-13
txn_0002135,cust_00020,merch_0103,home_goods,2026-04-29 01:37:21,767.0,dev_44ebf7337f,region_16,card,success,2026-02-23
txn_0003524,cust_00036,merch_0158,groceries,2026-04-29 01:37:46,304.52,dev_f10e01fbae,region_18,card,success,2026-02-20
txn_0001238,cust_00013,merch_0021,digital_goods,2026-04-29 02:11:19,2684.37,dev_1e3cfb13fa,region_16,card,success,2025-01-05
txn_0003423,cust_00035,merch_0034,home_goods,2026-04-29 02:18:01,768.24,dev_26cb4432c0,region_04,upi,success,2026-03-06
txn_0002499,cust_00024,merch_0169,electronics,2026-04-29 02:24:54,1389.9,dev_fbb25b4e5c,region_10,netbanking,success,2024-07-18
txn_0001237,cust_00013,merch_0169,electronics,2026-04-29 03:06:53,3087.65,dev_1e3cfb13fa,region_16,upi,success,2025-01-05
txn_0000982,cust_00010,merch_0020,digital_goods,2026-04-29 03:24:48,746.93,dev_f3a63af8f4,region_24,card,success,2025-10-17
txn_0002012,cust_00019,merch_0054,digital_goods,2026-04-29 03:25:08,406.93,dev_c16cfa8786,region_12,card,success,2025-12-18
txn_0002500,cust_00024,merch_0171,food_delivery,2026-04-29 03:33:09,754.61,dev_fbb25b4e5c,region_10,card,success,2024-07-18
txn_0003281,cust_00033,merch_0060,food_delivery,2026-04-29 03:42:10,4221.83,dev_3b4c2de63a,region_09,upi,success,2025-12-09
txn_0000159,cust_00001,merch_0025,groceries,2026-04-29 04:40:38,1243.22,dev_8b01cc1cb7,region_11,card,success,2026-03-16
txn_0000704,cust_00006,merch_0038,travel,2026-04-29 04:59:46,715.12,dev_306b522224,region_20,upi,success,2026-02-23
txn_0003611,cust_00037,merch_0112,electronics,2026-04-29 05:07:49,217.44,dev_e5a094c0cb,region_22,upi,success,2026-03-22
txn_0002501,cust_00024,merch_0057,digital_goods,2026-04-29 05:11:00,851.74,dev_fbb25b4e5c,region_10,card,success,2024-07-18
txn_0002416,cust_00023,merch_0101,digital_goods,2026-04-29 05:12:30,933.77,dev_ae0251997d,region_13,card,success,2025-09-03
txn_0000705,cust_00006,merch_0127,groceries,2026-04-29 05:17:30,938.08,dev_306b522224,region_20,upi,success,2026-02-23
txn_0003212,cust_00031,merch_0097,electronics,2026-04-29 05:19:13,427.26,dev_b8ce223e2d,region_15,card,success,2025-02-16
txn_0002814,cust_00026,merch_0018,home_goods,2026-04-29 05:41:21,686.83,dev_3d6886d22a,region_08,card,success,2025-12-24
txn_0002643,cust_00025,merch_0111,digital_goods,2026-04-29 05:43:20,631.79,dev_c61377a306,region_09,netbanking,success,2025-08-13
txn_0003612,cust_00037,merch_0044,groceries,2026-04-29 05:48:49,238.79,dev_e5a094c0cb,region_22,card,success,2026-03-22
txn_0000914,cust_00009,merch_0055,digital_goods,2026-04-29 05:55:21,204.87,dev_c5b5464c6f,region_14,upi,success,2025-01-09
txn_0002323,cust_00022,merch_0113,food_delivery,2026-04-29 06:01:59,890.88,dev_a7c1738df4,region_15,upi,success,2026-01-24
txn_0003329,cust_00034,merch_0132,groceries,2026-04-29 06:03:35,1219.01,dev_b983ceccdc,region_23,wallet,success,2025-12-14
txn_0002013,cust_00019,merch_0026,digital_goods,2026-04-29 06:07:37,276.77,dev_c16cfa8786,region_12,card,success,2025-12-18
txn_0000369,cust_00003,merch_0015,food_delivery,2026-04-29 06:53:00,861.85,dev_61c49512f5,region_20,upi,success,2025-12-30
txn_0000161,cust_00001,merch_0164,travel,2026-04-29 07:05:51,1402.41,dev_8b01cc1cb7,region_11,card,success,2026-03-16
txn_0000702,cust_00006,merch_0109,food_delivery,2026-04-29 07:12:31,326.97,dev_306b522224,region_20,wallet,success,2026-02-23
txn_0002231,cust_00021,merch_0136,groceries,2026-04-29 07:16:56,303.3,dev_23cb667f8d,region_17,card,success,2026-01-27
txn_0002815,cust_00026,merch_0128,electronics,2026-04-29 07:46:28,467.23,dev_3d6886d22a,region_08,card,success,2025-12-24
txn_0000790,cust_00007,merch_0015,food_delivery,2026-04-29 07:48:49,331.11,dev_ded833c13d,region_05,upi,success,2026-01-03
txn_0002968,cust_00028,merch_0021,digital_goods,2026-04-29 08:23:13,559.43,dev_0fd2ab5f2c,region_20,wallet,success,2025-03-16
txn_0001236,cust_00013,merch_0152,electronics,2026-04-29 08:38:35,3177.8,dev_1e3cfb13fa,region_16,upi,success,2025-01-05
txn_0002640,cust_00025,merch_0048,groceries,2026-04-29 08:55:40,423.1,dev_c61377a306,region_09,netbanking,failed,2025-08-13
txn_0003523,cust_00036,merch_0085,travel,2026-04-29 10:34:48,369.89,dev_f10e01fbae,region_18,upi,success,2026-02-20
txn_0000836,cust_00008,merch_0022,groceries,2026-04-29 11:39:49,1336.53,dev_ddb545484a,region_14,netbanking,success,2024-12-23
txn_0002322,cust_00022,merch_0172,travel,2026-04-29 11:57:40,10.0,dev_a7c1738df4,region_15,card,success,2026-01-24
txn_0003104,cust_00029,merch_0083,digital_goods,2026-04-29 12:28:17,762.73,dev_9fe5b185ac,region_04,card,success,2025-05-28
txn_0000703,cust_00006,merch_0005,electronics,2026-04-29 12:36:01,1011.97,dev_306b522224,region_20,card,success,2026-02-23
txn_0003610,cust_00037,merch_0022,groceries,2026-04-29 12:50:18,321.04,dev_e5a094c0cb,region_22,upi,success,2026-03-22
txn_0002639,cust_00025,merch_0023,food_delivery,2026-04-29 12:51:07,700.05,dev_c61377a306,region_09,upi,success,2025-08-13
txn_0000368,cust_00003,merch_0064,food_delivery,2026-04-29 13:18:34,1149.56,dev_61c49512f5,region_20,card,success,2025-12-30
txn_0000514,cust_00004,merch_0138,digital_goods,2026-04-29 14:23:48,1537.18,dev_5d98562187,region_22,card,success,2025-10-27
txn_0000600,cust_00005,merch_0174,groceries,2026-04-29 14:58:54,1015.31,dev_88a6698d70,region_09,card,success,2025-06-11
txn_0001077,cust_00011,merch_0095,digital_goods,2026-04-29 15:09:02,540.65,dev_d97d35dfcc,region_16,card,success,2025-12-23
txn_0003705,cust_00038,merch_0089,fashion,2026-04-29 15:34:56,455.39,dev_52f1883043,region_06,card,success,2025-08-04
txn_0001235,cust_00013,merch_0040,groceries,2026-04-29 16:30:51,2932.02,dev_1e3cfb13fa,region_16,card,success,2025-01-05
txn_0001499,cust_00015,merch_0032,digital_goods,2026-04-29 17:38:06,1146.57,dev_c85f2cd462,region_11,netbanking,success,2025-04-26
txn_0001862,cust_00017,merch_0140,food_delivery,2026-04-29 18:12:41,195.0,dev_e5dfc6a9a5,region_12,card,success,2026-01-13
txn_0003421,cust_00035,merch_0042,home_goods,2026-04-29 18:50:42,566.75,dev_26cb4432c0,region_04,card,success,2026-03-06
txn_0000915,cust_00009,merch_0112,electronics,2026-04-29 18:58:48,235.32,dev_c5b5464c6f,region_14,upi,success,2025-01-09
txn_0002638,cust_00025,merch_0093,groceries,2026-04-29 19:04:48,508.84,dev_c61377a306,region_09,upi,failed,2025-08-13
txn_0003422,cust_00035,merch_0149,electronics,2026-04-29 19:13:34,689.53,dev_26cb4432c0,region_04,upi,success,2026-03-06
txn_0001362,cust_00014,merch_0053,travel,2026-04-29 19:27:28,70.0,dev_a3fb82f6fb,region_04,card,success,2024-12-15
txn_0001498,cust_00015,merch_0058,fashion,2026-04-29 19:55:03,1200.81,dev_c85f2cd462,region_11,card,success,2025-04-26
txn_0003280,cust_00033,merch_0062,groceries,2026-04-29 20:17:28,2549.76,dev_3b4c2de63a,region_09,upi,success,2025-12-09
txn_0003706,cust_00038,merch_0154,digital_goods,2026-04-29 20:42:32,501.95,dev_52f1883043,region_06,card,success,2025-08-04
txn_0002641,cust_00025,merch_0010,food_delivery,2026-04-29 21:04:58,394.7,dev_c61377a306,region_09,upi,failed,2025-08-13
txn_0001361,cust_00014,merch_0171,food_delivery,2026-04-29 21:53:24,152.38,dev_a3fb82f6fb,region_04,card,success,2024-12-15
txn_0001500,cust_00015,merch_0018,home_goods,2026-04-29 21:59:33,1237.74,dev_c85f2cd462,region_11,upi,success,2025-04-26
txn_0001497,cust_00015,merch_0078,digital_goods,2026-04-29 23:43:11,513.12,dev_c85f2cd462,region_11,card,success,2025-04-26
txn_0003211,cust_00031,merch_0133,home_goods,2026-04-29 23:57:15,244.5,dev_b8ce223e2d,region_15,card,success,2025-02-16
txn_0000515,cust_00004,merch_0052,food_delivery,2026-04-30 00:34:29,1269.08,dev_5d98562187,region_22,card,failed,2025-10-27
txn_0002326,cust_00022,merch_0095,digital_goods,2026-04-30 01:00:38,961.06,dev_a7c1738df4,region_15,card,success,2026-01-24
txn_0001503,cust_00015,merch_0123,fashion,2026-04-30 01:13:30,653.48,dev_c85f2cd462,region_11,card,success,2025-04-26
txn_0000162,cust_00001,merch_0070,home_goods,2026-04-30 01:17:02,2228.26,dev_8b01cc1cb7,region_11,upi,success,2026-03-16
txn_0002139,cust_00020,merch_0076,electronics,2026-04-30 01:21:45,579.95,dev_44ebf7337f,region_16,upi,success,2026-02-23
txn_0000166,cust_00001,merch_0158,groceries,2026-04-30 02:03:28,538.64,dev_8b01cc1cb7,region_11,card,success,2026-03-16
txn_0000708,cust_00006,merch_0020,digital_goods,2026-04-30 02:53:24,278.69,dev_306b522224,region_20,upi,success,2026-02-23
txn_0003426,cust_00035,merch_0076,electronics,2026-04-30 03:17:30,1002.03,dev_26cb4432c0,region_04,upi,success,2026-03-06
txn_0000371,cust_00003,merch_0089,fashion,2026-04-30 04:28:07,928.78,dev_61c49512f5,region_20,card,success,2025-12-30
txn_0000164,cust_00001,merch_0042,home_goods,2026-04-30 04:46:12,2555.22,dev_8b01cc1cb7,region_11,card,failed,2026-03-16
txn_0000916,cust_00009,merch_0112,electronics,2026-04-30 06:32:01,173.13,dev_c5b5464c6f,region_14,card,success,2025-01-09
txn_0003259,cust_00032,merch_0093,groceries,2026-04-30 06:35:34,1823.81,dev_d8c019dd2b,region_03,card,success,2025-08-21
txn_0002136,cust_00020,merch_0160,electronics,2026-04-30 06:37:12,604.36,dev_44ebf7337f,region_16,card,success,2026-02-23
txn_0000837,cust_00008,merch_0045,home_goods,2026-04-30 06:49:03,1450.22,dev_ddb545484a,region_14,card,success,2024-12-23
txn_0003788,cust_00039,merch_0076,electronics,2026-04-30 07:02:35,2817.62,dev_4899813274,region_24,card,success,2026-02-23
txn_0003526,cust_00036,merch_0077,home_goods,2026-04-30 07:15:05,271.81,dev_f10e01fbae,region_18,card,success,2026-02-20
txn_0001734,cust_00016,merch_0086,electronics,2026-04-30 07:21:02,1763.57,dev_ff4d7123cb,region_05,upi,success,2026-03-16
txn_0003425,cust_00035,merch_0167,electronics,2026-04-30 07:36:33,755.8,dev_26cb4432c0,region_04,upi,failed,2026-03-06
txn_0003525,cust_00036,merch_0051,fashion,2026-04-30 07:36:36,183.6,dev_f10e01fbae,region_18,card,success,2026-02-20
txn_0003330,cust_00034,merch_0032,digital_goods,2026-04-30 07:40:49,1219.29,dev_b983ceccdc,region_09,card,success,2025-12-14
txn_0002646,cust_00025,merch_0175,groceries,2026-04-30 07:47:07,621.88,dev_c61377a306,region_09,card,success,2025-08-13
txn_0003214,cust_00031,merch_0129,digital_goods,2026-04-30 07:48:13,387.5,dev_b8ce223e2d,region_15,card,success,2025-02-16
txn_0000707,cust_00006,merch_0094,home_goods,2026-04-30 08:47:23,703.41,dev_306b522224,region_20,card,success,2026-02-23
txn_0001907,cust_00018,merch_0165,groceries,2026-04-30 09:21:07,7824.73,dev_e3250f6388,region_07,card,success,2026-02-06
txn_0002325,cust_00022,merch_0027,digital_goods,2026-04-30 10:03:46,227.96,dev_a7c1738df4,region_15,card,success,2026-01-24
txn_0002232,cust_00021,merch_0120,travel,2026-04-30 10:21:02,494.7,dev_23cb667f8d,region_17,card,success,2026-01-27
txn_0001735,cust_00016,merch_0140,food_delivery,2026-04-30 10:21:20,1289.09,dev_ff4d7123cb,region_05,card,success,2026-03-16
txn_0002506,cust_00024,merch_0007,electronics,2026-04-30 10:41:38,935.45,dev_fbb25b4e5c,region_10,card,success,2024-07-18
txn_0001241,cust_00013,merch_0007,electronics,2026-04-30 11:10:48,3294.46,dev_1e3cfb13fa,region_16,card,success,2025-01-05
txn_0000516,cust_00004,merch_0092,travel,2026-04-30 11:20:54,613.05,dev_5d98562187,region_22,wallet,success,2025-10-27
txn_0002138,cust_00020,merch_0015,food_delivery,2026-04-30 11:21:23,351.68,dev_44ebf7337f,region_16,upi,success,2026-02-23
txn_0001078,cust_00011,merch_0157,travel,2026-04-30 11:24:15,446.92,dev_d97d35dfcc,region_16,upi,success,2025-12-23
txn_0002417,cust_00023,merch_0062,groceries,2026-04-30 11:26:38,1188.79,dev_ae0251997d,region_13,card,success,2025-09-03
txn_0001239,cust_00013,merch_0102,food_delivery,2026-04-30 11:30:40,1318.43,dev_1e3cfb13fa,region_16,upi,success,2025-01-05
txn_0001079,cust_00011,merch_0119,home_goods,2026-04-30 11:33:05,427.83,dev_d97d35dfcc,region_16,card,success,2025-12-23
txn_0001863,cust_00017,merch_0055,digital_goods,2026-04-30 11:39:31,195.71,dev_e5dfc6a9a5,region_12,card,success,2026-01-13
txn_0001240,cust_00013,merch_0053,travel,2026-04-30 11:41:36,1571.37,dev_1e3cfb13fa,region_16,upi,success,2025-01-05
txn_0002647,cust_00025,merch_0054,digital_goods,2026-04-30 12:06:30,649.61,dev_c61377a306,region_09,upi,success,2025-08-13
txn_0000163,cust_00001,merch_0167,electronics,2026-04-30 12:43:28,1007.38,dev_8b01cc1cb7,region_11,upi,success,2026-03-16
txn_0001501,cust_00015,merch_0091,travel,2026-04-30 13:13:39,385.66,dev_c85f2cd462,region_11,card,success,2025-04-26
txn_0002645,cust_00025,merch_0041,digital_goods,2026-04-30 13:41:28,702.91,dev_c61377a306,region_09,card,success,2025-08-13
txn_0003789,cust_00039,merch_0035,electronics,2026-04-30 13:50:12,1535.71,dev_4899813274,region_24,card,success,2026-02-23
txn_0002014,cust_00019,merch_0121,digital_goods,2026-04-30 14:18:02,312.94,dev_c16cfa8786,region_12,upi,success,2025-12-18
txn_0001242,cust_00013,merch_0156,digital_goods,2026-04-30 14:34:40,1708.17,dev_1e3cfb13fa,region_16,card,success,2025-01-05
txn_0000706,cust_00006,merch_0172,travel,2026-04-30 16:54:27,1052.37,dev_306b522224,region_20,upi,success,2026-02-23
txn_0003424,cust_00035,merch_0153,electronics,2026-04-30 16:56:34,982.16,dev_26cb4432c0,region_04,upi,success,2026-03-06
txn_0000517,cust_00004,merch_0112,electronics,2026-04-30 16:59:53,885.25,dev_5d98562187,region_22,card,success,2025-10-27
txn_0002816,cust_00026,merch_0026,digital_goods,2026-04-30 17:00:05,557.85,dev_3d6886d22a,region_08,card,success,2025-12-24
txn_0002502,cust_00024,merch_0136,groceries,2026-04-30 17:04:36,1275.2,dev_fbb25b4e5c,region_10,card,success,2024-07-18
txn_0000601,cust_00005,merch_0173,electronics,2026-04-30 17:05:01,620.29,dev_88a6698d70,region_09,netbanking,success,2025-06-11
txn_0003213,cust_00031,merch_0151,fashion,2026-04-30 17:36:09,591.7,dev_b8ce223e2d,region_15,card,success,2025-02-16
txn_0000370,cust_00003,merch_0153,electronics,2026-04-30 17:53:25,1239.32,dev_61c49512f5,region_20,upi,success,2025-12-30
txn_0003173,cust_00030,merch_0125,fashion,2026-04-30 18:05:45,130.57,dev_b012ae2533,region_04,card,success,2025-01-10
txn_0002644,cust_00025,merch_0140,food_delivery,2026-04-30 18:27:03,631.83,dev_c61377a306,region_09,upi,success,2025-08-13
txn_0002137,cust_00020,merch_0086,electronics,2026-04-30 19:42:16,108.83,dev_44ebf7337f,region_16,upi,success,2026-02-23
txn_0002505,cust_00024,merch_0038,travel,2026-04-30 20:03:32,1064.54,dev_fbb25b4e5c,region_10,card,success,2024-07-18
txn_0000165,cust_00001,merch_0154,digital_goods,2026-04-30 20:27:16,1359.86,dev_8b01cc1cb7,region_11,card,success,2026-03-16
txn_0002504,cust_00024,merch_0149,electronics,2026-04-30 20:31:35,982.33,dev_fbb25b4e5c,region_10,upi,success,2024-07-18
txn_0002324,cust_00022,merch_0112,electronics,2026-04-30 20:43:23,1002.49,dev_a7c1738df4,region_15,netbanking,success,2026-01-24
txn_0003331,cust_00034,merch_0053,travel,2026-04-30 20:43:34,931.63,dev_b983ceccdc,region_23,netbanking,failed,2025-12-14
txn_0001080,cust_00011,merch_0018,home_goods,2026-04-30 20:54:58,510.17,dev_d97d35dfcc,region_16,upi,success,2025-12-23
txn_0001736,cust_00016,merch_0042,home_goods,2026-04-30 21:03:53,1225.6,dev_ff4d7123cb,region_05,wallet,success,2026-03-16
txn_0000917,cust_00009,merch_0007,electronics,2026-04-30 21:10:29,197.65,dev_c5b5464c6f,region_14,card,failed,2025-01-09
txn_0002140,cust_00020,merch_0047,groceries,2026-04-30 21:44:26,863.91,dev_44ebf7337f,region_16,card,success,2026-02-23
txn_0003790,cust_00039,merch_0112,electronics,2026-04-30 22:08:36,2458.45,dev_4899813274,region_24,card,success,2026-02-23
txn_0002503,cust_00024,merch_0010,food_delivery,2026-04-30 22:11:46,819.24,dev_fbb25b4e5c,region_10,upi,success,2024-07-18
txn_0001502,cust_00015,merch_0135,home_goods,2026-04-30 23:19:42,1348.79,dev_c85f2cd462,region_11,upi,success,2025-04-26
txn_0002327,cust_00022,merch_0137,digital_goods,2026-05-01 01:39:32,349.51,dev_a7c1738df4,region_15,card,success,2026-01-24
txn_0002233,cust_00021,merch_0169,electronics,2026-05-01 01:48:00,622.42,dev_23cb667f8d,region_17,card,success,2026-01-27
txn_0002820,cust_00026,merch_0152,electronics,2026-05-01 02:02:37,683.81,dev_3d6886d22a,region_08,netbanking,success,2025-12-24
txn_0000838,cust_00008,merch_0089,fashion,2026-05-01 02:54:43,1064.95,dev_ddb545484a,region_14,card,success,2024-12-23
txn_0001363,cust_00014,merch_0063,groceries,2026-05-01 03:20:47,156.72,dev_a3fb82f6fb,region_04,wallet,success,2024-12-15
txn_0002419,cust_00023,merch_0064,food_delivery,2026-05-01 03:33:44,1753.89,dev_ae0251997d,region_13,card,success,2025-09-03
txn_0002819,cust_00026,merch_0033,home_goods,2026-05-01 03:56:43,665.67,dev_3d6886d22a,region_08,upi,failed,2025-12-24
txn_0002418,cust_00023,merch_0014,digital_goods,2026-05-01 04:34:38,551.93,dev_ae0251997d,region_13,card,success,2025-09-03
txn_0003793,cust_00039,merch_0004,digital_goods,2026-05-01 04:54:48,2730.33,dev_4899813274,region_24,card,success,2026-02-23
txn_0000983,cust_00010,merch_0038,travel,2026-05-01 05:07:22,142.28,dev_f3a63af8f4,region_24,netbanking,success,2025-10-17
txn_0001083,cust_00011,merch_0057,digital_goods,2026-05-01 05:20:09,431.23,dev_d97d35dfcc,region_16,card,success,2025-12-23
txn_0000518,cust_00004,merch_0135,home_goods,2026-05-01 05:24:58,1499.34,dev_5d98562187,region_22,card,success,2025-10-27
txn_0001737,cust_00016,merch_0088,groceries,2026-05-01 05:54:05,1656.43,dev_ff4d7123cb,region_05,card,success,2026-03-16
txn_0001507,cust_00015,merch_0106,fashion,2026-05-01 06:20:09,1341.63,dev_c85f2cd462,region_11,upi,success,2025-04-26
txn_0000710,cust_00006,merch_0149,electronics,2026-05-01 06:45:24,866.96,dev_306b522224,region_20,card,success,2026-02-23
txn_0000918,cust_00009,merch_0003,food_delivery,2026-05-01 07:26:27,186.59,dev_c5b5464c6f,region_14,upi,success,2025-01-09
txn_0002817,cust_00026,merch_0018,home_goods,2026-05-01 07:33:24,358.63,dev_3d6886d22a,region_08,card,failed,2025-12-24
txn_0003215,cust_00031,merch_0005,electronics,2026-05-01 07:51:26,467.4,dev_e212910623,region_15,upi,success,2025-02-16
txn_0002818,cust_00026,merch_0157,travel,2026-05-01 07:55:09,606.84,dev_3d6886d22a,region_08,card,success,2025-12-24
txn_0001082,cust_00011,merch_0054,digital_goods,2026-05-01 08:11:22,369.74,dev_d97d35dfcc,region_16,card,success,2025-12-23
txn_0002648,cust_00025,merch_0019,travel,2026-05-01 08:16:16,420.42,dev_c61377a306,region_09,upi,success,2025-08-13
txn_0003427,cust_00035,merch_0063,groceries,2026-05-01 09:02:31,752.11,dev_26cb4432c0,region_04,upi,success,2026-03-06
txn_0001864,cust_00017,merch_0129,digital_goods,2026-05-01 09:11:21,159.41,dev_e5dfc6a9a5,region_12,upi,success,2026-01-13
txn_0001504,cust_00015,merch_0087,travel,2026-05-01 09:17:12,419.67,dev_c85f2cd462,region_11,card,failed,2025-04-26
txn_0001740,cust_00016,merch_0114,food_delivery,2026-05-01 09:19:58,1541.31,dev_ff4d7123cb,region_05,upi,success,2026-03-16
txn_0000046,cust_00000,merch_0161,food_delivery,2026-05-01 11:26:40,692.61,dev_d8eee72e0e,region_16,card,success,2024-10-19
txn_0001081,cust_00011,merch_0164,travel,2026-05-01 11:50:45,774.79,dev_d97d35dfcc,region_16,card,success,2025-12-23
txn_0000372,cust_00003,merch_0044,groceries,2026-05-01 11:58:15,344.17,dev_61c49512f5,region_20,upi,success,2025-12-30
txn_0000374,cust_00003,merch_0141,electronics,2026-05-01 12:24:14,1185.43,dev_61c49512f5,region_20,upi,success,2025-12-30
txn_0000711,cust_00006,merch_0039,fashion,2026-05-01 12:30:48,852.12,dev_306b522224,region_20,card,success,2026-02-23
txn_0001739,cust_00016,merch_0039,fashion,2026-05-01 13:21:59,1583.02,dev_ff4d7123cb,region_05,upi,success,2026-03-16
txn_0003528,cust_00036,merch_0177,fashion,2026-05-01 13:37:32,410.7,dev_f10e01fbae,region_18,upi,success,2026-02-20
txn_0001364,cust_00014,merch_0166,groceries,2026-05-01 13:56:55,86.58,dev_a3fb82f6fb,region_04,netbanking,success,2024-12-15
txn_0002821,cust_00026,merch_0006,food_delivery,2026-05-01 14:46:45,736.1,dev_3d6886d22a,region_08,upi,success,2025-12-24
txn_0002328,cust_00022,merch_0069,electronics,2026-05-01 14:55:52,660.69,dev_a7c1738df4,region_15,wallet,success,2026-01-24
txn_0001908,cust_00018,merch_0135,home_goods,2026-05-01 15:05:32,1327.77,dev_e3250f6388,region_07,upi,success,2026-02-06
txn_0002507,cust_00024,merch_0135,home_goods,2026-05-01 15:14:26,1402.89,dev_fbb25b4e5c,region_10,card,success,2024-07-18
txn_0002015,cust_00019,merch_0032,digital_goods,2026-05-01 15:21:43,465.13,dev_c16cfa8786,region_12,upi,success,2025-12-18
txn_0003527,cust_00036,merch_0109,food_delivery,2026-05-01 16:56:36,455.44,dev_f10e01fbae,region_18,card,success,2026-02-20
txn_0002649,cust_00025,merch_0042,home_goods,2026-05-01 18:02:07,562.27,dev_c61377a306,region_09,card,failed,2025-08-13
txn_0001505,cust_00015,merch_0152,electronics,2026-05-01 18:34:30,1128.34,dev_c85f2cd462,region_11,upi,success,2025-04-26
txn_0001738,cust_00016,merch_0093,groceries,2026-05-01 19:02:31,1821.56,dev_ff4d7123cb,region_05,upi,success,2026-03-16
txn_0003791,cust_00039,merch_0141,electronics,2026-05-01 19:07:33,2722.91,dev_4899813274,region_24,card,success,2026-02-23
txn_0001365,cust_00014,merch_0091,travel,2026-05-01 19:27:04,178.59,dev_a3fb82f6fb,region_04,upi,success,2024-12-15
txn_0001506,cust_00015,merch_0159,electronics,2026-05-01 21:47:58,658.12,dev_c85f2cd462,region_11,netbanking,success,2025-04-26
txn_0000709,cust_00006,merch_0037,electronics,2026-05-01 22:22:21,923.36,dev_306b522224,region_20,netbanking,success,2026-02-23
txn_0000047,cust_00000,merch_0029,food_delivery,2026-05-01 22:24:44,1780.31,dev_d8eee72e0e,region_16,card,success,2024-10-19
txn_0003792,cust_00039,merch_0004,digital_goods,2026-05-01 22:33:21,2998.16,dev_4899813274,region_24,upi,success,2026-02-23
txn_0000373,cust_00003,merch_0043,travel,2026-05-01 22:33:37,1273.63,dev_61c49512f5,region_20,upi,success,2025-12-30
txn_0000791,cust_00007,merch_0079,fashion,2026-05-01 22:56:06,688.83,dev_ded833c13d,region_05,upi,success,2026-01-03
txn_0001741,cust_00016,merch_0025,groceries,2026-05-01 22:56:54,1589.81,dev_ff4d7123cb,region_05,card,success,2026-03-16
txn_0000283,cust_00002,merch_0132,groceries,2026-05-01 23:11:14,564.51,dev_c2fe882877,region_21,upi,success,2026-01-21
txn_0003218,cust_00031,merch_0176,electronics,2026-05-02 00:20:38,216.84,dev_b8ce223e2d,region_15,wallet,success,2025-02-16
txn_0002018,cust_00019,merch_0133,home_goods,2026-05-02 00:46:39,548.61,dev_c16cfa8786,region_12,upi,success,2025-12-18
txn_0002016,cust_00019,merch_0155,travel,2026-05-02 00:54:28,301.06,dev_c16cfa8786,region_12,upi,success,2025-12-18
txn_0001244,cust_00013,merch_0121,digital_goods,2026-05-02 01:33:32,1817.13,dev_1e3cfb13fa,region_16,netbanking,success,2025-01-05
txn_0003794,cust_00039,merch_0027,digital_goods,2026-05-02 02:14:31,2922.98,dev_4899813274,region_24,upi,success,2026-02-23
txn_0003106,cust_00029,merch_0021,digital_goods,2026-05-02 02:28:31,88.33,dev_9fe5b185ac,region_04,upi,success,2025-05-28
txn_0003529,cust_00036,merch_0125,fashion,2026-05-02 02:39:37,330.97,dev_f10e01fbae,region_18,upi,success,2026-02-20
txn_0002969,cust_00028,merch_0115,home_goods,2026-05-02 02:39:49,318.44,dev_0fd2ab5f2c,region_20,wallet,success,2025-03-16
txn_0002653,cust_00025,merch_0067,travel,2026-05-02 02:46:38,495.73,dev_c61377a306,region_09,upi,success,2025-08-13
txn_0001512,cust_00015,merch_0024,fashion,2026-05-02 02:48:08,238.77,dev_c85f2cd462,region_11,card,success,2025-04-26
txn_0003260,cust_00032,merch_0157,travel,2026-05-02 03:12:49,2400.38,dev_d8c019dd2b,region_03,card,success,2025-08-21
txn_0001510,cust_00015,merch_0112,electronics,2026-05-02 03:34:50,750.36,dev_c85f2cd462,region_11,upi,success,2025-04-26
txn_0001086,cust_00011,merch_0163,digital_goods,2026-05-02 04:05:12,643.37,dev_d97d35dfcc,region_16,wallet,success,2025-12-23
txn_0001245,cust_00013,merch_0004,digital_goods,2026-05-02 04:12:18,1928.39,dev_1e3cfb13fa,region_16,upi,success,2025-01-05
txn_0002823,cust_00026,merch_0104,travel,2026-05-02 04:13:52,932.02,dev_3d6886d22a,region_08,card,success,2025-12-24
txn_0003707,cust_00038,merch_0094,home_goods,2026-05-02 04:20:25,602.22,dev_52f1883043,region_06,card,success,2025-08-04
txn_0001742,cust_00016,merch_0042,home_goods,2026-05-02 04:34:15,1708.05,dev_ff4d7123cb,region_05,upi,success,2026-03-16
txn_0001154,cust_00012,merch_0066,fashion,2026-05-02 04:42:36,198.11,dev_a68aa3d101,region_17,upi,success,2026-02-15
txn_0001085,cust_00011,merch_0009,travel,2026-05-02 04:53:51,412.87,dev_d97d35dfcc,region_16,netbanking,success,2025-12-23
txn_0000170,cust_00001,merch_0065,food_delivery,2026-05-02 05:50:43,1008.67,dev_8b01cc1cb7,region_11,upi,success,2026-03-16
txn_0000168,cust_00001,merch_0074,travel,2026-05-02 06:15:15,1483.94,dev_8b01cc1cb7,region_11,card,success,2026-03-16
txn_0002234,cust_00021,merch_0160,electronics,2026-05-02 06:23:33,131.32,dev_23cb667f8d,region_17,upi,success,2026-01-27
txn_0002824,cust_00026,merch_0047,groceries,2026-05-02 06:25:32,870.07,dev_3d6886d22a,region_08,upi,success,2025-12-24
txn_0003261,cust_00032,merch_0035,electronics,2026-05-02 06:31:42,1866.31,dev_d8c019dd2b,region_03,card,success,2025-08-21
txn_0002329,cust_00022,merch_0079,fashion,2026-05-02 06:39:18,349.71,dev_a7c1738df4,region_15,card,failed,2026-01-24
txn_0001744,cust_00016,merch_0011,digital_goods,2026-05-02 06:55:34,1547.84,dev_ff4d7123cb,region_05,upi,success,2026-03-16
txn_0000920,cust_00009,merch_0028,digital_goods,2026-05-02 07:04:17,269.37,dev_c5b5464c6f,region_14,card,success,2025-01-09
txn_0002822,cust_00026,merch_0018,home_goods,2026-05-02 07:08:52,772.84,dev_3d6886d22a,region_08,card,success,2025-12-24
txn_0002141,cust_00020,merch_0103,home_goods,2026-05-02 07:22:14,363.46,dev_44ebf7337f,region_16,card,success,2026-02-23
txn_0002330,cust_00022,merch_0087,travel,2026-05-02 07:46:35,691.5,dev_a7c1738df4,region_15,netbanking,success,2026-01-24
txn_0002509,cust_00024,merch_0015,food_delivery,2026-05-02 07:54:59,1037.15,dev_fbb25b4e5c,region_10,card,success,2024-07-18
txn_0000712,cust_00006,merch_0160,electronics,2026-05-02 07:55:25,911.86,dev_306b522224,region_20,card,success,2026-02-23
txn_0003708,cust_00038,merch_0037,electronics,2026-05-02 08:28:58,563.76,dev_52f1883043,region_06,upi,success,2025-08-04
txn_0002420,cust_00023,merch_0066,fashion,2026-05-02 08:29:57,2400.4,dev_ae0251997d,region_13,upi,success,2025-09-03
txn_0001508,cust_00015,merch_0074,travel,2026-05-02 08:50:23,636.34,dev_c85f2cd462,region_11,card,success,2025-04-26
txn_0003216,cust_00031,merch_0013,travel,2026-05-02 09:08:34,490.05,dev_b8ce223e2d,region_15,card,success,2025-02-16
txn_0003428,cust_00035,merch_0050,digital_goods,2026-05-02 10:09:05,696.84,dev_26cb4432c0,region_04,upi,failed,2026-03-06
txn_0000985,cust_00010,merch_0086,electronics,2026-05-02 10:39:42,535.83,dev_f3a63af8f4,region_24,card,success,2025-10-17
txn_0000603,cust_00005,merch_0068,travel,2026-05-02 11:04:11,1420.74,dev_88a6698d70,region_09,card,success,2025-06-11
txn_0000167,cust_00001,merch_0090,home_goods,2026-05-02 11:47:03,1235.38,dev_8b01cc1cb7,region_11,upi,success,2026-03-16
txn_0001511,cust_00015,merch_0073,electronics,2026-05-02 12:03:02,760.65,dev_c85f2cd462,region_11,upi,success,2025-04-26
txn_0000048,cust_00000,merch_0031,home_goods,2026-05-02 12:06:34,1472.81,dev_d8eee72e0e,region_16,upi,success,2024-10-19
txn_0002825,cust_00026,merch_0137,digital_goods,2026-05-02 12:18:54,786.28,dev_3d6886d22a,region_08,upi,success,2025-12-24
txn_0000839,cust_00008,merch_0055,digital_goods,2026-05-02 12:31:43,1417.46,dev_ddb545484a,region_14,card,success,2024-12-23
txn_0002652,cust_00025,merch_0151,fashion,2026-05-02 12:41:01,441.74,dev_c61377a306,region_09,card,success,2025-08-13
txn_0003429,cust_00035,merch_0067,travel,2026-05-02 13:14:16,1078.03,dev_26cb4432c0,region_04,card,success,2026-03-06
txn_0002651,cust_00025,merch_0106,fashion,2026-05-02 13:23:12,455.66,dev_c61377a306,region_09,upi,success,2025-08-13
txn_0001909,cust_00018,merch_0003,food_delivery,2026-05-02 13:38:28,4168.39,dev_e3250f6388,region_07,netbanking,success,2026-02-06
txn_0001509,cust_00015,merch_0114,food_delivery,2026-05-02 13:40:45,629.0,dev_c85f2cd462,region_11,card,success,2025-04-26
txn_0002650,cust_00025,merch_0056,digital_goods,2026-05-02 14:00:02,569.1,dev_c61377a306,region_09,card,success,2025-08-13
txn_0003217,cust_00031,merch_0020,digital_goods,2026-05-02 15:42:56,449.96,dev_b8ce223e2d,region_15,card,success,2025-02-16
txn_0000375,cust_00003,merch_0086,electronics,2026-05-02 15:45:24,1031.92,dev_61c49512f5,region_20,wallet,success,2025-12-30
txn_0000519,cust_00004,merch_0077,home_goods,2026-05-02 15:54:39,938.02,dev_5d98562187,region_22,upi,success,2025-10-27
txn_0000169,cust_00001,merch_0065,food_delivery,2026-05-02 16:16:58,1532.1,dev_8b01cc1cb7,region_11,netbanking,success,2026-03-16
txn_0001246,cust_00013,merch_0033,home_goods,2026-05-02 17:31:13,1890.29,dev_1e3cfb13fa,region_16,card,success,2025-01-05
txn_0001084,cust_00011,merch_0080,food_delivery,2026-05-02 18:04:17,506.38,dev_d97d35dfcc,region_16,upi,success,2025-12-23
txn_0002017,cust_00019,merch_0120,travel,2026-05-02 18:05:50,412.79,dev_c16cfa8786,region_12,upi,success,2025-12-18
txn_0003795,cust_00039,merch_0103,home_goods,2026-05-02 18:11:26,2190.49,dev_4899813274,region_24,upi,success,2026-02-23
txn_0001247,cust_00013,merch_0067,travel,2026-05-02 18:42:57,85.66,dev_1e3cfb13fa,region_16,netbanking,success,2025-01-05
txn_0003105,cust_00029,merch_0091,travel,2026-05-02 19:01:39,116.85,dev_9fe5b185ac,region_04,upi,success,2025-05-28
txn_0000602,cust_00005,merch_0044,groceries,2026-05-02 19:12:18,2307.31,dev_88a6698d70,region_09,netbanking,success,2025-06-11
txn_0001743,cust_00016,merch_0059,digital_goods,2026-05-02 19:33:13,1296.22,dev_ff4d7123cb,region_05,card,success,2026-03-16
txn_0001243,cust_00013,merch_0110,digital_goods,2026-05-02 19:48:22,2214.91,dev_1e3cfb13fa,region_16,upi,success,2025-01-05
txn_0000919,cust_00009,merch_0115,home_goods,2026-05-02 20:09:35,192.75,dev_c5b5464c6f,region_14,upi,success,2025-01-09
txn_0002508,cust_00024,merch_0148,home_goods,2026-05-02 21:28:45,1068.14,dev_fbb25b4e5c,region_10,card,success,2024-07-18
txn_0000984,cust_00010,merch_0112,electronics,2026-05-02 21:41:11,327.27,dev_f3a63af8f4,region_24,card,success,2025-10-17
txn_0002654,cust_00025,merch_0103,home_goods,2026-05-02 21:56:40,577.89,dev_c61377a306,region_09,card,success,2025-08-13
txn_0000376,cust_00003,merch_0173,electronics,2026-05-02 22:52:17,907.0,dev_61c49512f5,region_20,netbanking,success,2025-12-30
txn_0000792,cust_00007,merch_0049,fashion,2026-05-03 00:48:56,587.6,dev_ded833c13d,region_05,upi,success,2026-01-03
txn_0002970,cust_00028,merch_0167,electronics,2026-05-03 00:54:39,227.44,dev_0fd2ab5f2c,region_20,card,success,2025-03-16
txn_0003108,cust_00029,merch_0024,fashion,2026-05-03 01:03:55,345.13,dev_9fe5b185ac,region_04,card,success,2025-05-28
txn_0001248,cust_00013,merch_0162,digital_goods,2026-05-03 01:45:38,2797.99,dev_1e3cfb13fa,region_16,card,success,2025-01-05
txn_0001745,cust_00016,merch_0151,fashion,2026-05-03 02:06:09,909.34,dev_ff4d7123cb,region_05,card,success,2026-03-16
txn_0002972,cust_00028,merch_0163,digital_goods,2026-05-03 02:08:08,261.23,dev_0fd2ab5f2c,region_20,card,success,2025-03-16
txn_0000713,cust_00006,merch_0019,travel,2026-05-03 02:38:05,1273.14,dev_306b522224,region_20,card,success,2026-02-23
txn_0001911,cust_00018,merch_0125,fashion,2026-05-03 02:52:59,12525.75,dev_e3250f6388,region_07,netbanking,success,2026-02-06
txn_0002512,cust_00024,merch_0060,food_delivery,2026-05-03 03:42:10,851.78,dev_fbb25b4e5c,region_10,netbanking,success,2024-07-18
txn_0000520,cust_00004,merch_0024,fashion,2026-05-03 04:37:46,954.73,dev_5d98562187,region_22,netbanking,success,2025-10-27
txn_0000284,cust_00002,merch_0034,home_goods,2026-05-03 05:12:21,806.9,dev_c2fe882877,region_21,upi,success,2026-01-21
txn_0002511,cust_00024,merch_0148,home_goods,2026-05-03 05:57:17,265.6,dev_fbb25b4e5c,region_10,card,success,2024-07-18
txn_0002020,cust_00019,merch_0130,food_delivery,2026-05-03 06:34:17,418.36,dev_c16cfa8786,region_12,card,success,2025-12-18
txn_0002019,cust_00019,merch_0129,digital_goods,2026-05-03 06:35:41,405.88,dev_c16cfa8786,region_12,card,success,2025-12-18
txn_0000986,cust_00010,merch_0111,digital_goods,2026-05-03 07:05:18,55.75,dev_f3a63af8f4,region_24,upi,success,2025-10-17
txn_0001516,cust_00015,merch_0033,home_goods,2026-05-03 08:02:14,479.08,dev_c85f2cd462,region_11,card,success,2025-04-26
txn_0001746,cust_00016,merch_0113,food_delivery,2026-05-03 08:16:32,1500.24,dev_ff4d7123cb,region_05,card,success,2026-03-16
txn_0002142,cust_00020,merch_0161,food_delivery,2026-05-03 09:01:17,645.51,dev_44ebf7337f,region_16,card,success,2026-02-23
txn_0000049,cust_00000,merch_0062,groceries,2026-05-03 09:07:29,1505.4,dev_d8eee72e0e,region_16,upi,success,2024-10-19
txn_0002422,cust_00023,merch_0147,food_delivery,2026-05-03 09:11:20,2126.09,dev_ae0251997d,region_13,card,failed,2025-09-03
txn_0001513,cust_00015,merch_0130,food_delivery,2026-05-03 09:26:32,133.93,dev_c85f2cd462,region_11,netbanking,success,2025-04-26
txn_0003333,cust_00034,merch_0034,home_goods,2026-05-03 10:33:29,1230.06,dev_b983ceccdc,region_23,card,success,2025-12-14
txn_0002657,cust_00025,merch_0148,home_goods,2026-05-03 11:10:19,667.73,dev_c61377a306,region_09,card,success,2025-08-13
txn_0001517,cust_00015,merch_0114,food_delivery,2026-05-03 11:13:11,896.83,dev_c85f2cd462,region_11,netbanking,success,2025-04-26
txn_0002421,cust_00023,merch_0079,fashion,2026-05-03 11:56:00,884.0,dev_ae0251997d,region_13,netbanking,success,2025-09-03
txn_0000173,cust_00001,merch_0009,travel,2026-05-03 12:09:18,1810.01,dev_8b01cc1cb7,region_11,wallet,success,2026-03-16
txn_0000714,cust_00006,merch_0026,digital_goods,2026-05-03 12:38:08,524.14,dev_306b522224,region_20,card,success,2026-02-23
txn_0001155,cust_00012,merch_0135,home_goods,2026-05-03 12:52:14,174.93,dev_a68aa3d101,region_17,netbanking,success,2026-02-15
txn_0001087,cust_00011,merch_0158,groceries,2026-05-03 12:57:32,382.92,dev_d97d35dfcc,region_16,upi,success,2025-12-23
txn_0002331,cust_00022,merch_0134,electronics,2026-05-03 12:57:39,195.46,dev_a7c1738df4,region_15,card,success,2026-01-24
txn_0002510,cust_00024,merch_0106,fashion,2026-05-03 13:54:33,781.73,dev_fbb25b4e5c,region_10,card,success,2024-07-18
txn_0001910,cust_00018,merch_0166,groceries,2026-05-03 14:09:40,9543.87,dev_e3250f6388,region_07,upi,success,2026-02-06
txn_0002656,cust_00025,merch_0163,digital_goods,2026-05-03 14:33:48,510.03,dev_c61377a306,region_09,netbanking,success,2025-08-13
txn_0002973,cust_00028,merch_0008,travel,2026-05-03 15:29:58,603.19,dev_0fd2ab5f2c,region_20,upi,success,2025-03-16
txn_0002658,cust_00025,merch_0137,digital_goods,2026-05-03 15:41:04,713.48,dev_c61377a306,region_09,card,success,2025-08-13
txn_0003530,cust_00036,merch_0131,electronics,2026-05-03 15:42:03,276.91,dev_f10e01fbae,region_18,card,success,2026-02-20
txn_0002655,cust_00025,merch_0131,electronics,2026-05-03 15:56:03,577.72,dev_c61377a306,region_09,card,success,2025-08-13
txn_0003107,cust_00029,merch_0063,groceries,2026-05-03 16:15:51,340.8,dev_9fe5b185ac,region_04,card,success,2025-05-28
txn_0003332,cust_00034,merch_0120,travel,2026-05-03 16:20:53,1594.73,dev_b983ceccdc,region_23,card,success,2025-12-14
txn_0000521,cust_00004,merch_0148,home_goods,2026-05-03 16:24:45,1205.81,dev_5d98562187,region_22,upi,success,2025-10-27
txn_0000715,cust_00006,merch_0006,food_delivery,2026-05-03 16:34:25,280.5,dev_306b522224,region_20,card,success,2026-02-23
txn_0000840,cust_00008,merch_0102,food_delivery,2026-05-03 17:04:12,914.53,dev_ddb545484a,region_14,wallet,success,2024-12-23
txn_0000171,cust_00001,merch_0137,digital_goods,2026-05-03 17:22:53,1855.14,dev_8b01cc1cb7,region_11,wallet,success,2026-03-16
txn_0002975,cust_00028,merch_0160,electronics,2026-05-03 18:09:52,313.86,dev_0fd2ab5f2c,region_20,card,success,2025-03-16
txn_0001249,cust_00013,merch_0052,food_delivery,2026-05-03 18:36:54,3517.04,dev_1e3cfb13fa,region_16,card,success,2025-01-05
txn_0002971,cust_00028,merch_0119,home_goods,2026-05-03 18:37:12,472.98,dev_0fd2ab5f2c,region_20,upi,success,2025-03-16
txn_0001514,cust_00015,merch_0010,food_delivery,2026-05-03 18:58:07,639.31,dev_c85f2cd462,region_11,upi,failed,2025-04-26
txn_0000172,cust_00001,merch_0127,groceries,2026-05-03 20:27:55,2659.04,dev_8b01cc1cb7,region_11,card,success,2026-03-16
txn_0002826,cust_00026,merch_0045,home_goods,2026-05-03 20:51:44,424.63,dev_3d6886d22a,region_08,card,success,2025-12-24
txn_0002513,cust_00024,merch_0073,electronics,2026-05-03 20:58:28,951.53,dev_fbb25b4e5c,region_10,netbanking,success,2024-07-18
txn_0000841,cust_00008,merch_0013,travel,2026-05-03 21:04:48,1468.94,dev_ddb545484a,region_14,wallet,success,2024-12-23
txn_0003796,cust_00039,merch_0050,digital_goods,2026-05-03 21:24:55,3181.45,dev_4899813274,region_24,upi,failed,2026-02-23
txn_0001865,cust_00017,merch_0140,food_delivery,2026-05-03 21:32:02,110.14,dev_e5dfc6a9a5,region_12,card,success,2026-01-13
txn_0002974,cust_00028,merch_0053,travel,2026-05-03 21:47:35,379.22,dev_0fd2ab5f2c,region_20,card,success,2025-03-16
txn_0001515,cust_00015,merch_0049,fashion,2026-05-03 23:32:53,641.19,dev_c85f2cd462,region_11,card,success,2025-04-26
txn_0002662,cust_00025,merch_0166,groceries,2026-05-04 00:23:02,392.88,dev_c61377a306,region_09,card,success,2025-08-13
txn_0000605,cust_00005,merch_0154,digital_goods,2026-05-04 00:45:43,973.92,dev_88a6698d70,region_09,upi,failed,2025-06-11
txn_0000989,cust_00010,merch_0131,electronics,2026-05-04 00:46:44,670.21,dev_f3a63af8f4,region_24,upi,success,2025-10-17
txn_0001093,cust_00011,merch_0043,travel,2026-05-04 00:58:26,548.97,dev_d97d35dfcc,region_16,card,success,2025-12-23
txn_0001519,cust_00015,merch_0129,digital_goods,2026-05-04 01:19:23,682.18,dev_c85f2cd462,region_11,card,success,2025-04-26
txn_0002021,cust_00019,merch_0082,groceries,2026-05-04 02:02:42,426.51,dev_c16cfa8786,region_12,card,success,2025-12-18
txn_0001518,cust_00015,merch_0122,electronics,2026-05-04 02:30:05,588.69,dev_c85f2cd462,region_11,wallet,success,2025-04-26
txn_0001251,cust_00013,merch_0119,home_goods,2026-05-04 02:35:17,3722.95,dev_1e3cfb13fa,region_16,upi,success,2025-01-05
txn_0001091,cust_00011,merch_0079,fashion,2026-05-04 02:49:18,588.06,dev_d97d35dfcc,region_16,card,success,2025-12-23
txn_0002514,cust_00024,merch_0155,travel,2026-05-04 03:33:57,1105.5,dev_fbb25b4e5c,region_10,upi,success,2024-07-18
txn_0001747,cust_00016,merch_0132,groceries,2026-05-04 04:04:25,899.03,dev_ff4d7123cb,region_05,upi,success,2026-03-16
txn_0003110,cust_00029,merch_0100,groceries,2026-05-04 04:20:09,424.37,dev_9fe5b185ac,region_04,upi,success,2025-05-28
txn_0000522,cust_00004,merch_0147,food_delivery,2026-05-04 04:44:43,1425.63,dev_5d98562187,region_22,card,success,2025-10-27
txn_0003430,cust_00035,merch_0153,electronics,2026-05-04 05:05:19,777.45,dev_26cb4432c0,region_04,card,success,2026-03-06
txn_0003174,cust_00030,merch_0073,electronics,2026-05-04 05:05:46,314.21,dev_b012ae2533,region_04,upi,success,2025-01-10
txn_0001092,cust_00011,merch_0124,electronics,2026-05-04 05:09:12,144.99,dev_d97d35dfcc,region_16,upi,success,2025-12-23
txn_0001366,cust_00014,merch_0115,home_goods,2026-05-04 05:34:24,82.19,dev_a3fb82f6fb,region_04,netbanking,success,2024-12-15
txn_0002827,cust_00026,merch_0146,food_delivery,2026-05-04 06:08:44,613.43,dev_3d6886d22a,region_08,upi,success,2025-12-24
txn_0000716,cust_00006,merch_0131,electronics,2026-05-04 06:22:43,828.99,dev_306b522224,region_20,upi,success,2026-02-23
txn_0002977,cust_00028,merch_0124,electronics,2026-05-04 06:25:43,351.04,dev_0fd2ab5f2c,region_20,card,success,2025-03-16
txn_0000717,cust_00006,merch_0102,food_delivery,2026-05-04 06:26:44,1134.41,dev_306b522224,region_20,card,success,2026-02-23
txn_0001089,cust_00011,merch_0037,electronics,2026-05-04 06:48:06,688.47,dev_d97d35dfcc,region_16,upi,success,2025-12-23
txn_0003709,cust_00038,merch_0034,home_goods,2026-05-04 07:19:12,890.67,dev_52f1883043,region_06,card,success,2025-08-04
txn_0002976,cust_00028,merch_0047,groceries,2026-05-04 07:52:54,596.19,dev_0fd2ab5f2c,region_20,wallet,success,2025-03-16
txn_0003112,cust_00029,merch_0119,home_goods,2026-05-04 08:06:39,543.26,dev_9fe5b185ac,region_04,upi,success,2025-05-28
txn_0000987,cust_00010,merch_0131,electronics,2026-05-04 08:20:18,507.91,dev_f3a63af8f4,region_24,upi,success,2025-10-17
txn_0001156,cust_00012,merch_0044,groceries,2026-05-04 08:34:39,196.59,dev_a68aa3d101,region_17,upi,success,2026-02-15
txn_0001253,cust_00013,merch_0110,digital_goods,2026-05-04 09:19:15,878.77,dev_1e3cfb13fa,region_16,card,success,2025-01-05
txn_0001250,cust_00013,merch_0120,travel,2026-05-04 09:19:36,2673.99,dev_1e3cfb13fa,region_16,upi,success,2025-01-05
txn_0000176,cust_00001,merch_0175,groceries,2026-05-04 09:45:02,1958.21,dev_8b01cc1cb7,region_11,netbanking,success,2026-03-16
txn_0000718,cust_00006,merch_0005,electronics,2026-05-04 09:49:12,407.26,dev_306b522224,region_20,card,success,2026-02-23
txn_0001912,cust_00018,merch_0157,travel,2026-05-04 10:14:40,3160.78,dev_e3250f6388,region_07,upi,success,2026-02-06
txn_0000604,cust_00005,merch_0073,electronics,2026-05-04 10:15:44,972.89,dev_88a6698d70,region_09,upi,success,2025-06-11
txn_0001094,cust_00011,merch_0114,food_delivery,2026-05-04 10:17:37,547.22,dev_d97d35dfcc,region_16,card,success,2025-12-23
txn_0001866,cust_00017,merch_0062,groceries,2026-05-04 11:11:43,175.85,dev_e5dfc6a9a5,region_12,upi,success,2026-01-13
txn_0003710,cust_00038,merch_0123,fashion,2026-05-04 11:19:00,198.33,dev_52f1883043,region_06,upi,success,2025-08-04
txn_0001252,cust_00013,merch_0160,electronics,2026-05-04 11:40:56,589.23,dev_1e3cfb13fa,region_16,wallet,success,2025-01-05
txn_0002659,cust_00025,merch_0006,food_delivery,2026-05-04 13:01:14,541.41,dev_c61377a306,region_09,upi,success,2025-08-13
txn_0002332,cust_00022,merch_0162,digital_goods,2026-05-04 13:19:20,722.5,dev_a7c1738df4,region_15,card,success,2026-01-24
txn_0003109,cust_00029,merch_0142,fashion,2026-05-04 13:20:23,489.41,dev_9fe5b185ac,region_04,card,success,2025-05-28
txn_0002516,cust_00024,merch_0099,fashion,2026-05-04 13:56:45,803.28,dev_fbb25b4e5c,region_10,card,success,2024-07-18
txn_0001088,cust_00011,merch_0037,electronics,2026-05-04 14:18:03,514.84,dev_d97d35dfcc,region_16,netbanking,success,2025-12-23
txn_0000175,cust_00001,merch_0014,digital_goods,2026-05-04 14:44:48,2268.84,dev_8b01cc1cb7,region_11,upi,success,2026-03-16
txn_0000377,cust_00003,merch_0122,electronics,2026-05-04 14:57:45,964.24,dev_61c49512f5,region_20,upi,success,2025-12-30
txn_0001748,cust_00016,merch_0051,fashion,2026-05-04 15:35:42,1145.0,dev_ff4d7123cb,region_05,card,success,2026-03-16
txn_0000922,cust_00009,merch_0037,electronics,2026-05-04 16:05:24,305.3,dev_c5b5464c6f,region_14,upi,success,2025-01-09
txn_0000921,cust_00009,merch_0039,fashion,2026-05-04 17:09:40,256.22,dev_c5b5464c6f,region_14,card,success,2025-01-09
txn_0001157,cust_00012,merch_0170,electronics,2026-05-04 17:11:31,149.05,dev_a68aa3d101,region_17,upi,success,2026-02-15
txn_0000174,cust_00001,merch_0164,travel,2026-05-04 17:59:15,1313.53,dev_8b01cc1cb7,region_11,netbanking,success,2026-03-16
txn_0002333,cust_00022,merch_0111,digital_goods,2026-05-04 18:07:01,477.87,dev_a7c1738df4,region_15,upi,success,2026-01-24
txn_0002515,cust_00024,merch_0137,digital_goods,2026-05-04 19:13:07,266.8,dev_fbb25b4e5c,region_10,upi,success,2024-07-18
txn_0002828,cust_00026,merch_0109,food_delivery,2026-05-04 19:19:10,753.45,dev_3d6886d22a,region_08,netbanking,success,2025-12-24
txn_0000988,cust_00010,merch_0164,travel,2026-05-04 20:03:16,476.22,dev_f3a63af8f4,region_24,card,success,2025-10-17
txn_0000177,cust_00001,merch_0031,home_goods,2026-05-04 20:04:50,1023.53,dev_8b01cc1cb7,region_11,upi,success,2026-03-16
txn_0001867,cust_00017,merch_0069,electronics,2026-05-04 20:13:42,113.41,dev_e5dfc6a9a5,region_12,card,success,2026-01-13
txn_0001254,cust_00013,merch_0081,fashion,2026-05-04 21:41:58,1001.77,dev_1e3cfb13fa,region_16,card,success,2025-01-05
txn_0003111,cust_00029,merch_0178,travel,2026-05-04 21:43:24,775.38,dev_9fe5b185ac,region_04,card,success,2025-05-28
txn_0002660,cust_00025,merch_0060,food_delivery,2026-05-04 21:48:51,856.06,dev_c61377a306,region_09,card,success,2025-08-13
txn_0001913,cust_00018,merch_0086,electronics,2026-05-04 21:55:45,5679.62,dev_e3250f6388,region_07,upi,success,2026-02-06
txn_0000378,cust_00003,merch_0019,travel,2026-05-04 22:12:29,750.0,dev_61c49512f5,region_20,upi,success,2025-12-30
txn_0002423,cust_00023,merch_0142,fashion,2026-05-04 22:12:39,2123.18,dev_ae0251997d,region_13,card,success,2025-09-03
txn_0002661,cust_00025,merch_0080,food_delivery,2026-05-04 23:01:14,551.23,dev_c61377a306,region_09,card,success,2025-08-13
txn_0001090,cust_00011,merch_0070,home_goods,2026-05-04 23:08:56,443.55,dev_d97d35dfcc,region_16,card,success,2025-12-23
txn_0003614,cust_00037,merch_0059,digital_goods,2026-05-05 00:08:02,331.12,dev_e5a094c0cb,region_22,card,success,2026-03-22
txn_0002022,cust_00019,merch_0143,electronics,2026-05-05 00:37:56,385.48,dev_c16cfa8786,region_12,card,success,2025-12-18
txn_0002664,cust_00025,merch_0177,fashion,2026-05-05 01:34:28,408.1,dev_c61377a306,region_09,upi,success,2025-08-13
txn_0000924,cust_00009,merch_0145,digital_goods,2026-05-05 01:53:20,195.64,dev_c5b5464c6f,region_14,netbanking,success,2025-01-09
txn_0001521,cust_00015,merch_0000,travel,2026-05-05 02:26:56,1068.25,dev_c85f2cd462,region_11,netbanking,success,2025-04-26
txn_0003613,cust_00037,merch_0021,digital_goods,2026-05-05 02:42:23,187.43,dev_e5a094c0cb,region_22,card,success,2026-03-22
txn_0003114,cust_00029,merch_0124,electronics,2026-05-05 02:43:48,616.81,dev_9fe5b185ac,region_04,upi,failed,2025-05-28
txn_0001255,cust_00013,merch_0113,food_delivery,2026-05-05 03:03:51,1369.41,dev_1e3cfb13fa,region_16,card,success,2025-01-05
txn_0002665,cust_00025,merch_0027,digital_goods,2026-05-05 04:15:31,435.57,dev_c61377a306,region_09,card,success,2025-08-13
txn_0003334,cust_00034,merch_0073,electronics,2026-05-05 04:34:08,1661.46,dev_b983ceccdc,region_23,card,success,2025-12-14
txn_0002663,cust_00025,merch_0073,electronics,2026-05-05 05:34:48,517.48,dev_c61377a306,region_09,upi,success,2025-08-13
txn_0001096,cust_00011,merch_0063,groceries,2026-05-05 05:47:47,453.62,dev_d97d35dfcc,region_16,card,success,2025-12-23
txn_0003219,cust_00031,merch_0024,fashion,2026-05-05 05:48:30,450.82,dev_b8ce223e2d,region_15,card,success,2025-02-16
txn_0002980,cust_00028,merch_0108,food_delivery,2026-05-05 06:01:18,524.14,dev_0fd2ab5f2c,region_20,wallet,success,2025-03-16
txn_0001522,cust_00015,merch_0095,digital_goods,2026-05-05 06:53:53,1046.78,dev_c85f2cd462,region_11,upi,success,2025-04-26
txn_0002829,cust_00026,merch_0075,travel,2026-05-05 07:05:40,660.92,dev_3d6886d22a,region_08,card,success,2025-12-24
txn_0002517,cust_00024,merch_0116,groceries,2026-05-05 07:39:53,1165.37,dev_fbb25b4e5c,region_10,card,success,2024-07-18
txn_0001098,cust_00011,merch_0101,digital_goods,2026-05-05 08:50:58,628.92,dev_d97d35dfcc,region_16,upi,success,2025-12-23
txn_0001095,cust_00011,merch_0092,travel,2026-05-05 09:07:34,674.77,dev_d97d35dfcc,region_16,upi,success,2025-12-23
txn_0003221,cust_00031,merch_0083,digital_goods,2026-05-05 09:18:34,513.09,dev_b8ce223e2d,region_15,card,failed,2025-02-16
txn_0001520,cust_00015,merch_0026,digital_goods,2026-05-05 09:27:31,873.93,dev_c85f2cd462,region_11,netbanking,failed,2025-04-26
txn_0000050,cust_00000,merch_0118,groceries,2026-05-05 09:32:38,1893.84,dev_d8eee72e0e,region_16,upi,success,2024-10-19
txn_0000381,cust_00003,merch_0087,travel,2026-05-05 09:46:10,1203.38,dev_61c49512f5,region_20,card,success,2025-12-30
txn_0001523,cust_00015,merch_0133,home_goods,2026-05-05 09:49:21,432.36,dev_c85f2cd462,region_11,card,success,2025-04-26
txn_0001256,cust_00013,merch_0177,fashion,2026-05-05 09:54:21,790.05,dev_1e3cfb13fa,region_16,card,failed,2025-01-05
txn_0002335,cust_00022,merch_0169,electronics,2026-05-05 09:55:07,848.7,dev_a7c1738df4,region_15,netbanking,success,2026-01-24
txn_0000607,cust_00005,merch_0029,food_delivery,2026-05-05 09:59:01,511.66,dev_88a6698d70,region_09,card,success,2025-06-11
txn_0001257,cust_00013,merch_0147,food_delivery,2026-05-05 10:10:02,1684.59,dev_1e3cfb13fa,region_16,card,success,2025-01-05
txn_0002981,cust_00028,merch_0057,digital_goods,2026-05-05 10:16:39,454.1,dev_0fd2ab5f2c,region_20,upi,success,2025-03-16
txn_0000925,cust_00009,merch_0013,travel,2026-05-05 10:21:53,241.88,dev_c5b5464c6f,region_14,card,success,2025-01-09
txn_0000842,cust_00008,merch_0149,electronics,2026-05-05 10:29:28,538.56,dev_ddb545484a,region_14,card,success,2024-12-23
txn_0002236,cust_00021,merch_0117,groceries,2026-05-05 11:00:05,139.98,dev_23cb667f8d,region_17,upi,success,2026-01-27
txn_0003115,cust_00029,merch_0049,fashion,2026-05-05 11:11:45,402.87,dev_9fe5b185ac,region_04,upi,success,2025-05-28
txn_0003220,cust_00031,merch_0028,digital_goods,2026-05-05 11:17:17,300.89,dev_b8ce223e2d,region_15,card,success,2025-02-16
txn_0001097,cust_00011,merch_0029,food_delivery,2026-05-05 12:41:18,395.35,dev_d97d35dfcc,region_16,card,success,2025-12-23
txn_0002982,cust_00028,merch_0012,food_delivery,2026-05-05 13:20:36,674.97,dev_0fd2ab5f2c,region_20,upi,success,2025-03-16
txn_0002143,cust_00020,merch_0126,food_delivery,2026-05-05 13:38:50,570.49,dev_44ebf7337f,region_16,card,success,2026-02-23
txn_0003113,cust_00029,merch_0073,electronics,2026-05-05 14:03:59,606.47,dev_9fe5b185ac,region_04,card,success,2025-05-28
txn_0000923,cust_00009,merch_0142,fashion,2026-05-05 14:23:51,270.78,dev_c5b5464c6f,region_14,card,success,2025-01-09
txn_0000523,cust_00004,merch_0084,home_goods,2026-05-05 15:55:12,1207.14,dev_5d98562187,region_22,upi,success,2025-10-27
txn_0002235,cust_00021,merch_0073,electronics,2026-05-05 15:58:00,240.9,dev_23cb667f8d,region_17,card,success,2026-01-27
txn_0003797,cust_00039,merch_0125,fashion,2026-05-05 16:30:35,4174.16,dev_4899813274,region_24,card,success,2026-02-23
txn_0003615,cust_00037,merch_0005,electronics,2026-05-05 17:26:53,528.1,dev_e5a094c0cb,region_22,upi,success,2026-03-22
txn_0000606,cust_00005,merch_0089,fashion,2026-05-05 17:43:50,2174.61,dev_88a6698d70,region_09,wallet,success,2025-06-11
txn_0000382,cust_00003,merch_0045,home_goods,2026-05-05 17:44:23,946.55,dev_61c49512f5,region_20,card,success,2025-12-30
txn_0001868,cust_00017,merch_0118,groceries,2026-05-05 18:00:22,215.29,dev_e5dfc6a9a5,region_12,card,success,2026-01-13
txn_0000178,cust_00001,merch_0045,home_goods,2026-05-05 18:05:34,776.73,dev_8b01cc1cb7,region_11,wallet,success,2026-03-16
txn_0000608,cust_00005,merch_0089,fashion,2026-05-05 18:32:09,1431.85,dev_88a6698d70,region_09,card,success,2025-06-11
txn_0002978,cust_00028,merch_0026,digital_goods,2026-05-05 18:46:50,477.25,dev_0fd2ab5f2c,region_20,upi,success,2025-03-16
txn_0002979,cust_00028,merch_0064,food_delivery,2026-05-05 18:59:48,567.28,dev_0fd2ab5f2c,region_20,upi,success,2025-03-16
txn_0003432,cust_00035,merch_0135,home_goods,2026-05-05 19:39:08,736.69,dev_26cb4432c0,region_04,card,success,2026-03-06
txn_0000380,cust_00003,merch_0160,electronics,2026-05-05 19:50:13,1036.72,dev_61c49512f5,region_20,netbanking,success,2025-12-30
txn_0003431,cust_00035,merch_0130,food_delivery,2026-05-05 20:12:02,1043.52,dev_26cb4432c0,region_04,upi,failed,2026-03-06
txn_0002336,cust_00022,merch_0112,electronics,2026-05-05 20:23:47,854.9,dev_a7c1738df4,region_15,card,failed,2026-01-24
txn_0000379,cust_00003,merch_0000,travel,2026-05-05 21:28:48,1126.87,dev_61c49512f5,region_20,netbanking,success,2025-12-30
txn_0002334,cust_00022,merch_0060,food_delivery,2026-05-05 22:14:00,330.02,dev_a7c1738df4,region_15,card,success,2026-01-24
txn_0003433,cust_00035,merch_0131,electronics,2026-05-05 22:23:07,682.29,dev_26cb4432c0,region_04,card,success,2026-03-06
txn_0002144,cust_00020,merch_0035,electronics,2026-05-05 22:23:08,663.52,dev_44ebf7337f,region_16,card,success,2026-02-23
txn_0002424,cust_00023,merch_0144,groceries,2026-05-05 22:43:32,2998.37,dev_ae0251997d,region_13,upi,failed,2025-09-03
txn_0002518,cust_00024,merch_0131,electronics,2026-05-06 00:33:52,387.13,dev_fbb25b4e5c,region_10,netbanking,success,2024-07-18
txn_0002668,cust_00025,merch_0081,fashion,2026-05-06 00:48:19,723.44,dev_c61377a306,region_09,card,success,2025-08-13
txn_0000052,cust_00000,merch_0126,food_delivery,2026-05-06 00:59:10,1434.28,dev_d8eee72e0e,region_16,upi,success,2024-10-19
txn_0000383,cust_00003,merch_0057,digital_goods,2026-05-06 01:12:09,1072.26,dev_61c49512f5,region_20,upi,success,2025-12-30
txn_0001158,cust_00012,merch_0133,home_goods,2026-05-06 01:25:07,129.97,dev_a68aa3d101,region_17,upi,success,2026-02-15
txn_0003116,cust_00029,merch_0029,food_delivery,2026-05-06 01:57:29,821.03,dev_9fe5b185ac,region_04,upi,success,2025-05-28
txn_0002831,cust_00026,merch_0029,food_delivery,2026-05-06 02:39:26,449.35,dev_3d6886d22a,region_08,card,success,2025-12-24
txn_0000611,cust_00005,merch_0023,food_delivery,2026-05-06 02:44:22,591.42,dev_88a6698d70,region_09,upi,success,2025-06-11
txn_0002238,cust_00021,merch_0146,food_delivery,2026-05-06 03:05:26,225.58,dev_23cb667f8d,region_17,upi,success,2026-01-27
txn_0003335,cust_00034,merch_0157,travel,2026-05-06 03:11:26,1753.96,dev_b983ceccdc,region_23,card,success,2025-12-14
txn_0002519,cust_00024,merch_0177,fashion,2026-05-06 03:11:57,177.3,dev_fbb25b4e5c,region_10,card,success,2024-07-18
txn_0002983,cust_00028,merch_0098,electronics,2026-05-06 03:20:03,582.94,dev_0fd2ab5f2c,region_20,upi,failed,2025-03-16
txn_0001869,cust_00017,merch_0145,digital_goods,2026-05-06 03:37:46,146.33,dev_e5dfc6a9a5,region_12,wallet,success,2026-01-13
txn_0002237,cust_00021,merch_0160,electronics,2026-05-06 03:44:00,249.94,dev_23cb667f8d,region_17,card,success,2026-01-27
txn_0001367,cust_00014,merch_0011,digital_goods,2026-05-06 04:08:39,175.07,dev_a3fb82f6fb,region_04,card,success,2024-12-15
txn_0000793,cust_00007,merch_0041,digital_goods,2026-05-06 04:14:45,297.01,dev_ded833c13d,region_05,upi,failed,2026-01-03
txn_0000526,cust_00004,merch_0165,groceries,2026-05-06 04:21:46,866.76,dev_5d98562187,region_22,upi,success,2025-10-27
txn_0003117,cust_00029,merch_0146,food_delivery,2026-05-06 04:29:30,474.5,dev_9fe5b185ac,region_04,card,success,2025-05-28
txn_0003713,cust_00038,merch_0127,groceries,2026-05-06 04:39:52,555.62,dev_52f1883043,region_06,netbanking,failed,2025-08-04
txn_0000181,cust_00001,merch_0112,electronics,2026-05-06 04:43:47,921.24,dev_8b01cc1cb7,region_11,upi,success,2026-03-16
txn_0002147,cust_00020,merch_0133,home_goods,2026-05-06 04:50:31,1031.59,dev_44ebf7337f,region_16,upi,success,2026-02-23
txn_0002146,cust_00020,merch_0107,groceries,2026-05-06 04:57:57,656.08,dev_44ebf7337f,region_16,card,success,2026-02-23
txn_0001524,cust_00015,merch_0106,fashion,2026-05-06 05:00:24,1079.48,dev_c85f2cd462,region_11,netbanking,success,2025-04-26
txn_0003714,cust_00038,merch_0175,groceries,2026-05-06 05:42:06,330.32,dev_52f1883043,region_06,upi,success,2025-08-04
txn_0003118,cust_00029,merch_0041,digital_goods,2026-05-06 07:23:36,797.26,dev_9fe5b185ac,region_04,upi,success,2025-05-28
txn_0002830,cust_00026,merch_0009,travel,2026-05-06 07:30:50,667.42,dev_3d6886d22a,region_08,card,success,2025-12-24
txn_0001870,cust_00017,merch_0153,electronics,2026-05-06 08:13:19,126.92,dev_e5dfc6a9a5,region_12,card,success,2026-01-13
txn_0001261,cust_00013,merch_0057,digital_goods,2026-05-06 08:13:21,1798.95,dev_1e3cfb13fa,region_16,card,failed,2025-01-05
txn_0000844,cust_00008,merch_0137,digital_goods,2026-05-06 08:36:23,1543.0,dev_ddb545484a,region_14,card,success,2024-12-23
txn_0000179,cust_00001,merch_0174,groceries,2026-05-06 08:54:17,693.13,dev_8b01cc1cb7,region_11,card,success,2026-03-16
txn_0000843,cust_00008,merch_0108,food_delivery,2026-05-06 09:04:09,1277.89,dev_ddb545484a,region_14,wallet,failed,2024-12-23
txn_0000524,cust_00004,merch_0034,home_goods,2026-05-06 09:10:06,1147.15,dev_5d98562187,region_22,card,success,2025-10-27
txn_0002023,cust_00019,merch_0099,fashion,2026-05-06 09:25:29,391.8,dev_c16cfa8786,region_12,upi,success,2025-12-18
txn_0001751,cust_00016,merch_0091,travel,2026-05-06 09:40:40,1181.32,dev_ff4d7123cb,region_05,card,success,2026-03-16
txn_0002833,cust_00026,merch_0156,digital_goods,2026-05-06 09:41:38,669.98,dev_3d6886d22a,region_08,wallet,success,2025-12-24
txn_0001262,cust_00013,merch_0055,digital_goods,2026-05-06 09:55:33,505.13,dev_1e3cfb13fa,region_16,card,success,2025-01-05
txn_0000927,cust_00009,merch_0176,electronics,2026-05-06 09:57:38,265.57,dev_c5b5464c6f,region_14,upi,success,2025-01-09
txn_0003712,cust_00038,merch_0102,food_delivery,2026-05-06 10:37:03,445.72,dev_52f1883043,region_06,upi,success,2025-08-04
txn_0001752,cust_00016,merch_0098,electronics,2026-05-06 10:49:36,1382.98,dev_ff4d7123cb,region_05,card,success,2026-03-16
txn_0003283,cust_00033,merch_0080,food_delivery,2026-05-06 11:10:41,4339.38,dev_3b4c2de63a,region_09,card,success,2025-12-09
txn_0003175,cust_00030,merch_0142,fashion,2026-05-06 11:17:56,402.52,dev_b012ae2533,region_04,upi,success,2025-01-10
txn_0003531,cust_00036,merch_0123,fashion,2026-05-06 11:21:25,233.59,dev_f10e01fbae,region_18,card,success,2026-02-20
txn_0001749,cust_00016,merch_0154,digital_goods,2026-05-06 11:34:15,2224.99,dev_ff4d7123cb,region_05,upi,success,2026-03-16
txn_0001258,cust_00013,merch_0143,electronics,2026-05-06 11:50:08,2940.67,dev_1e3cfb13fa,region_16,upi,success,2025-01-05
txn_0000610,cust_00005,merch_0132,groceries,2026-05-06 11:57:21,1281.66,dev_88a6698d70,region_09,card,success,2025-06-11
txn_0003336,cust_00034,merch_0106,fashion,2026-05-06 11:59:26,1137.52,dev_b983ceccdc,region_23,card,success,2025-12-14
txn_0001259,cust_00013,merch_0021,digital_goods,2026-05-06 12:37:47,1417.95,dev_1e3cfb13fa,region_16,upi,success,2025-01-05
txn_0000609,cust_00005,merch_0062,groceries,2026-05-06 13:03:07,918.17,dev_88a6698d70,region_09,card,failed,2025-06-11
txn_0002145,cust_00020,merch_0088,groceries,2026-05-06 13:07:09,830.39,dev_b993633b42,region_20,card,success,2026-02-23
txn_0002986,cust_00028,merch_0041,digital_goods,2026-05-06 14:21:38,495.3,dev_0fd2ab5f2c,region_20,upi,success,2025-03-16
txn_0002024,cust_00019,merch_0152,electronics,2026-05-06 14:23:38,304.69,dev_c16cfa8786,region_12,netbanking,success,2025-12-18
txn_0003434,cust_00035,merch_0110,digital_goods,2026-05-06 14:43:23,682.24,dev_26cb4432c0,region_04,card,success,2026-03-06
txn_0001753,cust_00016,merch_0118,groceries,2026-05-06 15:22:16,1570.13,dev_ff4d7123cb,region_05,card,success,2026-03-16
txn_0002667,cust_00025,merch_0096,digital_goods,2026-05-06 15:33:18,539.36,dev_c61377a306,region_09,netbanking,success,2025-08-13
txn_0003282,cust_00033,merch_0176,electronics,2026-05-06 15:53:29,5659.6,dev_3b4c2de63a,region_09,upi,success,2025-12-09
txn_0003222,cust_00031,merch_0118,groceries,2026-05-06 16:02:37,401.4,dev_b8ce223e2d,region_15,upi,success,2025-02-16
txn_0000525,cust_00004,merch_0112,electronics,2026-05-06 16:12:31,1196.35,dev_5d98562187,region_22,upi,success,2025-10-27
txn_0002984,cust_00028,merch_0171,food_delivery,2026-05-06 16:20:47,551.14,dev_0fd2ab5f2c,region_20,card,success,2025-03-16
txn_0001159,cust_00012,merch_0081,fashion,2026-05-06 16:32:22,123.23,dev_a68aa3d101,region_17,netbanking,success,2026-02-15
txn_0001100,cust_00011,merch_0057,digital_goods,2026-05-06 18:05:22,478.94,dev_d97d35dfcc,region_16,netbanking,success,2025-12-23
txn_0002337,cust_00022,merch_0176,electronics,2026-05-06 18:18:10,656.4,dev_a7c1738df4,region_15,netbanking,success,2026-01-24
txn_0003715,cust_00038,merch_0124,electronics,2026-05-06 18:28:54,250.74,dev_52f1883043,region_06,card,success,2025-08-04
txn_0001914,cust_00018,merch_0147,food_delivery,2026-05-06 18:42:42,14172.21,dev_e3250f6388,region_07,card,success,2026-02-06
txn_0003798,cust_00039,merch_0007,electronics,2026-05-06 19:00:04,2299.2,dev_4899813274,region_24,card,success,2026-02-23
txn_0001525,cust_00015,merch_0084,home_goods,2026-05-06 19:05:25,1016.74,dev_c85f2cd462,region_11,card,success,2025-04-26
txn_0001754,cust_00016,merch_0061,electronics,2026-05-06 19:24:36,636.04,dev_ff4d7123cb,region_05,wallet,success,2026-03-16
txn_0002987,cust_00028,merch_0052,food_delivery,2026-05-06 19:45:38,382.97,dev_0fd2ab5f2c,region_20,netbanking,success,2025-03-16
txn_0002669,cust_00025,merch_0041,digital_goods,2026-05-06 19:55:54,765.78,dev_c61377a306,region_09,card,success,2025-08-13
txn_0003799,cust_00039,merch_0110,digital_goods,2026-05-06 20:18:28,2378.84,dev_4899813274,region_24,card,success,2026-02-23
txn_0000180,cust_00001,merch_0151,fashion,2026-05-06 20:20:27,1414.82,dev_8b01cc1cb7,region_11,card,success,2026-03-16
txn_0003711,cust_00038,merch_0032,digital_goods,2026-05-06 20:50:52,397.17,dev_52f1883043,region_06,upi,success,2025-08-04
txn_0003119,cust_00029,merch_0020,digital_goods,2026-05-06 20:53:39,483.29,dev_9fe5b185ac,region_04,card,success,2025-05-28
txn_0002832,cust_00026,merch_0083,digital_goods,2026-05-06 21:00:18,746.03,dev_3d6886d22a,region_08,netbanking,success,2025-12-24
txn_0003800,cust_00039,merch_0113,food_delivery,2026-05-06 21:17:58,2408.61,dev_4899813274,region_24,wallet,success,2026-02-23
txn_0001750,cust_00016,merch_0157,travel,2026-05-06 21:20:12,1639.98,dev_ff4d7123cb,region_05,upi,success,2026-03-16
txn_0000051,cust_00000,merch_0108,food_delivery,2026-05-06 21:39:17,1185.07,dev_d8eee72e0e,region_16,card,success,2024-10-19
txn_0002985,cust_00028,merch_0098,electronics,2026-05-06 22:24:56,360.71,dev_0fd2ab5f2c,region_20,card,failed,2025-03-16
txn_0000926,cust_00009,merch_0037,electronics,2026-05-06 22:26:38,152.39,dev_c5b5464c6f,region_14,netbanking,success,2025-01-09
txn_0002666,cust_00025,merch_0030,home_goods,2026-05-06 22:29:44,540.52,dev_c61377a306,region_09,wallet,success,2025-08-13
txn_0000285,cust_00002,merch_0171,food_delivery,2026-05-06 22:33:50,642.72,dev_c2fe882877,region_21,card,success,2026-01-21
txn_0003435,cust_00035,merch_0056,digital_goods,2026-05-06 22:45:44,639.46,dev_26cb4432c0,region_04,card,success,2026-03-06
txn_0001099,cust_00011,merch_0004,digital_goods,2026-05-06 22:54:50,566.55,dev_d97d35dfcc,region_16,wallet,success,2025-12-23
txn_0001260,cust_00013,merch_0164,travel,2026-05-06 22:59:54,2971.52,dev_1e3cfb13fa,region_16,card,success,2025-01-05
txn_0002834,cust_00026,merch_0030,home_goods,2026-05-07 00:49:18,638.08,dev_3d6886d22a,region_08,card,success,2025-12-24
txn_0001755,cust_00016,merch_0136,groceries,2026-05-07 01:44:08,1589.99,dev_ff4d7123cb,region_05,upi,success,2026-03-16
txn_0001265,cust_00013,merch_0082,groceries,2026-05-07 01:45:19,1468.16,dev_1e3cfb13fa,region_16,upi,success,2025-01-05
txn_0003121,cust_00029,merch_0174,groceries,2026-05-07 03:01:32,351.84,dev_9fe5b185ac,region_04,netbanking,success,2025-05-28
txn_0003533,cust_00036,merch_0086,electronics,2026-05-07 03:39:36,300.68,dev_f10e01fbae,region_18,upi,success,2026-02-20
txn_0003120,cust_00029,merch_0086,electronics,2026-05-07 03:55:45,716.59,dev_9fe5b185ac,region_04,card,success,2025-05-28
txn_0001527,cust_00015,merch_0121,digital_goods,2026-05-07 03:59:24,1075.36,dev_c85f2cd462,region_11,card,success,2025-04-26
txn_0001756,cust_00016,merch_0138,digital_goods,2026-05-07 04:22:57,1533.41,dev_ff4d7123cb,region_05,upi,success,2026-03-16
txn_0000184,cust_00001,merch_0070,home_goods,2026-05-07 05:03:58,2026.48,dev_8b01cc1cb7,region_11,card,success,2026-03-16
txn_0001264,cust_00013,merch_0028,digital_goods,2026-05-07 05:04:23,2204.27,dev_1e3cfb13fa,region_16,card,success,2025-01-05
txn_0003802,cust_00039,merch_0109,food_delivery,2026-05-07 05:08:39,266.32,dev_4899813274,region_24,netbanking,success,2026-02-23
txn_0002671,cust_00025,merch_0089,fashion,2026-05-07 05:12:53,611.87,dev_c61377a306,region_09,card,success,2025-08-13
txn_0002520,cust_00024,merch_0024,fashion,2026-05-07 05:16:12,1074.33,dev_fbb25b4e5c,region_10,netbanking,success,2024-07-18
txn_0003616,cust_00037,merch_0122,electronics,2026-05-07 05:56:23,436.02,dev_e5a094c0cb,region_22,upi,failed,2026-03-22
txn_0002670,cust_00025,merch_0069,electronics,2026-05-07 06:43:47,445.32,dev_c61377a306,region_09,card,success,2025-08-13
txn_0002239,cust_00021,merch_0049,fashion,2026-05-07 07:07:19,370.01,dev_23cb667f8d,region_17,netbanking,success,2026-01-27
txn_0003223,cust_00031,merch_0136,groceries,2026-05-07 07:24:44,414.43,dev_b8ce223e2d,region_15,card,success,2025-02-16
txn_0001267,cust_00013,merch_0056,digital_goods,2026-05-07 07:41:35,3409.6,dev_1e3cfb13fa,region_16,card,success,2025-01-05
txn_0002028,cust_00019,merch_0018,home_goods,2026-05-07 09:15:37,533.88,dev_c16cfa8786,region_12,upi,success,2025-12-18
txn_0002672,cust_00025,merch_0092,travel,2026-05-07 09:23:38,481.13,dev_c61377a306,region_09,upi,success,2025-08-13
txn_0001266,cust_00013,merch_0155,travel,2026-05-07 09:31:53,3184.15,dev_1e3cfb13fa,region_16,upi,success,2025-01-05
txn_0003176,cust_00030,merch_0039,fashion,2026-05-07 09:32:46,326.7,dev_b012ae2533,region_04,card,success,2025-01-10
txn_0001368,cust_00014,merch_0022,groceries,2026-05-07 09:39:12,83.6,dev_a3fb82f6fb,region_04,card,success,2024-12-15
txn_0003801,cust_00039,merch_0083,digital_goods,2026-05-07 11:37:12,1353.63,dev_4899813274,region_24,card,success,2026-02-23
txn_0000794,cust_00007,merch_0153,electronics,2026-05-07 11:57:01,794.1,dev_ded833c13d,region_05,upi,success,2026-01-03
txn_0000183,cust_00001,merch_0086,electronics,2026-05-07 12:09:49,1932.91,dev_8b01cc1cb7,region_11,card,success,2026-03-16
txn_0000795,cust_00007,merch_0175,groceries,2026-05-07 12:49:34,363.44,dev_ded833c13d,region_05,card,success,2026-01-03
txn_0000527,cust_00004,merch_0016,fashion,2026-05-07 13:14:27,1635.67,dev_5d98562187,region_22,card,success,2025-10-27
txn_0001369,cust_00014,merch_0072,home_goods,2026-05-07 13:19:31,142.86,dev_a3fb82f6fb,region_04,card,success,2024-12-15
txn_0001526,cust_00015,merch_0174,groceries,2026-05-07 13:25:59,476.31,dev_c85f2cd462,region_11,netbanking,success,2025-04-26
txn_0002027,cust_00019,merch_0134,electronics,2026-05-07 13:37:50,440.69,dev_c16cfa8786,region_12,card,success,2025-12-18
txn_0002673,cust_00025,merch_0003,food_delivery,2026-05-07 13:38:43,362.18,dev_c61377a306,region_09,card,success,2025-08-13
txn_0000612,cust_00005,merch_0110,digital_goods,2026-05-07 13:39:00,1001.31,dev_88a6698d70,region_09,card,success,2025-06-11
txn_0002025,cust_00019,merch_0031,home_goods,2026-05-07 14:25:22,533.91,dev_c16cfa8786,region_12,card,success,2025-12-18
txn_0003436,cust_00035,merch_0064,food_delivery,2026-05-07 15:08:55,546.15,dev_26cb4432c0,region_04,card,failed,2026-03-06
txn_0000385,cust_00003,merch_0094,home_goods,2026-05-07 15:38:54,1167.06,dev_61c49512f5,region_20,card,success,2025-12-30
txn_0000384,cust_00003,merch_0077,home_goods,2026-05-07 15:42:52,1208.63,dev_61c49512f5,region_20,card,success,2025-12-30
txn_0001528,cust_00015,merch_0005,electronics,2026-05-07 16:07:11,438.97,dev_c85f2cd462,region_11,upi,success,2025-04-26
txn_0002148,cust_00020,merch_0034,home_goods,2026-05-07 16:19:05,865.41,dev_44ebf7337f,region_16,card,success,2026-02-23
txn_0003437,cust_00035,merch_0168,digital_goods,2026-05-07 16:23:49,869.52,dev_26cb4432c0,region_04,upi,success,2026-03-06
txn_0003617,cust_00037,merch_0022,groceries,2026-05-07 16:24:28,117.7,dev_e5a094c0cb,region_22,card,success,2026-03-22
txn_0001263,cust_00013,merch_0106,fashion,2026-05-07 16:26:03,2853.94,dev_1e3cfb13fa,region_16,card,success,2025-01-05
txn_0000528,cust_00004,merch_0002,fashion,2026-05-07 16:48:18,1117.26,dev_5d98562187,region_22,card,success,2025-10-27
txn_0003532,cust_00036,merch_0056,digital_goods,2026-05-07 18:00:09,165.21,dev_f10e01fbae,region_18,upi,success,2026-02-20
txn_0003337,cust_00034,merch_0064,food_delivery,2026-05-07 18:04:11,783.89,dev_b983ceccdc,region_23,upi,success,2025-12-14
txn_0001102,cust_00011,merch_0145,digital_goods,2026-05-07 18:38:44,139.42,dev_d97d35dfcc,region_16,upi,success,2025-12-23
txn_0000182,cust_00001,merch_0027,digital_goods,2026-05-07 19:40:45,1146.72,dev_8b01cc1cb7,region_11,card,success,2026-03-16
txn_0001160,cust_00012,merch_0123,fashion,2026-05-07 19:48:12,133.07,dev_a68aa3d101,region_17,card,success,2026-02-15
txn_0001101,cust_00011,merch_0029,food_delivery,2026-05-07 19:50:36,113.52,dev_d97d35dfcc,region_16,card,success,2025-12-23
txn_0002988,cust_00028,merch_0145,digital_goods,2026-05-07 19:54:27,588.21,dev_0fd2ab5f2c,region_20,upi,success,2025-03-16
txn_0001758,cust_00016,merch_0002,fashion,2026-05-07 20:14:46,1641.58,dev_ff4d7123cb,region_05,card,success,2026-03-16
txn_0003716,cust_00038,merch_0111,digital_goods,2026-05-07 21:07:21,677.43,dev_52f1883043,region_06,upi,success,2025-08-04
txn_0001757,cust_00016,merch_0131,electronics,2026-05-07 21:28:26,1569.68,dev_ff4d7123cb,region_05,card,success,2026-03-16
txn_0000613,cust_00005,merch_0092,travel,2026-05-07 22:21:38,877.9,dev_88a6698d70,region_09,upi,success,2025-06-11
txn_0002026,cust_00019,merch_0076,electronics,2026-05-07 23:09:43,444.61,dev_c16cfa8786,region_12,netbanking,success,2025-12-18
txn_0003438,cust_00035,merch_0160,electronics,2026-05-07 23:46:51,792.07,dev_26cb4432c0,region_04,upi,success,2026-03-06
txn_0001268,cust_00013,merch_0056,digital_goods,2026-05-08 00:08:41,3052.32,dev_1e3cfb13fa,region_16,upi,success,2025-01-05
txn_0003618,cust_00037,merch_0153,electronics,2026-05-08 01:08:58,195.86,dev_e5a094c0cb,region_22,card,success,2026-03-22
txn_0002836,cust_00026,merch_0135,home_goods,2026-05-08 03:24:37,400.46,dev_3d6886d22a,region_08,card,success,2025-12-24
txn_0003122,cust_00029,merch_0028,digital_goods,2026-05-08 03:46:15,446.35,dev_9fe5b185ac,region_04,card,success,2025-05-28
txn_0003224,cust_00031,merch_0152,electronics,2026-05-08 04:09:23,599.69,dev_b8ce223e2d,region_15,card,success,2025-02-16
txn_0002030,cust_00019,merch_0095,digital_goods,2026-05-08 04:42:15,482.35,dev_c16cfa8786,region_12,card,success,2025-12-18
txn_0000719,cust_00006,merch_0100,groceries,2026-05-08 04:42:51,981.29,dev_306b522224,region_20,card,failed,2026-02-23
txn_0002032,cust_00019,merch_0170,electronics,2026-05-08 04:54:02,424.49,dev_c16cfa8786,region_12,card,success,2025-12-18
txn_0000529,cust_00004,merch_0024,fashion,2026-05-08 05:09:52,1497.66,dev_5d98562187,region_22,upi,success,2025-10-27
txn_0000990,cust_00010,merch_0119,home_goods,2026-05-08 05:32:18,688.06,dev_f3a63af8f4,region_24,card,success,2025-10-17
txn_0003284,cust_00033,merch_0088,groceries,2026-05-08 06:08:34,4087.97,dev_3b4c2de63a,region_09,card,success,2025-12-09
txn_0001760,cust_00016,merch_0038,travel,2026-05-08 06:30:08,1577.4,dev_ff4d7123cb,region_05,upi,success,2026-03-16
txn_0001916,cust_00018,merch_0016,fashion,2026-05-08 06:49:36,10927.51,dev_e3250f6388,region_07,card,success,2026-02-06
txn_0000286,cust_00002,merch_0095,digital_goods,2026-05-08 07:42:11,651.76,dev_c2fe882877,region_21,card,success,2026-01-21
txn_0001529,cust_00015,merch_0020,digital_goods,2026-05-08 07:46:19,752.3,dev_c85f2cd462,region_11,upi,success,2025-04-26
txn_0002036,cust_00019,merch_0073,electronics,2026-05-08 08:02:49,336.68,dev_c16cfa8786,region_12,upi,success,2025-12-18
txn_0003338,cust_00034,merch_0175,groceries,2026-05-08 08:39:36,1119.95,dev_b983ceccdc,region_23,wallet,success,2025-12-14
txn_0000185,cust_00001,merch_0070,home_goods,2026-05-08 09:25:15,2285.68,dev_8b01cc1cb7,region_11,upi,success,2026-03-16
txn_0002675,cust_00025,merch_0033,home_goods,2026-05-08 09:26:01,823.29,dev_c61377a306,region_09,card,success,2025-08-13
txn_0001759,cust_00016,merch_0119,home_goods,2026-05-08 09:40:10,1757.35,dev_ff4d7123cb,region_05,card,success,2026-03-16
txn_0003225,cust_00031,merch_0112,electronics,2026-05-08 09:48:42,399.05,dev_b8ce223e2d,region_15,card,success,2025-02-16
txn_0002152,cust_00020,merch_0170,electronics,2026-05-08 10:19:56,534.5,dev_44ebf7337f,region_16,upi,success,2026-02-23
txn_0002033,cust_00019,merch_0169,electronics,2026-05-08 10:26:15,455.7,dev_c16cfa8786,region_12,netbanking,success,2025-12-18
txn_0001269,cust_00013,merch_0157,travel,2026-05-08 10:38:23,3613.23,dev_1e3cfb13fa,region_16,card,failed,2025-01-05
txn_0000614,cust_00005,merch_0010,food_delivery,2026-05-08 11:34:17,1086.03,dev_88a6698d70,region_09,card,success,2025-06-11
txn_0000386,cust_00003,merch_0082,groceries,2026-05-08 11:58:17,1154.81,dev_61c49512f5,region_20,upi,success,2025-12-30
txn_0003619,cust_00037,merch_0110,digital_goods,2026-05-08 12:21:54,235.65,dev_e5a094c0cb,region_22,upi,success,2026-03-22
txn_0001530,cust_00015,merch_0035,electronics,2026-05-08 12:45:18,738.33,dev_c85f2cd462,region_11,card,success,2025-04-26
txn_0002425,cust_00023,merch_0136,groceries,2026-05-08 12:48:15,4390.81,dev_ae0251997d,region_13,card,success,2025-09-03
txn_0000186,cust_00001,merch_0009,travel,2026-05-08 13:05:27,2114.55,dev_8b01cc1cb7,region_11,card,success,2026-03-16
txn_0002338,cust_00022,merch_0179,travel,2026-05-08 13:30:27,498.69,dev_a7c1738df4,region_15,upi,success,2026-01-24
txn_0002149,cust_00020,merch_0121,digital_goods,2026-05-08 13:42:05,369.06,dev_44ebf7337f,region_16,card,success,2026-02-23
txn_0002835,cust_00026,merch_0002,fashion,2026-05-08 14:09:15,708.55,dev_3d6886d22a,region_08,card,success,2025-12-24
txn_0002150,cust_00020,merch_0003,food_delivery,2026-05-08 14:10:02,568.66,dev_44ebf7337f,region_16,upi,success,2026-02-23
txn_0000053,cust_00000,merch_0086,electronics,2026-05-08 14:13:03,1327.43,dev_d8eee72e0e,region_16,netbanking,success,2024-10-19
txn_0003226,cust_00031,merch_0089,fashion,2026-05-08 14:21:32,484.73,dev_b8ce223e2d,region_15,card,success,2025-02-16
txn_0000187,cust_00001,merch_0019,travel,2026-05-08 14:32:18,527.55,dev_8b01cc1cb7,region_11,upi,success,2026-03-16
txn_0001370,cust_00014,merch_0143,electronics,2026-05-08 15:01:58,103.36,dev_a3fb82f6fb,region_04,upi,success,2024-12-15
txn_0002426,cust_00023,merch_0162,digital_goods,2026-05-08 15:17:14,2970.16,dev_ae0251997d,region_13,upi,success,2025-09-03
txn_0001917,cust_00018,merch_0002,fashion,2026-05-08 15:17:44,13561.17,dev_e3250f6388,region_07,upi,success,2026-02-06
txn_0003285,cust_00033,merch_0119,home_goods,2026-05-08 15:32:08,2794.34,dev_3b4c2de63a,region_09,netbanking,success,2025-12-09
txn_0002034,cust_00019,merch_0029,food_delivery,2026-05-08 16:05:17,503.06,dev_c16cfa8786,region_12,wallet,success,2025-12-18
txn_0001915,cust_00018,merch_0172,travel,2026-05-08 16:12:47,9271.0,dev_e3250f6388,region_07,netbanking,success,2026-02-06
txn_0001371,cust_00014,merch_0124,electronics,2026-05-08 17:02:06,176.58,dev_a3fb82f6fb,region_04,upi,success,2024-12-15
txn_0000388,cust_00003,merch_0131,electronics,2026-05-08 17:24:56,1029.3,dev_61c49512f5,region_20,upi,success,2025-12-30
txn_0001918,cust_00018,merch_0108,food_delivery,2026-05-08 17:30:27,12916.99,dev_e3250f6388,region_07,wallet,success,2026-02-06
txn_0001761,cust_00016,merch_0130,food_delivery,2026-05-08 17:35:55,1246.29,dev_ff4d7123cb,region_05,upi,success,2026-03-16
txn_0001531,cust_00015,merch_0041,digital_goods,2026-05-08 17:48:53,804.06,dev_c85f2cd462,region_11,card,success,2025-04-26
txn_0002989,cust_00028,merch_0079,fashion,2026-05-08 17:55:29,335.67,dev_0fd2ab5f2c,region_20,card,success,2025-03-16
txn_0002151,cust_00020,merch_0030,home_goods,2026-05-08 17:59:06,702.57,dev_44ebf7337f,region_16,upi,success,2026-02-23
txn_0000387,cust_00003,merch_0150,food_delivery,2026-05-08 18:06:07,896.78,dev_61c49512f5,region_20,upi,success,2025-12-30
txn_0002035,cust_00019,merch_0119,home_goods,2026-05-08 18:06:14,442.87,dev_c16cfa8786,region_12,card,success,2025-12-18
txn_0002339,cust_00022,merch_0143,electronics,2026-05-08 19:10:08,1044.79,dev_a7c1738df4,region_15,upi,success,2026-01-24
txn_0002031,cust_00019,merch_0038,travel,2026-05-08 20:19:36,408.72,dev_c16cfa8786,region_12,card,success,2025-12-18
txn_0003534,cust_00036,merch_0127,groceries,2026-05-08 20:32:42,329.6,dev_f10e01fbae,region_18,upi,success,2026-02-20
txn_0002340,cust_00022,merch_0064,food_delivery,2026-05-08 21:07:02,670.08,dev_a7c1738df4,region_15,wallet,success,2026-01-24
txn_0002029,cust_00019,merch_0112,electronics,2026-05-08 22:00:49,376.45,dev_c16cfa8786,region_12,upi,success,2025-12-18
txn_0002674,cust_00025,merch_0171,food_delivery,2026-05-08 22:38:58,536.05,dev_c61377a306,region_09,upi,success,2025-08-13
txn_0002521,cust_00024,merch_0031,home_goods,2026-05-08 23:10:03,998.92,dev_fbb25b4e5c,region_10,card,failed,2024-07-18
txn_0001763,cust_00016,merch_0146,food_delivery,2026-05-09 01:04:31,1953.58,dev_ff4d7123cb,region_05,card,success,2026-03-16
txn_0002040,cust_00019,merch_0145,digital_goods,2026-05-09 01:17:09,359.2,dev_c16cfa8786,region_12,upi,success,2025-12-18
txn_0003535,cust_00036,merch_0021,digital_goods,2026-05-09 01:26:44,301.57,dev_f10e01fbae,region_18,upi,success,2026-02-20
txn_0000720,cust_00006,merch_0017,travel,2026-05-09 01:37:01,678.66,dev_306b522224,region_20,card,success,2026-02-23
txn_0003227,cust_00031,merch_0034,home_goods,2026-05-09 02:02:50,320.37,dev_b8ce223e2d,region_15,upi,success,2025-02-16
txn_0002038,cust_00019,merch_0143,electronics,2026-05-09 03:01:34,370.85,dev_c16cfa8786,region_12,card,success,2025-12-18
txn_0003717,cust_00038,merch_0043,travel,2026-05-09 03:10:03,512.03,dev_52f1883043,region_06,netbanking,success,2025-08-04
txn_0000846,cust_00008,merch_0127,groceries,2026-05-09 04:17:50,1224.58,dev_ddb545484a,region_14,card,success,2024-12-23
txn_0001534,cust_00015,merch_0022,groceries,2026-05-09 04:21:18,871.07,dev_c85f2cd462,region_11,upi,success,2025-04-26
txn_0002838,cust_00026,merch_0169,electronics,2026-05-09 04:25:45,732.02,dev_3d6886d22a,region_08,card,success,2025-12-24
txn_0000929,cust_00009,merch_0026,digital_goods,2026-05-09 05:16:48,344.83,dev_c5b5464c6f,region_14,card,success,2025-01-09
txn_0003286,cust_00033,merch_0062,groceries,2026-05-09 05:19:11,3012.24,dev_3b4c2de63a,region_09,upi,failed,2025-12-09
txn_0003339,cust_00034,merch_0160,electronics,2026-05-09 07:00:30,1222.62,dev_b983ceccdc,region_23,card,success,2025-12-14
txn_0000722,cust_00006,merch_0103,home_goods,2026-05-09 07:04:24,790.8,dev_306b522224,region_20,upi,success,2026-02-23
txn_0002342,cust_00022,merch_0020,digital_goods,2026-05-09 07:09:33,752.8,dev_a7c1738df4,region_15,card,success,2026-01-24
txn_0002837,cust_00026,merch_0082,groceries,2026-05-09 07:12:08,542.62,dev_3d6886d22a,region_08,netbanking,success,2025-12-24
txn_0001762,cust_00016,merch_0102,food_delivery,2026-05-09 07:34:48,1796.92,dev_ff4d7123cb,region_05,upi,success,2026-03-16
txn_0000723,cust_00006,merch_0046,digital_goods,2026-05-09 08:15:17,961.98,dev_306b522224,region_20,card,success,2026-02-23
txn_0001103,cust_00011,merch_0079,fashion,2026-05-09 08:16:07,238.71,dev_d97d35dfcc,region_16,upi,success,2025-12-23
txn_0000721,cust_00006,merch_0036,travel,2026-05-09 08:21:28,1074.22,dev_306b522224,region_20,card,success,2026-02-23
txn_0002676,cust_00025,merch_0166,groceries,2026-05-09 08:21:38,613.5,dev_c61377a306,region_09,netbanking,success,2025-08-13
txn_0002041,cust_00019,merch_0086,electronics,2026-05-09 08:40:15,492.5,dev_c16cfa8786,region_12,card,success,2025-12-18
txn_0003439,cust_00035,merch_0103,home_goods,2026-05-09 09:09:58,849.31,dev_26cb4432c0,region_04,card,success,2026-03-06
txn_0003123,cust_00029,merch_0073,electronics,2026-05-09 09:44:17,761.29,dev_9fe5b185ac,region_04,card,success,2025-05-28
txn_0002990,cust_00028,merch_0154,digital_goods,2026-05-09 10:06:55,318.46,dev_0fd2ab5f2c,region_20,upi,success,2025-03-16
txn_0000188,cust_00001,merch_0125,fashion,2026-05-09 10:41:31,1086.47,dev_8b01cc1cb7,region_11,upi,success,2026-03-16
txn_0001372,cust_00014,merch_0097,electronics,2026-05-09 11:13:54,120.02,dev_a3fb82f6fb,region_04,card,success,2024-12-15
txn_0002039,cust_00019,merch_0150,food_delivery,2026-05-09 11:32:20,372.06,dev_c16cfa8786,region_12,upi,success,2025-12-18
txn_0002241,cust_00021,merch_0131,electronics,2026-05-09 11:36:19,287.88,dev_23cb667f8d,region_17,upi,success,2026-01-27
txn_0000845,cust_00008,merch_0080,food_delivery,2026-05-09 12:21:54,717.98,dev_ddb545484a,region_14,wallet,success,2024-12-23
txn_0002427,cust_00023,merch_0100,groceries,2026-05-09 12:43:59,1462.5,dev_ae0251997d,region_13,upi,success,2025-09-03
txn_0002677,cust_00025,merch_0077,home_goods,2026-05-09 13:03:58,720.22,dev_c61377a306,region_09,upi,success,2025-08-13
txn_0001533,cust_00015,merch_0115,home_goods,2026-05-09 13:37:50,1360.51,dev_c85f2cd462,region_11,card,success,2025-04-26
txn_0003620,cust_00037,merch_0018,home_goods,2026-05-09 13:40:35,164.78,dev_e5a094c0cb,region_22,netbanking,success,2026-03-22
txn_0002839,cust_00026,merch_0102,food_delivery,2026-05-09 13:41:11,321.24,dev_3d6886d22a,region_08,card,success,2025-12-24
txn_0000928,cust_00009,merch_0117,groceries,2026-05-09 14:03:37,380.13,dev_c5b5464c6f,region_14,card,success,2025-01-09
txn_0002428,cust_00023,merch_0043,travel,2026-05-09 14:24:55,2957.13,dev_ae0251997d,region_13,card,success,2025-09-03
txn_0001919,cust_00018,merch_0099,fashion,2026-05-09 14:30:39,10358.49,dev_e3250f6388,region_07,card,success,2026-02-06
txn_0001532,cust_00015,merch_0037,electronics,2026-05-09 15:14:47,112.24,dev_c85f2cd462,region_11,card,success,2025-04-26
txn_0000930,cust_00009,merch_0030,home_goods,2026-05-09 15:18:53,184.65,dev_c5b5464c6f,region_14,card,success,2025-01-09
txn_0000054,cust_00000,merch_0051,fashion,2026-05-09 15:32:11,1806.88,dev_d8eee72e0e,region_16,upi,success,2024-10-19
txn_0003536,cust_00036,merch_0116,groceries,2026-05-09 15:41:48,430.15,dev_f10e01fbae,region_18,card,success,2026-02-20
txn_0000189,cust_00001,merch_0114,food_delivery,2026-05-09 15:45:42,572.58,dev_8b01cc1cb7,region_11,upi,success,2026-03-16
txn_0002240,cust_00021,merch_0023,food_delivery,2026-05-09 16:09:58,377.78,dev_23cb667f8d,region_17,upi,success,2026-01-27
txn_0001104,cust_00011,merch_0085,travel,2026-05-09 17:51:50,659.81,dev_d97d35dfcc,region_16,card,success,2025-12-23
txn_0002341,cust_00022,merch_0098,electronics,2026-05-09 19:00:05,1536.35,dev_a7c1738df4,region_15,card,success,2026-01-24
txn_0002991,cust_00028,merch_0145,digital_goods,2026-05-09 19:01:46,357.21,dev_0fd2ab5f2c,region_20,upi,success,2025-03-16
txn_0001871,cust_00017,merch_0174,groceries,2026-05-09 19:46:56,226.91,dev_e5dfc6a9a5,region_12,card,success,2026-01-13
txn_0001161,cust_00012,merch_0164,travel,2026-05-09 20:09:52,109.05,dev_a68aa3d101,region_17,card,success,2026-02-15
txn_0001535,cust_00015,merch_0102,food_delivery,2026-05-09 20:16:18,692.62,dev_c85f2cd462,region_11,card,success,2025-04-26
txn_0002522,cust_00024,merch_0147,food_delivery,2026-05-09 20:57:48,935.7,dev_fbb25b4e5c,region_10,netbanking,success,2024-07-18
txn_0003340,cust_00034,merch_0056,digital_goods,2026-05-09 21:32:24,1612.9,dev_b983ceccdc,region_23,card,success,2025-12-14
txn_0002037,cust_00019,merch_0061,electronics,2026-05-09 21:32:41,370.57,dev_c16cfa8786,region_12,upi,success,2025-12-18
txn_0001872,cust_00017,merch_0083,digital_goods,2026-05-09 22:12:02,177.95,dev_e5dfc6a9a5,region_12,upi,success,2026-01-13
txn_0000724,cust_00006,merch_0143,electronics,2026-05-09 23:05:20,926.63,dev_306b522224,region_20,card,failed,2026-02-23
txn_0000287,cust_00002,merch_0073,electronics,2026-05-09 23:16:10,465.21,dev_c2fe882877,region_21,card,success,2026-01-21
txn_0002044,cust_00019,merch_0066,fashion,2026-05-10 00:23:47,437.81,dev_c16cfa8786,region_12,upi,success,2025-12-18
txn_0003539,cust_00036,merch_0074,travel,2026-05-10 00:42:56,272.16,dev_f10e01fbae,region_18,card,success,2026-02-20
txn_0000288,cust_00002,merch_0140,food_delivery,2026-05-10 01:59:08,895.8,dev_c2fe882877,region_21,upi,failed,2026-01-21
txn_0003720,cust_00038,merch_0161,food_delivery,2026-05-10 02:02:20,355.21,dev_52f1883043,region_06,upi,success,2025-08-04
txn_0001538,cust_00015,merch_0016,fashion,2026-05-10 02:05:34,670.08,dev_c85f2cd462,region_11,card,success,2025-04-26
txn_0000992,cust_00010,merch_0056,digital_goods,2026-05-10 02:18:36,240.76,dev_f3a63af8f4,region_24,upi,success,2025-10-17
txn_0003719,cust_00038,merch_0071,groceries,2026-05-10 02:19:04,371.54,dev_52f1883043,region_06,card,success,2025-08-04
txn_0000991,cust_00010,merch_0005,electronics,2026-05-10 02:37:28,706.79,dev_f3a63af8f4,region_24,card,success,2025-10-17
txn_0002045,cust_00019,merch_0103,home_goods,2026-05-10 03:27:52,363.91,dev_c16cfa8786,region_12,card,success,2025-12-18
txn_0002429,cust_00023,merch_0054,digital_goods,2026-05-10 03:34:42,2436.2,dev_ae0251997d,region_13,upi,success,2025-09-03
txn_0003125,cust_00029,merch_0099,fashion,2026-05-10 03:37:07,461.37,dev_9fe5b185ac,region_04,netbanking,success,2025-05-28
txn_0000615,cust_00005,merch_0170,electronics,2026-05-10 04:06:18,437.9,dev_88a6698d70,region_09,card,success,2025-06-11
txn_0002043,cust_00019,merch_0162,digital_goods,2026-05-10 04:45:21,312.96,dev_c16cfa8786,region_12,wallet,success,2025-12-18
txn_0000391,cust_00003,merch_0030,home_goods,2026-05-10 04:52:40,1242.89,dev_61c49512f5,region_20,netbanking,failed,2025-12-30
txn_0002994,cust_00028,merch_0152,electronics,2026-05-10 04:55:49,422.91,dev_0fd2ab5f2c,region_20,upi,success,2025-03-16
txn_0003721,cust_00038,merch_0046,digital_goods,2026-05-10 05:11:44,110.42,dev_52f1883043,region_06,card,success,2025-08-04
txn_0003718,cust_00038,merch_0135,home_goods,2026-05-10 05:36:42,370.62,dev_52f1883043,region_06,upi,success,2025-08-04
txn_0000055,cust_00000,merch_0010,food_delivery,2026-05-10 05:42:52,2408.19,dev_d8eee72e0e,region_16,netbanking,success,2024-10-19
txn_0000390,cust_00003,merch_0144,groceries,2026-05-10 06:12:25,1021.87,dev_61c49512f5,region_20,card,success,2025-12-30
txn_0002993,cust_00028,merch_0116,groceries,2026-05-10 06:44:15,337.78,dev_fa3d93bfbd,region_20,upi,success,2025-03-16
txn_0001106,cust_00011,merch_0119,home_goods,2026-05-10 07:02:36,530.27,dev_d97d35dfcc,region_16,card,success,2025-12-23
txn_0002523,cust_00024,merch_0000,travel,2026-05-10 07:20:49,898.94,dev_fbb25b4e5c,region_10,card,success,2024-07-18
txn_0000389,cust_00003,merch_0020,digital_goods,2026-05-10 08:16:50,501.88,dev_61c49512f5,region_20,upi,failed,2025-12-30
txn_0001271,cust_00013,merch_0140,food_delivery,2026-05-10 08:40:06,2084.76,dev_1e3cfb13fa,region_16,upi,success,2025-01-05
txn_0002678,cust_00025,merch_0013,travel,2026-05-10 08:57:27,548.23,dev_c61377a306,region_09,card,failed,2025-08-13
txn_0003440,cust_00035,merch_0081,fashion,2026-05-10 09:08:17,974.65,dev_26cb4432c0,region_04,upi,success,2026-03-06
txn_0002679,cust_00025,merch_0120,travel,2026-05-10 09:14:03,628.13,dev_c61377a306,region_09,netbanking,success,2025-08-13
txn_0003621,cust_00037,merch_0007,electronics,2026-05-10 09:17:57,255.2,dev_e5a094c0cb,region_22,upi,success,2026-03-22
txn_0000191,cust_00001,merch_0117,groceries,2026-05-10 09:41:07,1590.42,dev_8b01cc1cb7,region_11,card,success,2026-03-16
txn_0000193,cust_00001,merch_0054,digital_goods,2026-05-10 10:01:34,997.61,dev_8b01cc1cb7,region_11,card,success,2026-03-16
txn_0001539,cust_00015,merch_0170,electronics,2026-05-10 10:29:55,1407.17,dev_c85f2cd462,region_11,upi,success,2025-04-26
txn_0003124,cust_00029,merch_0162,digital_goods,2026-05-10 10:57:55,606.71,dev_9fe5b185ac,region_04,upi,success,2025-05-28
txn_0002153,cust_00020,merch_0000,travel,2026-05-10 11:41:52,645.33,dev_44ebf7337f,region_16,upi,success,2026-02-23
txn_0000993,cust_00010,merch_0036,travel,2026-05-10 12:38:02,825.87,dev_f3a63af8f4,region_24,card,success,2025-10-17
txn_0000931,cust_00009,merch_0035,electronics,2026-05-10 13:26:20,311.44,dev_c5b5464c6f,region_14,card,success,2025-01-09
txn_0002344,cust_00022,merch_0094,home_goods,2026-05-10 14:20:58,420.68,dev_a7c1738df4,region_15,card,success,2026-01-24
txn_0000190,cust_00001,merch_0059,digital_goods,2026-05-10 14:47:33,1080.03,dev_8b01cc1cb7,region_11,card,success,2026-03-16
txn_0001105,cust_00011,merch_0060,food_delivery,2026-05-10 14:49:27,494.28,dev_d97d35dfcc,region_16,upi,success,2025-12-23
txn_0002995,cust_00028,merch_0056,digital_goods,2026-05-10 14:57:53,522.27,dev_0fd2ab5f2c,region_20,netbanking,success,2025-03-16
txn_0001373,cust_00014,merch_0116,groceries,2026-05-10 15:12:36,56.7,dev_a3fb82f6fb,region_04,wallet,success,2024-12-15
txn_0002042,cust_00019,merch_0052,food_delivery,2026-05-10 15:14:11,363.03,dev_c16cfa8786,region_12,upi,success,2025-12-18
txn_0003228,cust_00031,merch_0172,travel,2026-05-10 15:16:08,250.85,dev_b8ce223e2d,region_15,wallet,success,2025-02-16
txn_0002343,cust_00022,merch_0142,fashion,2026-05-10 15:28:11,762.38,dev_a7c1738df4,region_15,wallet,success,2026-01-24
txn_0000392,cust_00003,merch_0001,fashion,2026-05-10 15:32:13,817.3,dev_61c49512f5,region_20,upi,success,2025-12-30
txn_0002840,cust_00026,merch_0027,digital_goods,2026-05-10 15:37:22,488.91,dev_3d6886d22a,region_08,upi,success,2025-12-24
txn_0002992,cust_00028,merch_0174,groceries,2026-05-10 15:46:21,268.9,dev_0fd2ab5f2c,region_20,upi,success,2025-03-16
txn_0002524,cust_00024,merch_0018,home_goods,2026-05-10 16:30:20,751.98,dev_fbb25b4e5c,region_10,card,failed,2024-07-18
txn_0003341,cust_00034,merch_0015,food_delivery,2026-05-10 16:39:32,2123.61,dev_b983ceccdc,region_23,upi,success,2025-12-14
txn_0001107,cust_00011,merch_0065,food_delivery,2026-05-10 17:05:50,209.39,dev_d97d35dfcc,region_16,card,success,2025-12-23
txn_0002996,cust_00028,merch_0089,fashion,2026-05-10 17:18:50,670.16,dev_2cf8783cc8,region_20,upi,success,2025-03-16
txn_0003262,cust_00032,merch_0110,digital_goods,2026-05-10 17:27:48,2371.56,dev_d8c019dd2b,region_03,upi,success,2025-08-21
txn_0000725,cust_00006,merch_0019,travel,2026-05-10 17:37:05,866.17,dev_306b522224,region_20,upi,success,2026-02-23
txn_0001270,cust_00013,merch_0101,digital_goods,2026-05-10 17:44:08,3551.62,dev_1e3cfb13fa,region_16,wallet,success,2025-01-05
txn_0001536,cust_00015,merch_0102,food_delivery,2026-05-10 17:59:12,401.02,dev_c85f2cd462,region_11,card,success,2025-04-26
txn_0000192,cust_00001,merch_0086,electronics,2026-05-10 19:44:41,1869.2,dev_8b01cc1cb7,region_11,card,success,2026-03-16
txn_0003538,cust_00036,merch_0131,electronics,2026-05-10 19:52:57,297.75,dev_f10e01fbae,region_18,card,success,2026-02-20
txn_0003537,cust_00036,merch_0043,travel,2026-05-10 20:24:19,379.01,dev_f10e01fbae,region_18,card,success,2026-02-20
txn_0003803,cust_00039,merch_0049,fashion,2026-05-10 21:46:39,2938.77,dev_4899813274,region_24,upi,success,2026-02-23
txn_0001873,cust_00017,merch_0113,food_delivery,2026-05-10 22:33:10,210.71,dev_e5dfc6a9a5,region_12,upi,success,2026-01-13
txn_0000616,cust_00005,merch_0130,food_delivery,2026-05-10 22:46:28,1123.64,dev_88a6698d70,region_09,upi,success,2025-06-11
txn_0002997,cust_00028,merch_0091,travel,2026-05-10 22:47:41,510.38,dev_0fd2ab5f2c,region_20,upi,success,2025-03-16
txn_0001537,cust_00015,merch_0153,electronics,2026-05-10 22:55:52,1535.45,dev_c85f2cd462,region_11,card,success,2025-04-26
txn_0000530,cust_00004,merch_0078,digital_goods,2026-05-10 23:12:03,1675.1,dev_5d98562187,region_22,card,success,2025-10-27
txn_0002242,cust_00021,merch_0043,travel,2026-05-10 23:39:25,540.05,dev_23cb667f8d,region_17,card,success,2026-01-27
txn_0000848,cust_00008,merch_0119,home_goods,2026-05-11 00:20:27,607.16,dev_ddb545484a,region_14,card,success,2024-12-23
txn_0001766,cust_00016,merch_0178,travel,2026-05-11 00:34:37,1502.34,dev_ff4d7123cb,region_05,card,success,2026-03-16
txn_0003541,cust_00036,merch_0142,fashion,2026-05-11 00:49:35,320.55,dev_f10e01fbae,region_18,card,success,2026-02-20
txn_0000727,cust_00006,merch_0168,digital_goods,2026-05-11 01:07:10,848.97,dev_306b522224,region_20,card,success,2026-02-23
txn_0001874,cust_00017,merch_0100,groceries,2026-05-11 01:36:56,250.46,dev_e5dfc6a9a5,region_12,card,success,2026-01-13
txn_0000396,cust_00003,merch_0043,travel,2026-05-11 01:57:27,1400.11,dev_61c49512f5,region_20,card,success,2025-12-30
txn_0002157,cust_00020,merch_0134,electronics,2026-05-11 02:25:22,994.57,dev_44ebf7337f,region_16,card,success,2026-02-23
txn_0001540,cust_00015,merch_0060,food_delivery,2026-05-11 02:34:09,444.68,dev_c85f2cd462,region_11,upi,success,2025-04-26
txn_0003804,cust_00039,merch_0124,electronics,2026-05-11 02:42:34,3076.85,dev_4899813274,region_24,card,success,2026-02-23
txn_0002154,cust_00020,merch_0113,food_delivery,2026-05-11 02:48:00,603.63,dev_44ebf7337f,region_16,netbanking,failed,2026-02-23
txn_0001543,cust_00015,merch_0118,groceries,2026-05-11 02:56:25,1083.19,dev_c85f2cd462,region_11,card,success,2025-04-26
txn_0002346,cust_00022,merch_0126,food_delivery,2026-05-11 03:29:50,792.77,dev_a7c1738df4,region_15,card,success,2026-01-24
txn_0002156,cust_00020,merch_0123,fashion,2026-05-11 04:00:37,1240.38,dev_44ebf7337f,region_16,card,success,2026-02-23
txn_0003722,cust_00038,merch_0104,travel,2026-05-11 04:30:37,520.12,dev_52f1883043,region_06,upi,success,2025-08-04
txn_0003540,cust_00036,merch_0098,electronics,2026-05-11 05:47:30,386.82,dev_f10e01fbae,region_18,card,success,2026-02-20
txn_0000290,cust_00002,merch_0045,home_goods,2026-05-11 05:49:17,677.87,dev_c2fe882877,region_21,card,success,2026-01-21
txn_0000619,cust_00005,merch_0022,groceries,2026-05-11 05:52:43,1048.97,dev_88a6698d70,region_09,upi,success,2025-06-11
txn_0001542,cust_00015,merch_0041,digital_goods,2026-05-11 06:02:37,679.09,dev_c85f2cd462,region_11,netbanking,success,2025-04-26
txn_0000531,cust_00004,merch_0042,home_goods,2026-05-11 06:26:22,810.31,dev_5d98562187,region_22,wallet,success,2025-10-27
txn_0000395,cust_00003,merch_0048,groceries,2026-05-11 06:46:39,987.44,dev_61c49512f5,region_20,card,success,2025-12-30
txn_0002999,cust_00028,merch_0107,groceries,2026-05-11 07:14:46,572.34,dev_0fd2ab5f2c,region_20,card,success,2025-03-16
txn_0000617,cust_00005,merch_0074,travel,2026-05-11 07:31:06,1363.67,dev_88a6698d70,region_09,card,success,2025-06-11
txn_0003229,cust_00031,merch_0145,digital_goods,2026-05-11 07:41:21,193.2,dev_b8ce223e2d,region_15,upi,success,2025-02-16
txn_0000398,cust_00003,merch_0124,electronics,2026-05-11 07:57:15,891.84,dev_61c49512f5,region_20,upi,success,2025-12-30
txn_0002680,cust_00025,merch_0006,food_delivery,2026-05-11 08:07:39,633.46,dev_c61377a306,region_09,card,success,2025-08-13
txn_0001544,cust_00015,merch_0162,digital_goods,2026-05-11 08:15:14,907.32,dev_c85f2cd462,region_11,upi,failed,2025-04-26
txn_0002525,cust_00024,merch_0116,groceries,2026-05-11 08:24:28,739.28,dev_fbb25b4e5c,region_10,upi,success,2024-07-18
txn_0000394,cust_00003,merch_0132,groceries,2026-05-11 08:36:04,839.1,dev_61c49512f5,region_20,card,success,2025-12-30
txn_0000195,cust_00001,merch_0106,fashion,2026-05-11 08:48:11,1039.27,dev_8b01cc1cb7,region_11,card,success,2026-03-16
txn_0003342,cust_00034,merch_0123,fashion,2026-05-11 08:49:54,1973.36,dev_b983ceccdc,region_23,wallet,success,2025-12-14
txn_0002244,cust_00021,merch_0076,electronics,2026-05-11 09:50:12,265.9,dev_23cb667f8d,region_17,card,success,2026-01-27
txn_0002046,cust_00019,merch_0012,food_delivery,2026-05-11 10:13:56,418.83,dev_c16cfa8786,region_12,wallet,success,2025-12-18
txn_0001764,cust_00016,merch_0094,home_goods,2026-05-11 10:15:21,1681.56,dev_ff4d7123cb,region_05,card,failed,2026-03-16
txn_0000056,cust_00000,merch_0067,travel,2026-05-11 10:44:02,1249.24,dev_d8eee72e0e,region_16,card,success,2024-10-19
txn_0002345,cust_00022,merch_0044,groceries,2026-05-11 10:55:56,714.0,dev_a7c1738df4,region_15,card,failed,2026-01-24
txn_0002998,cust_00028,merch_0164,travel,2026-05-11 10:59:50,444.17,dev_0fd2ab5f2c,region_20,card,success,2025-03-16
txn_0001109,cust_00011,merch_0023,food_delivery,2026-05-11 11:49:31,271.84,dev_d97d35dfcc,region_16,card,success,2025-12-23
txn_0001541,cust_00015,merch_0109,food_delivery,2026-05-11 11:52:22,1131.36,dev_c85f2cd462,region_11,card,success,2025-04-26
txn_0000797,cust_00007,merch_0177,fashion,2026-05-11 11:57:36,627.92,dev_ded833c13d,region_05,card,success,2026-01-03
txn_0000289,cust_00002,merch_0095,digital_goods,2026-05-11 12:40:25,592.04,dev_c2fe882877,region_21,wallet,success,2026-01-21
txn_0000397,cust_00003,merch_0171,food_delivery,2026-05-11 13:37:37,555.7,dev_61c49512f5,region_20,card,success,2025-12-30
txn_0003127,cust_00029,merch_0062,groceries,2026-05-11 13:57:36,494.77,dev_9fe5b185ac,region_04,wallet,success,2025-05-28
txn_0002526,cust_00024,merch_0051,fashion,2026-05-11 14:15:14,1679.39,dev_fbb25b4e5c,region_10,card,success,2024-07-18
txn_0003623,cust_00037,merch_0051,fashion,2026-05-11 14:46:19,387.16,dev_e5a094c0cb,region_22,card,success,2026-03-22
txn_0001273,cust_00013,merch_0156,digital_goods,2026-05-11 15:57:38,2909.66,dev_1e3cfb13fa,region_16,card,success,2025-01-05
txn_0001272,cust_00013,merch_0100,groceries,2026-05-11 16:24:38,3004.2,dev_1e3cfb13fa,region_16,card,success,2025-01-05
txn_0001108,cust_00011,merch_0012,food_delivery,2026-05-11 17:16:15,631.78,dev_d97d35dfcc,region_16,upi,success,2025-12-23
txn_0002155,cust_00020,merch_0034,home_goods,2026-05-11 17:23:34,458.41,dev_44ebf7337f,region_16,card,success,2026-02-23
txn_0000618,cust_00005,merch_0063,groceries,2026-05-11 17:59:32,1435.49,dev_88a6698d70,region_09,upi,success,2025-06-11
txn_0003441,cust_00035,merch_0079,fashion,2026-05-11 18:07:25,711.87,dev_26cb4432c0,region_04,card,success,2026-03-06
txn_0000393,cust_00003,merch_0119,home_goods,2026-05-11 18:47:10,1192.76,dev_61c49512f5,region_20,card,success,2025-12-30
txn_0000796,cust_00007,merch_0077,home_goods,2026-05-11 18:53:35,660.66,dev_ded833c13d,region_05,card,success,2026-01-03
txn_0002682,cust_00025,merch_0016,fashion,2026-05-11 19:01:18,737.29,dev_c61377a306,region_09,upi,success,2025-08-13
txn_0000847,cust_00008,merch_0051,fashion,2026-05-11 19:02:23,656.96,dev_ddb545484a,region_14,card,success,2024-12-23
txn_0003622,cust_00037,merch_0107,groceries,2026-05-11 20:04:23,84.97,dev_e5a094c0cb,region_22,card,success,2026-03-22
txn_0001765,cust_00016,merch_0142,fashion,2026-05-11 20:18:23,1289.06,dev_ff4d7123cb,region_05,card,success,2026-03-16
txn_0000849,cust_00008,merch_0055,digital_goods,2026-05-11 21:05:10,1202.71,dev_ddb545484a,region_14,card,success,2024-12-23
txn_0002243,cust_00021,merch_0162,digital_goods,2026-05-11 21:06:39,452.12,dev_23cb667f8d,region_17,upi,success,2026-01-27
txn_0000194,cust_00001,merch_0023,food_delivery,2026-05-11 21:06:57,1723.91,dev_8b01cc1cb7,region_11,card,failed,2026-03-16
txn_0000726,cust_00006,merch_0080,food_delivery,2026-05-11 21:54:45,735.85,dev_306b522224,region_20,card,success,2026-02-23
txn_0003126,cust_00029,merch_0089,fashion,2026-05-11 22:04:11,745.32,dev_9fe5b185ac,region_04,card,success,2025-05-28
txn_0002681,cust_00025,merch_0060,food_delivery,2026-05-11 22:57:12,466.7,dev_c61377a306,region_09,card,success,2025-08-13
txn_0000532,cust_00004,merch_0080,food_delivery,2026-05-11 23:47:47,1120.05,dev_5d98562187,region_22,card,success,2025-10-27
txn_0000994,cust_00010,merch_0115,home_goods,2026-05-11 23:58:14,714.75,dev_f3a63af8f4,region_24,card,success,2025-10-17
txn_0000200,cust_00001,merch_0041,digital_goods,2026-05-12 00:02:09,1877.68,dev_8b01cc1cb7,region_11,upi,success,2026-03-16
txn_0001546,cust_00015,merch_0041,digital_goods,2026-05-12 00:08:51,719.63,dev_c85f2cd462,region_11,card,success,2025-04-26
txn_0003805,cust_00039,merch_0120,travel,2026-05-12 00:30:10,3374.87,dev_4899813274,region_24,card,success,2026-02-23
txn_0001374,cust_00014,merch_0028,digital_goods,2026-05-12 01:42:16,134.9,dev_a3fb82f6fb,region_04,netbanking,success,2024-12-15
txn_0003627,cust_00037,merch_0158,groceries,2026-05-12 03:17:38,274.3,dev_e5a094c0cb,region_22,upi,success,2026-03-22
txn_0000399,cust_00003,merch_0092,travel,2026-05-12 03:39:56,36.48,dev_61c49512f5,region_20,card,failed,2025-12-30
txn_0001112,cust_00011,merch_0053,travel,2026-05-12 04:33:19,499.57,dev_d97d35dfcc,region_16,card,success,2025-12-23
txn_0002683,cust_00025,merch_0059,digital_goods,2026-05-12 04:47:17,649.29,dev_c61377a306,region_09,upi,success,2025-08-13
txn_0003000,cust_00028,merch_0009,travel,2026-05-12 05:17:01,705.36,dev_0fd2ab5f2c,region_20,card,success,2025-03-16
txn_0000409,cust_00003,merch_0031,home_goods,2026-05-12 05:22:28,34.45,dev_61c49512f5,region_20,upi,failed,2025-12-30
txn_0000057,cust_00000,merch_0144,groceries,2026-05-12 05:35:30,888.9,dev_d8eee72e0e,region_16,upi,success,2024-10-19
txn_0001876,cust_00017,merch_0089,fashion,2026-05-12 06:01:48,224.85,dev_e5dfc6a9a5,region_12,upi,success,2026-01-13
txn_0000533,cust_00004,merch_0137,digital_goods,2026-05-12 06:22:46,1286.6,dev_5d98562187,region_22,upi,success,2025-10-27
txn_0002842,cust_00026,merch_0040,groceries,2026-05-12 06:32:19,683.48,dev_3d6886d22a,region_08,upi,success,2025-12-24
txn_0003230,cust_00031,merch_0114,food_delivery,2026-05-12 07:00:30,261.9,dev_b8ce223e2d,region_15,upi,success,2025-02-16
txn_0003288,cust_00033,merch_0126,food_delivery,2026-05-12 07:09:17,2652.12,dev_3b4c2de63a,region_09,upi,success,2025-12-09
txn_0001767,cust_00016,merch_0145,digital_goods,2026-05-12 07:45:51,1438.0,dev_ff4d7123cb,region_05,card,success,2026-03-16
txn_0002685,cust_00025,merch_0090,home_goods,2026-05-12 07:47:25,448.92,dev_c61377a306,region_09,upi,success,2025-08-13
txn_0003444,cust_00035,merch_0152,electronics,2026-05-12 08:03:52,1158.22,dev_26cb4432c0,region_04,upi,success,2026-03-06
txn_0000198,cust_00001,merch_0046,digital_goods,2026-05-12 09:52:31,1457.69,dev_8b01cc1cb7,region_11,card,success,2026-03-16
txn_0000199,cust_00001,merch_0157,travel,2026-05-12 10:05:32,2356.15,dev_8b01cc1cb7,region_11,netbanking,success,2026-03-16
txn_0002841,cust_00026,merch_0084,home_goods,2026-05-12 10:22:38,362.11,dev_3d6886d22a,region_08,card,success,2025-12-24
txn_0000996,cust_00010,merch_0101,digital_goods,2026-05-12 10:43:47,557.64,dev_f3a63af8f4,region_24,card,failed,2025-10-17
txn_0000201,cust_00001,merch_0089,fashion,2026-05-12 10:50:07,1664.41,dev_8b01cc1cb7,region_11,card,failed,2026-03-16
txn_0000406,cust_00003,merch_0088,groceries,2026-05-12 10:55:12,7.61,dev_61c49512f5,region_20,card,failed,2025-12-30
txn_0000405,cust_00003,merch_0034,home_goods,2026-05-12 11:28:19,1.91,dev_61c49512f5,region_20,upi,failed,2025-12-30
txn_0003231,cust_00031,merch_0037,electronics,2026-05-12 11:29:42,357.76,dev_b8ce223e2d,region_15,card,success,2025-02-16
txn_0000402,cust_00003,merch_0017,travel,2026-05-12 11:46:46,48.66,dev_61c49512f5,region_20,card,success,2025-12-30
txn_0000729,cust_00006,merch_0122,electronics,2026-05-12 12:24:12,923.37,dev_306b522224,region_20,card,success,2026-02-23
txn_0003287,cust_00033,merch_0050,digital_goods,2026-05-12 12:28:29,4604.38,dev_3b4c2de63a,region_09,card,success,2025-12-09
txn_0000407,cust_00003,merch_0070,home_goods,2026-05-12 12:47:34,48.12,dev_61c49512f5,region_20,card,failed,2025-12-30
txn_0003343,cust_00034,merch_0135,home_goods,2026-05-12 12:53:09,1746.77,dev_b983ceccdc,region_23,upi,success,2025-12-14
txn_0001920,cust_00018,merch_0136,groceries,2026-05-12 13:35:29,15723.19,dev_e3250f6388,region_07,card,success,2026-02-06
txn_0001548,cust_00015,merch_0151,fashion,2026-05-12 13:47:59,291.94,dev_c85f2cd462,region_11,card,success,2025-04-26
txn_0001545,cust_00015,merch_0082,groceries,2026-05-12 14:29:23,1062.69,dev_c85f2cd462,region_11,card,success,2025-04-26
txn_0000401,cust_00003,merch_0164,travel,2026-05-12 14:53:47,44.11,dev_61c49512f5,region_20,upi,failed,2025-12-30
txn_0001110,cust_00011,merch_0011,digital_goods,2026-05-12 14:55:08,294.13,dev_d97d35dfcc,region_16,netbanking,failed,2025-12-23
txn_0000933,cust_00009,merch_0002,fashion,2026-05-12 15:12:02,257.47,dev_c5b5464c6f,region_14,card,success,2025-01-09
txn_0002886,cust_00027,merch_0065,food_delivery,2026-05-12 15:41:04,370.24,dev_a2803eee45,region_24,card,success,2026-03-08
txn_0002684,cust_00025,merch_0158,groceries,2026-05-12 17:30:42,597.73,dev_c61377a306,region_09,upi,success,2025-08-13
txn_0000620,cust_00005,merch_0021,digital_goods,2026-05-12 17:33:09,1182.13,dev_88a6698d70,region_09,upi,success,2025-06-11
txn_0002430,cust_00023,merch_0126,food_delivery,2026-05-12 17:36:17,3717.65,dev_ae0251997d,region_13,wallet,success,2025-09-03
txn_0001111,cust_00011,merch_0109,food_delivery,2026-05-12 17:45:18,732.68,dev_d97d35dfcc,region_16,netbanking,success,2025-12-23
txn_0000400,cust_00003,merch_0001,fashion,2026-05-12 17:45:18,18.01,dev_61c49512f5,region_20,netbanking,failed,2025-12-30
txn_0000404,cust_00003,merch_0093,groceries,2026-05-12 18:05:48,11.54,dev_61c49512f5,region_20,card,failed,2025-12-30
txn_0002158,cust_00020,merch_0069,electronics,2026-05-12 18:35:56,1208.32,dev_44ebf7337f,region_16,upi,failed,2026-02-23
txn_0000728,cust_00006,merch_0051,fashion,2026-05-12 18:49:17,699.97,dev_306b522224,region_20,card,success,2026-02-23
txn_0000408,cust_00003,merch_0172,travel,2026-05-12 19:27:49,27.27,dev_61c49512f5,region_20,card,failed,2025-12-30
txn_0003443,cust_00035,merch_0137,digital_goods,2026-05-12 19:39:31,1216.41,dev_26cb4432c0,region_04,netbanking,success,2026-03-06
txn_0003445,cust_00035,merch_0005,electronics,2026-05-12 19:42:23,571.72,dev_26cb4432c0,region_04,card,success,2026-03-06
txn_0000932,cust_00009,merch_0096,digital_goods,2026-05-12 19:50:05,293.23,dev_c5b5464c6f,region_14,upi,success,2025-01-09
txn_0000995,cust_00010,merch_0007,electronics,2026-05-12 20:02:26,85.2,dev_f3a63af8f4,region_24,upi,success,2025-10-17
txn_0003344,cust_00034,merch_0068,travel,2026-05-12 20:02:26,1535.7,dev_b983ceccdc,region_23,card,success,2025-12-14
txn_0001875,cust_00017,merch_0085,travel,2026-05-12 20:11:30,205.61,dev_e5dfc6a9a5,region_12,netbanking,success,2026-01-13
txn_0000850,cust_00008,merch_0021,digital_goods,2026-05-12 20:33:33,1227.86,dev_ddb545484a,region_14,card,success,2024-12-23
txn_0003442,cust_00035,merch_0054,digital_goods,2026-05-12 20:36:00,736.94,dev_26cb4432c0,region_04,card,success,2026-03-06
txn_0001547,cust_00015,merch_0007,electronics,2026-05-12 21:19:03,325.95,dev_c85f2cd462,region_11,upi,success,2025-04-26
txn_0003626,cust_00037,merch_0176,electronics,2026-05-12 21:20:19,94.55,dev_e5a094c0cb,region_22,card,success,2026-03-22
txn_0003625,cust_00037,merch_0114,food_delivery,2026-05-12 21:33:01,231.89,dev_e5a094c0cb,region_22,upi,success,2026-03-22
txn_0002527,cust_00024,merch_0044,groceries,2026-05-12 21:34:13,2674.29,dev_fbb25b4e5c,region_22,card,success,2024-07-18
txn_0003624,cust_00037,merch_0174,groceries,2026-05-12 21:39:01,284.32,dev_e5a094c0cb,region_22,card,success,2026-03-22
txn_0000403,cust_00003,merch_0101,digital_goods,2026-05-12 22:10:07,40.22,dev_61c49512f5,region_20,card,failed,2025-12-30
txn_0002347,cust_00022,merch_0111,digital_goods,2026-05-12 22:12:48,676.03,dev_a7c1738df4,region_15,card,success,2026-01-24
txn_0000202,cust_00001,merch_0123,fashion,2026-05-12 23:26:23,1709.97,dev_8b01cc1cb7,region_11,card,success,2026-03-16
txn_0000197,cust_00001,merch_0162,digital_goods,2026-05-12 23:38:56,1076.64,dev_8b01cc1cb7,region_11,upi,success,2026-03-16
txn_0000196,cust_00001,merch_0065,food_delivery,2026-05-12 23:58:41,2273.46,dev_8b01cc1cb7,region_11,card,success,2026-03-16
txn_0002159,cust_00020,merch_0009,travel,2026-05-13 00:31:18,386.52,dev_44ebf7337f,region_16,card,success,2026-02-23
txn_0002843,cust_00026,merch_0040,groceries,2026-05-13 00:45:53,828.74,dev_3d6886d22a,region_08,card,success,2025-12-24
txn_0003629,cust_00037,merch_0105,fashion,2026-05-13 00:55:06,203.8,dev_e5a094c0cb,region_22,upi,success,2026-03-22
txn_0000417,cust_00003,merch_0113,food_delivery,2026-05-13 01:20:23,10.75,dev_61c49512f5,region_20,upi,success,2025-12-30
txn_0002690,cust_00025,merch_0102,food_delivery,2026-05-13 01:38:46,541.6,dev_c61377a306,region_09,card,failed,2025-08-13
txn_0000997,cust_00010,merch_0029,food_delivery,2026-05-13 01:57:32,601.24,dev_f3a63af8f4,region_24,card,success,2025-10-17
txn_0003447,cust_00035,merch_0148,home_goods,2026-05-13 02:05:02,1136.53,dev_26cb4432c0,region_04,upi,success,2026-03-06
txn_0003129,cust_00029,merch_0067,travel,2026-05-13 02:43:31,669.05,dev_9fe5b185ac,region_04,card,success,2025-05-28
txn_0000414,cust_00003,merch_0057,digital_goods,2026-05-13 03:44:27,9.06,dev_61c49512f5,region_20,card,failed,2025-12-30
txn_0000059,cust_00000,merch_0129,digital_goods,2026-05-13 04:06:58,2615.43,dev_d8eee72e0e,region_16,card,success,2024-10-19
txn_0000798,cust_00007,merch_0141,electronics,2026-05-13 04:11:33,428.83,dev_ded833c13d,region_05,card,success,2026-01-03
txn_0003723,cust_00038,merch_0053,travel,2026-05-13 04:36:37,529.1,dev_52f1883043,region_06,card,success,2025-08-04
txn_0001115,cust_00011,merch_0133,home_goods,2026-05-13 04:46:06,539.42,dev_d97d35dfcc,region_16,card,success,2025-12-23
txn_0001274,cust_00013,merch_0014,digital_goods,2026-05-13 04:49:45,2214.71,dev_1e3cfb13fa,region_16,card,success,2025-01-05
txn_0003128,cust_00029,merch_0082,groceries,2026-05-13 04:50:09,522.64,dev_9fe5b185ac,region_04,card,success,2025-05-28
txn_0002844,cust_00026,merch_0014,digital_goods,2026-05-13 05:25:00,541.36,dev_3d6886d22a,region_08,netbanking,success,2025-12-24
txn_0002688,cust_00025,merch_0022,groceries,2026-05-13 05:27:38,682.31,dev_c61377a306,region_09,card,success,2025-08-13
txn_0003450,cust_00035,merch_0151,fashion,2026-05-13 06:09:00,648.39,dev_26cb4432c0,region_04,upi,success,2026-03-06
txn_0003628,cust_00037,merch_0063,groceries,2026-05-13 06:43:06,358.79,dev_e5a094c0cb,region_22,card,success,2026-03-22
txn_0001550,cust_00015,merch_0163,digital_goods,2026-05-13 06:47:41,700.58,dev_c85f2cd462,region_11,card,success,2025-04-26
txn_0000058,cust_00000,merch_0048,groceries,2026-05-13 07:11:30,610.45,dev_d8eee72e0e,region_16,netbanking,success,2024-10-19
txn_0002689,cust_00025,merch_0134,electronics,2026-05-13 07:27:11,397.86,dev_c61377a306,region_09,card,failed,2025-08-13
txn_0000205,cust_00001,merch_0095,digital_goods,2026-05-13 07:31:41,1513.21,dev_8b01cc1cb7,region_11,upi,success,2026-03-16
txn_0001114,cust_00011,merch_0022,groceries,2026-05-13 07:43:35,735.16,dev_d97d35dfcc,region_16,card,success,2025-12-23
txn_0002687,cust_00025,merch_0061,electronics,2026-05-13 08:03:47,448.3,dev_c61377a306,region_09,card,success,2025-08-13
txn_0003446,cust_00035,merch_0085,travel,2026-05-13 08:22:37,913.23,dev_26cb4432c0,region_04,card,failed,2026-03-06
txn_0003001,cust_00028,merch_0073,electronics,2026-05-13 09:30:55,329.98,dev_0fd2ab5f2c,region_20,upi,success,2025-03-16
txn_0000934,cust_00009,merch_0141,electronics,2026-05-13 10:29:56,219.1,dev_c5b5464c6f,region_14,upi,success,2025-01-09
txn_0000418,cust_00003,merch_0024,fashion,2026-05-13 10:51:20,2.26,dev_61c49512f5,region_20,card,failed,2025-12-30
txn_0002528,cust_00024,merch_0055,digital_goods,2026-05-13 10:55:06,558.73,dev_fbb25b4e5c,region_10,card,success,2024-07-18
txn_0000998,cust_00010,merch_0142,fashion,2026-05-13 11:07:45,785.14,dev_f3a63af8f4,region_24,card,success,2025-10-17
txn_0000411,cust_00003,merch_0006,food_delivery,2026-05-13 11:44:26,26.92,dev_61c49512f5,region_20,upi,failed,2025-12-30
txn_0001551,cust_00015,merch_0044,groceries,2026-05-13 12:10:27,603.3,dev_c85f2cd462,region_11,card,success,2025-04-26
txn_0003448,cust_00035,merch_0047,groceries,2026-05-13 12:37:27,711.54,dev_26cb4432c0,region_04,upi,success,2026-03-06
txn_0001275,cust_00013,merch_0131,electronics,2026-05-13 12:49:22,1953.68,dev_1e3cfb13fa,region_16,card,success,2025-01-05
txn_0000621,cust_00005,merch_0170,electronics,2026-05-13 13:33:19,1155.11,dev_88a6698d70,region_09,card,success,2025-06-11
txn_0000415,cust_00003,merch_0105,fashion,2026-05-13 13:42:23,1.85,dev_61c49512f5,region_20,card,failed,2025-12-30
txn_0000410,cust_00003,merch_0145,digital_goods,2026-05-13 13:49:08,1.61,dev_61c49512f5,region_20,upi,failed,2025-12-30
txn_0002686,cust_00025,merch_0068,travel,2026-05-13 13:53:35,621.17,dev_c61377a306,region_09,card,success,2025-08-13
txn_0003003,cust_00028,merch_0127,groceries,2026-05-13 13:57:02,458.33,dev_0fd2ab5f2c,region_20,card,success,2025-03-16
txn_0000060,cust_00000,merch_0070,home_goods,2026-05-13 14:11:00,1307.75,dev_d8eee72e0e,region_16,card,success,2024-10-19
txn_0000852,cust_00008,merch_0115,home_goods,2026-05-13 14:18:10,403.05,dev_ddb545484a,region_14,card,success,2024-12-23
txn_0001549,cust_00015,merch_0056,digital_goods,2026-05-13 15:16:48,1071.31,dev_c85f2cd462,region_11,card,success,2025-04-26
txn_0002047,cust_00019,merch_0111,digital_goods,2026-05-13 16:19:07,232.98,dev_c16cfa8786,region_12,upi,success,2025-12-18
txn_0001276,cust_00013,merch_0065,food_delivery,2026-05-13 16:53:35,1738.48,dev_1e3cfb13fa,region_16,card,success,2025-01-05
txn_0001768,cust_00016,merch_0161,food_delivery,2026-05-13 16:55:04,2231.29,dev_ff4d7123cb,region_05,card,success,2026-03-16
txn_0003004,cust_00028,merch_0107,groceries,2026-05-13 17:03:48,359.12,dev_0fd2ab5f2c,region_20,upi,success,2025-03-16
txn_0000412,cust_00003,merch_0095,digital_goods,2026-05-13 17:14:07,19.34,dev_61c49512f5,region_20,card,success,2025-12-30
txn_0001162,cust_00012,merch_0047,groceries,2026-05-13 17:20:20,176.36,dev_a68aa3d101,region_17,upi,failed,2026-02-15
txn_0000203,cust_00001,merch_0175,groceries,2026-05-13 17:21:20,939.92,dev_8b01cc1cb7,region_11,card,success,2026-03-16
txn_0001113,cust_00011,merch_0069,electronics,2026-05-13 17:22:12,591.5,dev_d97d35dfcc,region_16,card,success,2025-12-23
txn_0002529,cust_00024,merch_0063,groceries,2026-05-13 17:25:52,1377.0,dev_fbb25b4e5c,region_10,card,success,2024-07-18
txn_0002348,cust_00022,merch_0167,electronics,2026-05-13 17:38:05,963.56,dev_a7c1738df4,region_15,netbanking,success,2026-01-24
txn_0002431,cust_00023,merch_0134,electronics,2026-05-13 17:42:02,3207.51,dev_ae0251997d,region_13,wallet,success,2025-09-03
txn_0001376,cust_00014,merch_0017,travel,2026-05-13 19:14:54,193.91,dev_a3fb82f6fb,region_04,upi,success,2024-12-15
txn_0000413,cust_00003,merch_0176,electronics,2026-05-13 19:16:11,10.13,dev_61c49512f5,region_20,upi,failed,2025-12-30
txn_0000204,cust_00001,merch_0124,electronics,2026-05-13 19:28:20,939.86,dev_8b01cc1cb7,region_11,upi,success,2026-03-16
txn_0003449,cust_00035,merch_0012,food_delivery,2026-05-13 20:28:25,924.03,dev_26cb4432c0,region_04,upi,success,2026-03-06
txn_0003232,cust_00031,merch_0001,fashion,2026-05-13 21:27:21,191.41,dev_b8ce223e2d,region_15,card,success,2025-02-16
txn_0002887,cust_00027,merch_0101,digital_goods,2026-05-13 21:44:23,338.04,dev_a2803eee45,region_24,card,success,2026-03-08
txn_0000851,cust_00008,merch_0030,home_goods,2026-05-13 21:49:01,1112.45,dev_ddb545484a,region_14,card,success,2024-12-23
txn_0001375,cust_00014,merch_0158,groceries,2026-05-13 23:00:14,101.32,dev_a3fb82f6fb,region_04,upi,success,2024-12-15
txn_0003002,cust_00028,merch_0035,electronics,2026-05-13 23:30:00,358.25,dev_0fd2ab5f2c,region_20,card,success,2025-03-16
txn_0000416,cust_00003,merch_0170,electronics,2026-05-13 23:43:48,21.98,dev_61c49512f5,region_20,card,failed,2025-12-30
txn_0000799,cust_00007,merch_0098,electronics,2026-05-13 23:59:14,589.8,dev_ded833c13d,region_05,upi,success,2026-01-03
txn_0002694,cust_00025,merch_0030,home_goods,2026-05-14 00:05:31,579.01,dev_c61377a306,region_09,upi,success,2025-08-13
txn_0003451,cust_00035,merch_0115,home_goods,2026-05-14 00:43:08,1104.06,dev_26cb4432c0,region_04,card,success,2026-03-06
txn_0002048,cust_00019,merch_0076,electronics,2026-05-14 00:46:52,282.81,dev_c16cfa8786,region_12,card,success,2025-12-18
txn_0001558,cust_00015,merch_0081,fashion,2026-05-14 01:03:15,1061.19,dev_c85f2cd462,region_11,card,success,2025-04-26
txn_0002691,cust_00025,merch_0064,food_delivery,2026-05-14 01:20:06,550.05,dev_c61377a306,region_09,card,success,2025-08-13
txn_0000424,cust_00003,merch_0120,travel,2026-05-14 01:23:53,11.58,dev_61c49512f5,region_20,upi,failed,2025-12-30
txn_0002051,cust_00019,merch_0119,home_goods,2026-05-14 01:24:52,332.61,dev_c16cfa8786,region_12,card,success,2025-12-18
txn_0000422,cust_00003,merch_0060,food_delivery,2026-05-14 01:27:24,2.34,dev_61c49512f5,region_20,upi,failed,2025-12-30
txn_0003007,cust_00028,merch_0155,travel,2026-05-14 01:54:02,482.32,dev_0fd2ab5f2c,region_20,card,success,2025-03-16
txn_0002530,cust_00024,merch_0003,food_delivery,2026-05-14 02:07:37,1127.49,dev_fbb25b4e5c,region_10,upi,success,2024-07-18
txn_0003453,cust_00035,merch_0138,digital_goods,2026-05-14 02:11:04,935.31,dev_26cb4432c0,region_04,netbanking,success,2026-03-06
txn_0001556,cust_00015,merch_0090,home_goods,2026-05-14 02:13:34,963.24,dev_c85f2cd462,region_11,netbanking,success,2025-04-26
txn_0003724,cust_00038,merch_0122,electronics,2026-05-14 02:26:47,372.2,dev_52f1883043,region_06,card,success,2025-08-04
txn_0000427,cust_00003,merch_0010,food_delivery,2026-05-14 02:48:51,39.47,dev_61c49512f5,region_20,upi,failed,2025-12-30
txn_0003290,cust_00033,merch_0019,travel,2026-05-14 03:05:32,2802.89,dev_3b4c2de63a,region_09,card,success,2025-12-09
txn_0003006,cust_00028,merch_0157,travel,2026-05-14 03:14:23,492.68,dev_0fd2ab5f2c,region_20,card,success,2025-03-16
txn_0000622,cust_00005,merch_0085,travel,2026-05-14 03:28:00,697.13,dev_88a6698d70,region_09,card,success,2025-06-11
txn_0000419,cust_00003,merch_0046,digital_goods,2026-05-14 03:48:51,26.94,dev_7d8918a782,region_20,card,failed,2025-12-30
txn_0002350,cust_00022,merch_0156,digital_goods,2026-05-14 04:01:09,570.55,dev_a7c1738df4,region_15,card,success,2026-01-24
txn_0001921,cust_00018,merch_0130,food_delivery,2026-05-14 04:07:12,8385.45,dev_e3250f6388,region_07,card,success,2026-02-06
txn_0001771,cust_00016,merch_0117,groceries,2026-05-14 04:39:47,1525.48,dev_ff4d7123cb,region_05,upi,success,2026-03-16
txn_0003806,cust_00039,merch_0046,digital_goods,2026-05-14 04:57:00,2232.11,dev_4899813274,region_24,upi,success,2026-02-23
txn_0002432,cust_00023,merch_0125,fashion,2026-05-14 05:01:27,580.91,dev_ae0251997d,region_13,upi,failed,2025-09-03
txn_0001560,cust_00015,merch_0064,food_delivery,2026-05-14 06:43:25,931.55,dev_c85f2cd462,region_11,netbanking,success,2025-04-26
txn_0003130,cust_00029,merch_0099,fashion,2026-05-14 06:59:53,1001.08,dev_9fe5b185ac,region_04,netbanking,success,2025-05-28
txn_0000425,cust_00003,merch_0085,travel,2026-05-14 07:02:11,39.88,dev_61c49512f5,region_20,card,failed,2025-12-30
txn_0001554,cust_00015,merch_0020,digital_goods,2026-05-14 07:40:57,898.3,dev_c85f2cd462,region_11,wallet,success,2025-04-26
txn_0002049,cust_00019,merch_0128,electronics,2026-05-14 07:53:25,452.35,dev_c16cfa8786,region_12,card,success,2025-12-18
txn_0001279,cust_00013,merch_0045,home_goods,2026-05-14 08:02:32,1831.31,dev_1e3cfb13fa,region_16,card,success,2025-01-05
txn_0003131,cust_00029,merch_0047,groceries,2026-05-14 08:14:08,435.96,dev_9fe5b185ac,region_04,netbanking,success,2025-05-28
txn_0000426,cust_00003,merch_0012,food_delivery,2026-05-14 09:05:18,47.88,dev_61c49512f5,region_20,card,failed,2025-12-30
txn_0003233,cust_00031,merch_0094,home_goods,2026-05-14 09:11:49,365.89,dev_b8ce223e2d,region_15,card,success,2025-02-16
txn_0001552,cust_00015,merch_0027,digital_goods,2026-05-14 09:13:07,1119.41,dev_c85f2cd462,region_11,card,success,2025-04-26
txn_0001378,cust_00014,merch_0167,electronics,2026-05-14 09:52:35,161.96,dev_a3fb82f6fb,region_04,card,success,2024-12-15
txn_0001769,cust_00016,merch_0128,electronics,2026-05-14 10:40:15,884.21,dev_ff4d7123cb,region_05,card,success,2026-03-16
txn_0000731,cust_00006,merch_0129,digital_goods,2026-05-14 11:17:22,422.89,dev_306b522224,region_20,card,success,2026-02-23
txn_0000937,cust_00009,merch_0039,fashion,2026-05-14 11:34:20,267.27,dev_c5b5464c6f,region_14,upi,success,2025-01-09
txn_0002161,cust_00020,merch_0061,electronics,2026-05-14 11:36:17,623.86,dev_44ebf7337f,region_16,card,success,2026-02-23
txn_0000730,cust_00006,merch_0146,food_delivery,2026-05-14 11:49:50,425.76,dev_306b522224,region_20,card,failed,2026-02-23
txn_0003005,cust_00028,merch_0141,electronics,2026-05-14 12:40:07,315.61,dev_0fd2ab5f2c,region_20,card,success,2025-03-16
txn_0002692,cust_00025,merch_0122,electronics,2026-05-14 12:41:31,559.22,dev_c61377a306,region_09,upi,success,2025-08-13
txn_0001377,cust_00014,merch_0089,fashion,2026-05-14 12:57:10,110.71,dev_a3fb82f6fb,region_04,upi,success,2024-12-15
txn_0000936,cust_00009,merch_0148,home_goods,2026-05-14 13:00:25,258.69,dev_c5b5464c6f,region_14,upi,success,2025-01-09
txn_0000420,cust_00003,merch_0024,fashion,2026-05-14 14:19:58,1.95,dev_61c49512f5,region_20,card,success,2025-12-30
txn_0002349,cust_00022,merch_0100,groceries,2026-05-14 14:58:34,710.92,dev_a7c1738df4,region_15,card,success,2026-01-24
txn_0001379,cust_00014,merch_0114,food_delivery,2026-05-14 15:03:55,200.44,dev_a3fb82f6fb,region_04,card,success,2024-12-15
txn_0001278,cust_00013,merch_0082,groceries,2026-05-14 15:32:48,569.33,dev_1e3cfb13fa,region_16,wallet,success,2025-01-05
txn_0003234,cust_00031,merch_0049,fashion,2026-05-14 15:46:05,302.01,dev_b8ce223e2d,region_15,wallet,success,2025-02-16
txn_0000935,cust_00009,merch_0000,travel,2026-05-14 15:50:31,245.54,dev_c5b5464c6f,region_14,card,success,2025-01-09
txn_0001562,cust_00015,merch_0111,digital_goods,2026-05-14 15:56:29,588.73,dev_c85f2cd462,region_11,netbanking,success,2025-04-26
txn_0001877,cust_00017,merch_0137,digital_goods,2026-05-14 16:13:43,175.45,dev_e5dfc6a9a5,region_12,card,success,2026-01-13
txn_0003630,cust_00037,merch_0146,food_delivery,2026-05-14 16:15:26,135.92,dev_e5a094c0cb,region_22,upi,success,2026-03-22
txn_0001117,cust_00011,merch_0078,digital_goods,2026-05-14 16:26:28,232.68,dev_d97d35dfcc,region_16,card,success,2025-12-23
txn_0000206,cust_00001,merch_0096,digital_goods,2026-05-14 16:52:52,10.0,dev_8b01cc1cb7,region_11,upi,success,2026-03-16
txn_0003289,cust_00033,merch_0024,fashion,2026-05-14 16:57:24,3503.53,dev_3b4c2de63a,region_09,wallet,success,2025-12-09
txn_0000423,cust_00003,merch_0061,electronics,2026-05-14 17:05:15,24.18,dev_61c49512f5,region_20,card,success,2025-12-30
txn_0000428,cust_00003,merch_0066,fashion,2026-05-14 17:37:34,22.03,dev_61c49512f5,region_20,card,failed,2025-12-30
txn_0001770,cust_00016,merch_0145,digital_goods,2026-05-14 18:02:05,1267.59,dev_ff4d7123cb,region_05,card,failed,2026-03-16
txn_0003345,cust_00034,merch_0168,digital_goods,2026-05-14 18:14:25,997.88,dev_b983ceccdc,region_23,card,success,2025-12-14
txn_0002050,cust_00019,merch_0089,fashion,2026-05-14 18:25:51,323.57,dev_c16cfa8786,region_12,card,success,2025-12-18
txn_0001277,cust_00013,merch_0001,fashion,2026-05-14 19:19:08,1176.74,dev_1e3cfb13fa,region_16,card,success,2025-01-05
txn_0000207,cust_00001,merch_0036,travel,2026-05-14 20:02:14,2658.79,dev_8b01cc1cb7,region_11,card,success,2026-03-16
txn_0001555,cust_00015,merch_0021,digital_goods,2026-05-14 20:05:32,677.96,dev_c85f2cd462,region_11,card,success,2025-04-26
txn_0001163,cust_00012,merch_0157,travel,2026-05-14 20:11:34,172.69,dev_a68aa3d101,region_17,card,success,2026-02-15
txn_0000421,cust_00003,merch_0021,digital_goods,2026-05-14 20:15:06,26.38,dev_61c49512f5,region_20,card,failed,2025-12-30
txn_0002160,cust_00020,merch_0092,travel,2026-05-14 20:54:44,791.59,dev_44ebf7337f,region_16,upi,success,2026-02-23
txn_0001553,cust_00015,merch_0038,travel,2026-05-14 21:37:04,853.41,dev_c85f2cd462,region_11,upi,success,2025-04-26
txn_0002888,cust_00027,merch_0171,food_delivery,2026-05-14 21:57:24,986.51,dev_a2803eee45,region_24,card,success,2026-03-08
txn_0002245,cust_00021,merch_0081,fashion,2026-05-14 22:04:06,378.36,dev_23cb667f8d,region_17,upi,success,2026-01-27
txn_0002693,cust_00025,merch_0176,electronics,2026-05-14 22:09:18,482.33,dev_c61377a306,region_09,card,success,2025-08-13
txn_0001559,cust_00015,merch_0154,digital_goods,2026-05-14 22:11:02,1181.26,dev_c85f2cd462,region_11,card,success,2025-04-26
txn_0000534,cust_00004,merch_0121,digital_goods,2026-05-14 22:12:30,902.86,dev_5d98562187,region_22,upi,success,2025-10-27
txn_0001561,cust_00015,merch_0094,home_goods,2026-05-14 22:16:32,407.74,dev_c85f2cd462,region_11,card,success,2025-04-26
txn_0003452,cust_00035,merch_0153,electronics,2026-05-14 23:26:02,648.55,dev_26cb4432c0,region_04,upi,failed,2026-03-06
txn_0003631,cust_00037,merch_0175,groceries,2026-05-14 23:34:11,263.54,dev_e5a094c0cb,region_22,card,success,2026-03-22
txn_0002351,cust_00022,merch_0142,fashion,2026-05-14 23:34:59,274.12,dev_a7c1738df4,region_15,card,success,2026-01-24
txn_0002845,cust_00026,merch_0067,travel,2026-05-14 23:36:13,420.95,dev_3d6886d22a,region_08,card,success,2025-12-24
txn_0001116,cust_00011,merch_0168,digital_goods,2026-05-14 23:44:44,582.77,dev_d97d35dfcc,region_16,upi,success,2025-12-23
txn_0001557,cust_00015,merch_0168,digital_goods,2026-05-14 23:48:42,901.99,dev_c85f2cd462,region_11,card,success,2025-04-26
txn_0001563,cust_00015,merch_0008,travel,2026-05-15 00:12:12,1084.02,dev_c85f2cd462,region_11,upi,success,2025-04-26
txn_0000063,cust_00000,merch_0070,home_goods,2026-05-15 00:21:05,2375.85,dev_d8eee72e0e,region_16,upi,success,2024-10-19
txn_0001772,cust_00016,merch_0062,groceries,2026-05-15 00:27:23,1763.6,dev_ff4d7123cb,region_05,card,success,2026-03-16
txn_0000853,cust_00008,merch_0041,digital_goods,2026-05-15 01:14:05,1157.46,dev_ddb545484a,region_14,upi,success,2024-12-23
txn_0000732,cust_00006,merch_0126,food_delivery,2026-05-15 01:49:33,920.76,dev_306b522224,region_20,upi,success,2026-02-23
txn_0003632,cust_00037,merch_0165,groceries,2026-05-15 02:00:10,134.05,dev_e5a094c0cb,region_22,upi,failed,2026-03-22
txn_0000939,cust_00009,merch_0042,home_goods,2026-05-15 02:22:59,191.23,dev_c5b5464c6f,region_14,upi,success,2025-01-09
txn_0000435,cust_00003,merch_0062,groceries,2026-05-15 02:51:05,37.14,dev_61c49512f5,region_20,card,failed,2025-12-30
txn_0000437,cust_00003,merch_0057,digital_goods,2026-05-15 02:57:33,15.97,dev_61c49512f5,region_20,card,failed,2025-12-30
txn_0000800,cust_00007,merch_0104,travel,2026-05-15 03:13:38,731.06,dev_ded833c13d,region_05,card,failed,2026-01-03
txn_0003545,cust_00036,merch_0093,groceries,2026-05-15 03:14:05,482.26,dev_f10e01fbae,region_18,upi,success,2026-02-20
txn_0001118,cust_00011,merch_0133,home_goods,2026-05-15 03:55:52,313.14,dev_d97d35dfcc,region_16,card,failed,2025-12-23
txn_0000938,cust_00009,merch_0178,travel,2026-05-15 03:58:50,268.9,dev_c5b5464c6f,region_14,upi,success,2025-01-09
txn_0003291,cust_00033,merch_0101,digital_goods,2026-05-15 04:06:49,1820.59,dev_3b4c2de63a,region_09,card,success,2025-12-09
txn_0002352,cust_00022,merch_0068,travel,2026-05-15 05:42:35,930.58,dev_a7c1738df4,region_15,card,success,2026-01-24
txn_0002699,cust_00025,merch_0007,electronics,2026-05-15 06:15:29,624.76,dev_c61377a306,region_09,upi,success,2025-08-13
txn_0003346,cust_00034,merch_0041,digital_goods,2026-05-15 06:26:01,956.61,dev_b983ceccdc,region_23,card,success,2025-12-14
txn_0000064,cust_00000,merch_0018,home_goods,2026-05-15 06:26:15,1172.39,dev_d8eee72e0e,region_16,card,success,2024-10-19
txn_0000062,cust_00000,merch_0155,travel,2026-05-15 06:33:34,521.91,dev_d8eee72e0e,region_16,card,success,2024-10-19
txn_0000440,cust_00003,merch_0097,electronics,2026-05-15 06:52:16,46.5,dev_61c49512f5,region_20,upi,failed,2025-12-30
txn_0000433,cust_00003,merch_0115,home_goods,2026-05-15 07:06:04,9.9,dev_61c49512f5,region_20,card,failed,2025-12-30
txn_0003455,cust_00035,merch_0135,home_goods,2026-05-15 07:07:30,1178.27,dev_26cb4432c0,region_04,card,success,2026-03-06
txn_0002052,cust_00019,merch_0028,digital_goods,2026-05-15 07:12:16,323.39,dev_c16cfa8786,region_12,wallet,failed,2025-12-18
txn_0001381,cust_00014,merch_0149,electronics,2026-05-15 07:18:23,130.5,dev_a3fb82f6fb,region_04,netbanking,success,2024-12-15
txn_0003292,cust_00033,merch_0133,home_goods,2026-05-15 07:25:12,3625.21,dev_3b4c2de63a,region_09,card,failed,2025-12-09
txn_0000431,cust_00003,merch_0014,digital_goods,2026-05-15 07:40:47,13.1,dev_61c49512f5,region_20,card,success,2025-12-30
txn_0000429,cust_00003,merch_0041,digital_goods,2026-05-15 07:47:23,2.04,dev_61c49512f5,region_20,card,success,2025-12-30
txn_0000438,cust_00003,merch_0141,electronics,2026-05-15 07:57:05,10.77,dev_61c49512f5,region_20,upi,success,2025-12-30
txn_0000430,cust_00003,merch_0070,home_goods,2026-05-15 08:01:26,37.48,dev_61c49512f5,region_20,upi,success,2025-12-30
txn_0001382,cust_00014,merch_0002,fashion,2026-05-15 08:35:43,127.19,dev_a3fb82f6fb,region_04,upi,success,2024-12-15
txn_0003543,cust_00036,merch_0011,digital_goods,2026-05-15 08:53:47,462.44,dev_f10e01fbae,region_18,netbanking,success,2026-02-20
txn_0000535,cust_00004,merch_0144,groceries,2026-05-15 09:38:33,999.01,dev_5d98562187,region_22,card,success,2025-10-27
txn_0003235,cust_00031,merch_0103,home_goods,2026-05-15 09:48:28,494.24,dev_b8ce223e2d,region_15,card,success,2025-02-16
txn_0000291,cust_00002,merch_0124,electronics,2026-05-15 10:22:59,730.26,dev_c2fe882877,region_21,card,success,2026-01-21
txn_0000735,cust_00006,merch_0159,electronics,2026-05-15 10:27:23,1004.19,dev_306b522224,region_20,card,success,2026-02-23
txn_0003542,cust_00036,merch_0049,fashion,2026-05-15 10:36:59,304.75,dev_f10e01fbae,region_18,card,success,2026-02-20
txn_0003134,cust_00029,merch_0174,groceries,2026-05-15 12:06:43,522.01,dev_9fe5b185ac,region_04,upi,success,2025-05-28
txn_0003132,cust_00029,merch_0029,food_delivery,2026-05-15 12:47:19,748.96,dev_9fe5b185ac,region_04,netbanking,success,2025-05-28
txn_0002695,cust_00025,merch_0034,home_goods,2026-05-15 13:08:27,574.23,dev_c61377a306,region_09,netbanking,success,2025-08-13
txn_0002434,cust_00023,merch_0084,home_goods,2026-05-15 13:10:13,2927.23,dev_ae0251997d,region_13,card,success,2025-09-03
txn_0002531,cust_00024,merch_0112,electronics,2026-05-15 13:50:15,933.76,dev_fbb25b4e5c,region_10,upi,success,2024-07-18
txn_0002696,cust_00025,merch_0026,digital_goods,2026-05-15 13:57:23,325.54,dev_c61377a306,region_09,card,failed,2025-08-13
txn_0002162,cust_00020,merch_0131,electronics,2026-05-15 14:14:46,543.91,dev_44ebf7337f,region_16,card,failed,2026-02-23
txn_0001380,cust_00014,merch_0099,fashion,2026-05-15 14:25:17,208.03,dev_a3fb82f6fb,region_04,upi,success,2024-12-15
txn_0002697,cust_00025,merch_0086,electronics,2026-05-15 14:39:29,438.1,dev_c61377a306,region_09,card,success,2025-08-13
txn_0003349,cust_00034,merch_0147,food_delivery,2026-05-15 14:46:08,954.48,dev_b983ceccdc,region_23,card,success,2025-12-14
txn_0001878,cust_00017,merch_0131,electronics,2026-05-15 14:52:20,199.61,dev_e5dfc6a9a5,region_12,wallet,success,2026-01-13
txn_0000208,cust_00001,merch_0091,travel,2026-05-15 15:33:50,1732.0,dev_8b01cc1cb7,region_11,netbanking,success,2026-03-16
txn_0003457,cust_00035,merch_0066,fashion,2026-05-15 15:58:42,773.6,dev_26cb4432c0,region_04,card,success,2026-03-06
txn_0003456,cust_00035,merch_0130,food_delivery,2026-05-15 16:01:30,896.5,dev_26cb4432c0,region_04,card,success,2026-03-06
txn_0002053,cust_00019,merch_0155,travel,2026-05-15 16:02:23,383.13,dev_c16cfa8786,region_12,card,success,2025-12-18
txn_0003454,cust_00035,merch_0118,groceries,2026-05-15 16:41:23,984.91,dev_26cb4432c0,region_04,card,success,2026-03-06
txn_0000736,cust_00006,merch_0018,home_goods,2026-05-15 17:09:21,682.67,dev_306b522224,region_20,card,success,2026-02-23
txn_0002433,cust_00023,merch_0148,home_goods,2026-05-15 17:46:16,2667.37,dev_ae0251997d,region_13,upi,success,2025-09-03
txn_0000623,cust_00005,merch_0114,food_delivery,2026-05-15 18:09:55,1742.05,dev_88a6698d70,region_09,upi,success,2025-06-11
txn_0003725,cust_00038,merch_0166,groceries,2026-05-15 18:16:11,429.17,dev_52f1883043,region_06,card,success,2025-08-04
txn_0003807,cust_00039,merch_0157,travel,2026-05-15 19:01:07,2471.0,dev_4899813274,region_22,upi,failed,2026-02-23
txn_0003347,cust_00034,merch_0086,electronics,2026-05-15 19:10:42,1590.02,dev_b983ceccdc,region_23,wallet,success,2025-12-14
txn_0003348,cust_00034,merch_0071,groceries,2026-05-15 19:19:44,1320.74,dev_b983ceccdc,region_23,card,success,2025-12-14
txn_0000734,cust_00006,merch_0114,food_delivery,2026-05-15 19:36:45,804.71,dev_306b522224,region_20,card,success,2026-02-23
txn_0000436,cust_00003,merch_0067,travel,2026-05-15 20:14:13,49.69,dev_61c49512f5,region_20,upi,success,2025-12-30
txn_0003133,cust_00029,merch_0117,groceries,2026-05-15 20:49:34,781.45,dev_9fe5b185ac,region_04,netbanking,success,2025-05-28
txn_0000061,cust_00000,merch_0129,digital_goods,2026-05-15 20:56:17,656.02,dev_d8eee72e0e,region_16,upi,success,2024-10-19
txn_0003350,cust_00034,merch_0081,fashion,2026-05-15 21:09:34,1241.24,dev_b983ceccdc,region_23,card,success,2025-12-14
txn_0000434,cust_00003,merch_0081,fashion,2026-05-15 21:15:33,8.64,dev_61c49512f5,region_20,card,failed,2025-12-30
txn_0000209,cust_00001,merch_0058,fashion,2026-05-15 21:50:40,2704.41,dev_8b01cc1cb7,region_11,card,success,2026-03-16
txn_0000292,cust_00002,merch_0124,electronics,2026-05-15 22:09:41,387.71,dev_c2fe882877,region_21,upi,failed,2026-01-21
txn_0000439,cust_00003,merch_0002,fashion,2026-05-15 22:37:41,20.71,dev_61c49512f5,region_20,upi,success,2025-12-30
txn_0000432,cust_00003,merch_0049,fashion,2026-05-15 22:50:48,35.87,dev_61c49512f5,region_20,card,success,2025-12-30
txn_0003544,cust_00036,merch_0159,electronics,2026-05-15 23:22:18,385.62,dev_f10e01fbae,region_18,netbanking,success,2026-02-20
txn_0002698,cust_00025,merch_0168,digital_goods,2026-05-15 23:32:14,688.81,dev_c61377a306,region_09,card,failed,2025-08-13
txn_0000733,cust_00006,merch_0036,travel,2026-05-15 23:50:52,505.57,dev_306b522224,region_20,upi,success,2026-02-23
txn_0001280,cust_00013,merch_0037,electronics,2026-05-15 23:52:40,3114.39,dev_1e3cfb13fa,region_16,card,success,2025-01-05
txn_0001568,cust_00015,merch_0000,travel,2026-05-16 00:32:08,624.82,dev_c85f2cd462,region_11,upi,success,2025-04-26
txn_0000940,cust_00009,merch_0048,groceries,2026-05-16 00:35:07,314.22,dev_c5b5464c6f,region_14,netbanking,success,2025-01-09
txn_0001777,cust_00016,merch_0152,electronics,2026-05-16 00:35:14,1487.66,dev_ff4d7123cb,region_05,upi,success,2026-03-16
txn_0003726,cust_00038,merch_0029,food_delivery,2026-05-16 00:35:38,773.57,dev_52f1883043,region_06,upi,success,2025-08-04
txn_0000447,cust_00003,merch_0109,food_delivery,2026-05-16 00:59:02,6.02,dev_61c49512f5,region_20,card,success,2025-12-30
txn_0001773,cust_00016,merch_0065,food_delivery,2026-05-16 02:08:00,1120.04,dev_ff4d7123cb,region_05,card,success,2026-03-16
txn_0003008,cust_00028,merch_0139,digital_goods,2026-05-16 02:08:53,579.68,dev_0fd2ab5f2c,region_20,upi,success,2025-03-16
txn_0002055,cust_00019,merch_0177,fashion,2026-05-16 02:35:43,240.3,dev_c16cfa8786,region_12,netbanking,success,2025-12-18
txn_0000625,cust_00005,merch_0062,groceries,2026-05-16 03:08:23,1661.97,dev_88a6698d70,region_09,upi,success,2025-06-11
txn_0001780,cust_00016,merch_0020,digital_goods,2026-05-16 03:09:19,885.96,dev_ff4d7123cb,region_05,card,success,2026-03-16
txn_0001283,cust_00013,merch_0118,groceries,2026-05-16 03:13:40,1259.45,dev_1e3cfb13fa,region_16,card,success,2025-01-05
txn_0000441,cust_00003,merch_0167,electronics,2026-05-16 03:46:55,41.05,dev_61c49512f5,region_20,card,failed,2025-12-30
txn_0001383,cust_00014,merch_0003,food_delivery,2026-05-16 03:56:16,103.43,dev_a3fb82f6fb,region_04,upi,success,2024-12-15
txn_0001779,cust_00016,merch_0117,groceries,2026-05-16 04:17:19,1442.47,dev_ff4d7123cb,region_05,netbanking,success,2026-03-16
txn_0002163,cust_00020,merch_0133,home_goods,2026-05-16 04:21:59,897.3,dev_44ebf7337f,region_16,upi,success,2026-02-23
txn_0003236,cust_00031,merch_0081,fashion,2026-05-16 04:26:47,512.61,dev_b8ce223e2d,region_15,upi,success,2025-02-16
txn_0000942,cust_00009,merch_0055,digital_goods,2026-05-16 05:11:46,184.29,dev_c5b5464c6f,region_14,upi,success,2025-01-09
txn_0002701,cust_00025,merch_0155,travel,2026-05-16 05:28:18,673.17,dev_c61377a306,region_09,card,success,2025-08-13
txn_0000999,cust_00010,merch_0046,digital_goods,2026-05-16 06:25:38,540.62,dev_f3a63af8f4,region_24,card,failed,2025-10-17
txn_0001281,cust_00013,merch_0028,digital_goods,2026-05-16 06:40:57,1998.04,dev_1e3cfb13fa,region_16,card,success,2025-01-05
txn_0002534,cust_00024,merch_0042,home_goods,2026-05-16 06:57:35,776.14,dev_fbb25b4e5c,region_10,card,success,2024-07-18
txn_0000737,cust_00006,merch_0116,groceries,2026-05-16 07:03:28,926.3,dev_306b522224,region_20,card,success,2026-02-23
txn_0002054,cust_00019,merch_0028,digital_goods,2026-05-16 07:07:17,319.59,dev_c16cfa8786,region_12,card,success,2025-12-18
txn_0002435,cust_00023,merch_0156,digital_goods,2026-05-16 07:44:57,4495.44,dev_ae0251997d,region_13,upi,success,2025-09-03
txn_0003237,cust_00031,merch_0117,groceries,2026-05-16 07:59:17,353.08,dev_b8ce223e2d,region_15,upi,success,2025-02-16
txn_0001566,cust_00015,merch_0068,travel,2026-05-16 08:13:55,1112.4,dev_c85f2cd462,region_11,card,success,2025-04-26
txn_0002533,cust_00024,merch_0084,home_goods,2026-05-16 08:17:30,1093.81,dev_fbb25b4e5c,region_10,card,success,2024-07-18
txn_0000740,cust_00006,merch_0094,home_goods,2026-05-16 08:55:11,971.35,dev_306b522224,region_20,card,success,2026-02-23
txn_0000624,cust_00005,merch_0134,electronics,2026-05-16 09:01:46,881.51,dev_88a6698d70,region_09,upi,success,2025-06-11
txn_0000739,cust_00006,merch_0179,travel,2026-05-16 09:03:36,855.36,dev_306b522224,region_20,upi,success,2026-02-23
txn_0001567,cust_00015,merch_0036,travel,2026-05-16 09:04:27,625.39,dev_c85f2cd462,region_11,netbanking,success,2025-04-26
txn_0001774,cust_00016,merch_0062,groceries,2026-05-16 09:08:59,1221.36,dev_ff4d7123cb,region_05,upi,success,2026-03-16
txn_0002436,cust_00023,merch_0055,digital_goods,2026-05-16 09:34:20,3517.73,dev_ae0251997d,region_13,netbanking,success,2025-09-03
txn_0000211,cust_00001,merch_0178,travel,2026-05-16 10:14:05,1451.33,dev_8b01cc1cb7,region_11,card,success,2026-03-16
txn_0001564,cust_00015,merch_0095,digital_goods,2026-05-16 10:34:59,1058.81,dev_c85f2cd462,region_11,upi,success,2025-04-26
txn_0001565,cust_00015,merch_0119,home_goods,2026-05-16 10:51:24,812.16,dev_c85f2cd462,region_11,card,success,2025-04-26
txn_0000446,cust_00003,merch_0015,food_delivery,2026-05-16 11:06:50,45.71,dev_61c49512f5,region_20,card,failed,2025-12-30
txn_0000855,cust_00008,merch_0014,digital_goods,2026-05-16 11:24:53,1411.29,dev_ddb545484a,region_14,card,success,2024-12-23
txn_0000854,cust_00008,merch_0110,digital_goods,2026-05-16 11:25:31,1252.09,dev_ddb545484a,region_14,netbanking,success,2024-12-23
txn_0000626,cust_00005,merch_0041,digital_goods,2026-05-16 11:44:00,1093.95,dev_88a6698d70,region_09,upi,success,2025-06-11
txn_0003546,cust_00036,merch_0159,electronics,2026-05-16 11:54:12,443.8,dev_f10e01fbae,region_18,upi,success,2026-02-20
txn_0000536,cust_00004,merch_0156,digital_goods,2026-05-16 12:04:16,1062.04,dev_5d98562187,region_22,card,success,2025-10-27
txn_0001284,cust_00013,merch_0034,home_goods,2026-05-16 12:06:58,2265.72,dev_1e3cfb13fa,region_16,upi,success,2025-01-05
txn_0000445,cust_00003,merch_0148,home_goods,2026-05-16 12:26:33,10.35,dev_61c49512f5,region_20,card,failed,2025-12-30
txn_0001282,cust_00013,merch_0127,groceries,2026-05-16 12:35:26,1014.05,dev_1e3cfb13fa,region_16,card,success,2025-01-05
txn_0001776,cust_00016,merch_0064,food_delivery,2026-05-16 13:05:42,1818.59,dev_ff4d7123cb,region_05,upi,success,2026-03-16
txn_0001164,cust_00012,merch_0035,electronics,2026-05-16 13:19:09,122.17,dev_a68aa3d101,region_17,card,success,2026-02-15
txn_0002700,cust_00025,merch_0123,fashion,2026-05-16 13:20:56,633.29,dev_c61377a306,region_09,upi,success,2025-08-13
txn_0003010,cust_00028,merch_0140,food_delivery,2026-05-16 13:33:13,294.39,dev_0fd2ab5f2c,region_20,card,success,2025-03-16
txn_0002846,cust_00026,merch_0138,digital_goods,2026-05-16 13:46:15,793.23,dev_3d6886d22a,region_08,upi,success,2025-12-24
txn_0001119,cust_00011,merch_0146,food_delivery,2026-05-16 14:22:03,749.79,dev_d97d35dfcc,region_16,upi,success,2025-12-23
txn_0000210,cust_00001,merch_0152,electronics,2026-05-16 14:27:55,1304.2,dev_8b01cc1cb7,region_11,upi,success,2026-03-16
txn_0001778,cust_00016,merch_0044,groceries,2026-05-16 16:35:35,1807.67,dev_ff4d7123cb,region_05,wallet,success,2026-03-16
txn_0001775,cust_00016,merch_0020,digital_goods,2026-05-16 16:45:00,1782.24,dev_ff4d7123cb,region_05,card,success,2026-03-16
txn_0000293,cust_00002,merch_0072,home_goods,2026-05-16 18:34:51,556.18,dev_c2fe882877,region_21,upi,success,2026-01-21
txn_0003009,cust_00028,merch_0052,food_delivery,2026-05-16 19:11:42,402.26,dev_0fd2ab5f2c,region_20,card,success,2025-03-16
txn_0002437,cust_00023,merch_0115,home_goods,2026-05-16 19:24:43,824.5,dev_ae0251997d,region_13,upi,success,2025-09-03
txn_0003011,cust_00028,merch_0155,travel,2026-05-16 19:49:28,378.52,dev_0fd2ab5f2c,region_20,upi,success,2025-03-16
txn_0003351,cust_00034,merch_0178,travel,2026-05-16 20:44:30,1366.45,dev_b983ceccdc,region_23,upi,success,2025-12-14
txn_0002847,cust_00026,merch_0137,digital_goods,2026-05-16 20:47:45,730.74,dev_3d6886d22a,region_08,upi,success,2025-12-24
txn_0000444,cust_00003,merch_0057,digital_goods,2026-05-16 21:08:41,29.26,dev_61c49512f5,region_20,netbanking,success,2025-12-30
txn_0000738,cust_00006,merch_0016,fashion,2026-05-16 21:19:42,337.24,dev_306b522224,region_20,upi,success,2026-02-23
txn_0000442,cust_00003,merch_0112,electronics,2026-05-16 21:52:16,24.62,dev_61c49512f5,region_20,card,failed,2025-12-30
txn_0002532,cust_00024,merch_0125,fashion,2026-05-16 21:57:13,933.5,dev_fbb25b4e5c,region_10,card,success,2024-07-18
txn_0000443,cust_00003,merch_0143,electronics,2026-05-16 23:04:14,12.3,dev_61c49512f5,region_20,netbanking,failed,2025-12-30
txn_0000941,cust_00009,merch_0017,travel,2026-05-16 23:17:31,291.26,dev_c5b5464c6f,region_14,upi,success,2025-01-09
txn_0003352,cust_00034,merch_0080,food_delivery,2026-05-16 23:40:52,1569.57,dev_b983ceccdc,region_23,upi,success,2025-12-14
txn_0001121,cust_00011,merch_0053,travel,2026-05-17 01:36:55,529.84,dev_d97d35dfcc,region_16,card,failed,2025-12-23
txn_0002707,cust_00025,merch_0098,electronics,2026-05-17 01:45:07,631.48,dev_c61377a306,region_09,upi,success,2025-08-13
txn_0002059,cust_00019,merch_0036,travel,2026-05-17 01:49:25,459.66,dev_c16cfa8786,region_12,card,success,2025-12-18
txn_0002056,cust_00019,merch_0150,food_delivery,2026-05-17 01:49:35,404.24,dev_c16cfa8786,region_12,upi,failed,2025-12-18
txn_0003353,cust_00034,merch_0031,home_goods,2026-05-17 01:53:36,859.51,dev_b983ceccdc,region_23,upi,failed,2025-12-14
txn_0001569,cust_00015,merch_0103,home_goods,2026-05-17 02:09:00,608.62,dev_c85f2cd462,region_11,card,success,2025-04-26
txn_0002058,cust_00019,merch_0032,digital_goods,2026-05-17 02:46:22,502.31,dev_c16cfa8786,region_12,upi,success,2025-12-18
txn_0000627,cust_00005,merch_0051,fashion,2026-05-17 02:58:14,2397.03,dev_88a6698d70,region_09,card,success,2025-06-11
txn_0003136,cust_00029,merch_0024,fashion,2026-05-17 03:21:05,523.24,dev_9fe5b185ac,region_04,upi,success,2025-05-28
txn_0003015,cust_00028,merch_0039,fashion,2026-05-17 03:29:00,441.01,dev_0fd2ab5f2c,region_20,upi,success,2025-03-16
txn_0002165,cust_00020,merch_0081,fashion,2026-05-17 03:42:16,556.76,dev_44ebf7337f,region_16,card,success,2026-02-23
txn_0002353,cust_00022,merch_0083,digital_goods,2026-05-17 03:44:52,674.86,dev_a7c1738df4,region_15,card,success,2026-01-24
txn_0000215,cust_00001,merch_0155,travel,2026-05-17 03:54:57,1799.53,dev_8b01cc1cb7,region_11,netbanking,success,2026-03-16
txn_0003013,cust_00028,merch_0124,electronics,2026-05-17 04:48:11,473.15,dev_0fd2ab5f2c,region_20,netbanking,success,2025-03-16
txn_0001384,cust_00014,merch_0086,electronics,2026-05-17 04:49:20,162.46,dev_a3fb82f6fb,region_04,card,success,2024-12-15
txn_0000449,cust_00003,merch_0157,travel,2026-05-17 05:00:22,1149.34,dev_7d8918a782,region_20,upi,success,2025-12-30
txn_0001879,cust_00017,merch_0091,travel,2026-05-17 05:51:56,192.35,dev_e5dfc6a9a5,region_12,card,success,2026-01-13
txn_0003014,cust_00028,merch_0090,home_goods,2026-05-17 05:55:09,421.72,dev_0fd2ab5f2c,region_20,upi,success,2025-03-16
txn_0002057,cust_00019,merch_0173,electronics,2026-05-17 07:56:41,462.31,dev_c16cfa8786,region_12,card,success,2025-12-18
txn_0002848,cust_00026,merch_0000,travel,2026-05-17 08:04:31,612.83,dev_3d6886d22a,region_08,netbanking,success,2025-12-24
txn_0002438,cust_00023,merch_0011,digital_goods,2026-05-17 08:35:18,1858.57,dev_ae0251997d,region_13,upi,success,2025-09-03
txn_0001386,cust_00014,merch_0139,digital_goods,2026-05-17 08:45:34,159.85,dev_a3fb82f6fb,region_04,upi,success,2024-12-15
txn_0001120,cust_00011,merch_0072,home_goods,2026-05-17 09:08:35,387.05,dev_d97d35dfcc,region_16,upi,success,2025-12-23
txn_0001571,cust_00015,merch_0015,food_delivery,2026-05-17 10:00:00,756.58,dev_c85f2cd462,region_11,card,success,2025-04-26
txn_0003017,cust_00028,merch_0001,fashion,2026-05-17 11:43:06,314.63,dev_0fd2ab5f2c,region_20,card,success,2025-03-16
txn_0002164,cust_00020,merch_0176,electronics,2026-05-17 12:15:18,317.43,dev_44ebf7337f,region_16,card,failed,2026-02-23
txn_0003016,cust_00028,merch_0078,digital_goods,2026-05-17 12:35:02,461.03,dev_0fd2ab5f2c,region_20,upi,success,2025-03-16
txn_0002354,cust_00022,merch_0162,digital_goods,2026-05-17 12:39:57,236.38,dev_a7c1738df4,region_15,upi,success,2026-01-24
txn_0000065,cust_00000,merch_0025,groceries,2026-05-17 12:43:20,1835.55,dev_d8eee72e0e,region_16,card,success,2024-10-19
txn_0003547,cust_00036,merch_0100,groceries,2026-05-17 13:00:09,385.95,dev_f10e01fbae,region_18,upi,success,2026-02-20
txn_0002849,cust_00026,merch_0152,electronics,2026-05-17 13:06:35,1016.14,dev_3d6886d22a,region_08,upi,success,2025-12-24
txn_0001285,cust_00013,merch_0048,groceries,2026-05-17 13:22:11,3965.71,dev_1e3cfb13fa,region_16,card,success,2025-01-05
txn_0001385,cust_00014,merch_0100,groceries,2026-05-17 13:57:18,104.89,dev_a3fb82f6fb,region_04,netbanking,success,2024-12-15
txn_0002702,cust_00025,merch_0159,electronics,2026-05-17 14:13:45,643.76,dev_c61377a306,region_09,upi,success,2025-08-13
txn_0000943,cust_00009,merch_0135,home_goods,2026-05-17 14:34:38,259.3,dev_c5b5464c6f,region_14,card,success,2025-01-09
txn_0002703,cust_00025,merch_0110,digital_goods,2026-05-17 15:16:21,517.57,dev_c61377a306,region_09,upi,success,2025-08-13
txn_0000214,cust_00001,merch_0093,groceries,2026-05-17 15:18:56,1588.46,dev_8b01cc1cb7,region_11,card,success,2026-03-16
txn_0002705,cust_00025,merch_0165,groceries,2026-05-17 15:33:17,646.08,dev_c61377a306,region_09,wallet,success,2025-08-13
txn_0001922,cust_00018,merch_0106,fashion,2026-05-17 15:38:35,3927.6,dev_e3250f6388,region_07,card,success,2026-02-06
txn_0003137,cust_00029,merch_0110,digital_goods,2026-05-17 15:47:59,662.58,dev_9fe5b185ac,region_04,card,success,2025-05-28
txn_0002535,cust_00024,merch_0036,travel,2026-05-17 15:54:34,1374.83,dev_fbb25b4e5c,region_10,card,success,2024-07-18
txn_0000537,cust_00004,merch_0073,electronics,2026-05-17 16:09:47,1511.96,dev_5d98562187,region_22,upi,success,2025-10-27
txn_0003135,cust_00029,merch_0094,home_goods,2026-05-17 16:29:31,391.49,dev_9fe5b185ac,region_04,card,success,2025-05-28
txn_0003727,cust_00038,merch_0166,groceries,2026-05-17 17:41:10,811.08,dev_52f1883043,region_06,upi,success,2025-08-04
txn_0000294,cust_00002,merch_0099,fashion,2026-05-17 18:11:26,951.36,dev_c2fe882877,region_21,card,success,2026-01-21
txn_0000742,cust_00006,merch_0084,home_goods,2026-05-17 18:43:02,140.05,dev_306b522224,region_20,upi,success,2026-02-23
txn_0000628,cust_00005,merch_0052,food_delivery,2026-05-17 18:44:32,1528.08,dev_88a6698d70,region_09,card,success,2025-06-11
txn_0000856,cust_00008,merch_0060,food_delivery,2026-05-17 18:45:58,1031.54,dev_ddb545484a,region_14,upi,success,2024-12-23
txn_0000741,cust_00006,merch_0111,digital_goods,2026-05-17 19:25:02,858.41,dev_306b522224,region_20,upi,success,2026-02-23
txn_0003012,cust_00028,merch_0118,groceries,2026-05-17 19:51:52,310.68,dev_0fd2ab5f2c,region_20,card,success,2025-03-16
txn_0001572,cust_00015,merch_0148,home_goods,2026-05-17 20:20:05,724.29,dev_c85f2cd462,region_11,card,success,2025-04-26
txn_0001782,cust_00016,merch_0089,fashion,2026-05-17 20:20:40,2072.09,dev_ff4d7123cb,region_05,card,success,2026-03-16
txn_0000212,cust_00001,merch_0164,travel,2026-05-17 20:37:06,1878.39,dev_8b01cc1cb7,region_11,upi,success,2026-03-16
txn_0000213,cust_00001,merch_0060,food_delivery,2026-05-17 20:49:43,629.99,dev_8b01cc1cb7,region_11,card,success,2026-03-16
txn_0000448,cust_00003,merch_0027,digital_goods,2026-05-17 20:57:10,1382.27,dev_61c49512f5,region_20,card,success,2025-12-30
txn_0001781,cust_00016,merch_0163,digital_goods,2026-05-17 21:14:16,790.26,dev_ff4d7123cb,region_05,upi,success,2026-03-16
txn_0002536,cust_00024,merch_0054,digital_goods,2026-05-17 21:37:13,1156.53,dev_fbb25b4e5c,region_10,card,success,2024-07-18
txn_0002166,cust_00020,merch_0112,electronics,2026-05-17 21:49:01,667.92,dev_44ebf7337f,region_16,card,success,2026-02-23
txn_0001570,cust_00015,merch_0013,travel,2026-05-17 21:50:51,662.89,dev_c85f2cd462,region_11,card,failed,2025-04-26
txn_0002537,cust_00024,merch_0001,fashion,2026-05-17 21:57:04,283.77,dev_fbb25b4e5c,region_10,card,success,2024-07-18
txn_0002704,cust_00025,merch_0093,groceries,2026-05-17 22:01:01,600.57,dev_c61377a306,region_09,card,success,2025-08-13
txn_0003354,cust_00034,merch_0076,electronics,2026-05-17 22:27:54,919.09,dev_b983ceccdc,region_23,card,success,2025-12-14
txn_0002708,cust_00025,merch_0038,travel,2026-05-17 22:32:28,629.09,dev_c61377a306,region_09,upi,success,2025-08-13
txn_0002706,cust_00025,merch_0165,groceries,2026-05-17 23:35:30,574.3,dev_c61377a306,region_09,card,success,2025-08-13
txn_0000217,cust_00001,merch_0169,electronics,2026-05-18 00:23:39,1531.32,dev_8b01cc1cb7,region_11,card,success,2026-03-16
txn_0003177,cust_00030,merch_0122,electronics,2026-05-18 00:42:13,407.69,dev_b012ae2533,region_04,card,success,2025-01-10
txn_0003635,cust_00037,merch_0058,fashion,2026-05-18 01:12:49,279.45,dev_e5a094c0cb,region_22,upi,success,2026-03-22
txn_0001387,cust_00014,merch_0126,food_delivery,2026-05-18 01:23:44,150.83,dev_a3fb82f6fb,region_04,upi,success,2024-12-15
txn_0000630,cust_00005,merch_0095,digital_goods,2026-05-18 01:33:18,1333.25,dev_88a6698d70,region_09,card,success,2025-06-11
txn_0003808,cust_00039,merch_0077,home_goods,2026-05-18 01:50:48,1417.68,dev_4899813274,region_24,card,success,2026-02-23
txn_0003178,cust_00030,merch_0095,digital_goods,2026-05-18 01:54:46,106.14,dev_b012ae2533,region_04,upi,success,2025-01-10
txn_0000745,cust_00006,merch_0081,fashion,2026-05-18 02:32:47,1081.72,dev_306b522224,region_20,upi,failed,2026-02-23
txn_0001000,cust_00010,merch_0008,travel,2026-05-18 03:28:20,745.02,dev_f3a63af8f4,region_24,upi,success,2025-10-17
txn_0000944,cust_00009,merch_0144,groceries,2026-05-18 03:50:35,247.76,dev_c5b5464c6f,region_14,card,success,2025-01-09
txn_0003018,cust_00028,merch_0014,digital_goods,2026-05-18 04:00:53,530.13,dev_0fd2ab5f2c,region_20,card,success,2025-03-16
txn_0001574,cust_00015,merch_0009,travel,2026-05-18 04:24:00,672.69,dev_c85f2cd462,region_11,upi,success,2025-04-26
txn_0001390,cust_00014,merch_0020,digital_goods,2026-05-18 04:32:06,144.69,dev_a3fb82f6fb,region_04,card,success,2024-12-15
txn_0002439,cust_00023,merch_0174,groceries,2026-05-18 05:33:26,1256.92,dev_ae0251997d,region_13,upi,success,2025-09-03
txn_0000450,cust_00003,merch_0129,digital_goods,2026-05-18 05:36:37,1551.12,dev_7d8918a782,region_20,card,success,2025-12-30
txn_0002246,cust_00021,merch_0051,fashion,2026-05-18 05:48:48,261.01,dev_23cb667f8d,region_17,card,success,2026-01-27
txn_0001389,cust_00014,merch_0043,travel,2026-05-18 05:51:48,120.84,dev_a3fb82f6fb,region_04,card,success,2024-12-15
txn_0002889,cust_00027,merch_0029,food_delivery,2026-05-18 05:52:24,1033.22,dev_a2803eee45,region_24,upi,success,2026-03-08
txn_0000218,cust_00001,merch_0085,travel,2026-05-18 06:06:14,1450.49,dev_8b01cc1cb7,region_11,card,success,2026-03-16
txn_0000452,cust_00003,merch_0105,fashion,2026-05-18 06:11:15,1454.85,dev_61c49512f5,region_20,netbanking,success,2025-12-30
txn_0003355,cust_00034,merch_0146,food_delivery,2026-05-18 06:28:45,651.96,dev_b983ceccdc,region_23,card,success,2025-12-14
txn_0000216,cust_00001,merch_0074,travel,2026-05-18 07:13:12,1111.11,dev_8b01cc1cb7,region_11,card,success,2026-03-16
txn_0002060,cust_00019,merch_0131,electronics,2026-05-18 07:21:25,440.49,dev_c16cfa8786,region_12,card,success,2025-12-18
txn_0000220,cust_00001,merch_0047,groceries,2026-05-18 07:37:01,1663.02,dev_8b01cc1cb7,region_11,card,success,2026-03-16
txn_0002356,cust_00022,merch_0019,travel,2026-05-18 07:43:51,608.22,dev_a7c1738df4,region_15,card,success,2026-01-24
txn_0000451,cust_00003,merch_0042,home_goods,2026-05-18 07:55:41,1231.15,dev_61c49512f5,region_20,card,success,2025-12-30
txn_0000859,cust_00008,merch_0143,electronics,2026-05-18 09:21:47,1610.13,dev_ddb545484a,region_14,upi,failed,2024-12-23
txn_0002710,cust_00025,merch_0022,groceries,2026-05-18 09:25:33,768.13,dev_c61377a306,region_09,card,success,2025-08-13
txn_0003633,cust_00037,merch_0124,electronics,2026-05-18 09:35:12,78.62,dev_e5a094c0cb,region_22,card,success,2026-03-22
txn_0000802,cust_00007,merch_0132,groceries,2026-05-18 09:39:32,576.58,dev_ded833c13d,region_05,upi,success,2026-01-03
txn_0003138,cust_00029,merch_0141,electronics,2026-05-18 09:57:21,491.79,dev_9fe5b185ac,region_04,upi,success,2025-05-28
txn_0003019,cust_00028,merch_0072,home_goods,2026-05-18 10:12:36,528.82,dev_0fd2ab5f2c,region_20,upi,failed,2025-03-16
txn_0003020,cust_00028,merch_0161,food_delivery,2026-05-18 10:30:03,483.21,dev_0fd2ab5f2c,region_20,card,success,2025-03-16
txn_0002850,cust_00026,merch_0041,digital_goods,2026-05-18 10:55:46,808.08,dev_3d6886d22a,region_08,upi,success,2025-12-24
txn_0000858,cust_00008,merch_0084,home_goods,2026-05-18 10:59:35,1444.18,dev_ddb545484a,region_14,card,success,2024-12-23
txn_0001286,cust_00013,merch_0098,electronics,2026-05-18 11:03:04,2548.67,dev_1e3cfb13fa,region_16,upi,success,2025-01-05
txn_0000857,cust_00008,merch_0171,food_delivery,2026-05-18 11:31:21,718.25,dev_ddb545484a,region_14,netbanking,success,2024-12-23
txn_0000743,cust_00006,merch_0005,electronics,2026-05-18 11:39:54,584.83,dev_306b522224,region_20,card,success,2026-02-23
txn_0001923,cust_00018,merch_0042,home_goods,2026-05-18 12:08:26,3489.8,dev_e3250f6388,region_07,upi,success,2026-02-06
txn_0003140,cust_00029,merch_0066,fashion,2026-05-18 13:21:22,167.09,dev_9fe5b185ac,region_04,upi,success,2025-05-28
txn_0000221,cust_00001,merch_0097,electronics,2026-05-18 13:30:54,685.03,dev_8b01cc1cb7,region_11,card,success,2026-03-16
txn_0000219,cust_00001,merch_0073,electronics,2026-05-18 13:46:31,464.72,dev_8b01cc1cb7,region_11,card,success,2026-03-16
txn_0000538,cust_00004,merch_0077,home_goods,2026-05-18 13:52:34,1229.61,dev_5d98562187,region_22,card,success,2025-10-27
txn_0000744,cust_00006,merch_0049,fashion,2026-05-18 14:03:06,640.78,dev_306b522224,region_20,upi,success,2026-02-23
txn_0000629,cust_00005,merch_0056,digital_goods,2026-05-18 14:09:41,1610.62,dev_88a6698d70,region_09,card,success,2025-06-11
txn_0001575,cust_00015,merch_0164,travel,2026-05-18 14:17:54,1066.84,dev_c85f2cd462,region_11,card,success,2025-04-26
txn_0001573,cust_00015,merch_0077,home_goods,2026-05-18 14:22:03,847.63,dev_c85f2cd462,region_11,upi,success,2025-04-26
txn_0001783,cust_00016,merch_0113,food_delivery,2026-05-18 15:03:43,1614.28,dev_ff4d7123cb,region_05,upi,success,2026-03-16
txn_0003636,cust_00037,merch_0044,groceries,2026-05-18 15:21:46,173.26,dev_e5a094c0cb,region_22,card,success,2026-03-22
txn_0002890,cust_00027,merch_0050,digital_goods,2026-05-18 15:39:20,799.61,dev_a2803eee45,region_24,card,failed,2026-03-08
txn_0002711,cust_00025,merch_0163,digital_goods,2026-05-18 15:51:38,501.89,dev_c61377a306,region_09,wallet,success,2025-08-13
txn_0001122,cust_00011,merch_0098,electronics,2026-05-18 15:52:37,326.93,dev_d97d35dfcc,region_16,netbanking,success,2025-12-23
txn_0001784,cust_00016,merch_0155,travel,2026-05-18 15:58:38,1876.31,dev_ff4d7123cb,region_05,netbanking,success,2026-03-16
txn_0002357,cust_00022,merch_0031,home_goods,2026-05-18 16:00:55,492.89,dev_a7c1738df4,region_15,upi,success,2026-01-24
txn_0000801,cust_00007,merch_0014,digital_goods,2026-05-18 16:07:31,815.55,dev_ded833c13d,region_05,upi,success,2026-01-03
txn_0003458,cust_00035,merch_0116,groceries,2026-05-18 16:39:07,609.77,dev_26cb4432c0,region_04,netbanking,success,2026-03-06
txn_0002851,cust_00026,merch_0003,food_delivery,2026-05-18 17:34:24,887.66,dev_3d6886d22a,region_08,upi,success,2025-12-24
txn_0002355,cust_00022,merch_0064,food_delivery,2026-05-18 17:44:38,233.72,dev_a7c1738df4,region_15,card,success,2026-01-24
txn_0003022,cust_00028,merch_0014,digital_goods,2026-05-18 18:34:52,245.31,dev_0fd2ab5f2c,region_20,card,success,2025-03-16
txn_0001123,cust_00011,merch_0160,electronics,2026-05-18 18:39:15,704.58,dev_d97d35dfcc,region_16,card,success,2025-12-23
txn_0002709,cust_00025,merch_0150,food_delivery,2026-05-18 18:54:03,590.92,dev_c61377a306,region_09,card,success,2025-08-13
txn_0003021,cust_00028,merch_0161,food_delivery,2026-05-18 18:57:06,184.55,dev_0fd2ab5f2c,region_20,wallet,success,2025-03-16
txn_0001388,cust_00014,merch_0068,travel,2026-05-18 18:59:27,195.55,dev_a3fb82f6fb,region_04,card,success,2024-12-15
txn_0003139,cust_00029,merch_0041,digital_goods,2026-05-18 19:21:21,613.14,dev_9fe5b185ac,region_04,card,success,2025-05-28
txn_0003634,cust_00037,merch_0092,travel,2026-05-18 19:35:50,158.17,dev_e5a094c0cb,region_22,upi,success,2026-03-22
txn_0001785,cust_00016,merch_0138,digital_goods,2026-05-18 20:13:30,2113.11,dev_ff4d7123cb,region_05,upi,success,2026-03-16
txn_0002538,cust_00024,merch_0070,home_goods,2026-05-18 20:38:16,429.16,dev_fbb25b4e5c,region_10,upi,success,2024-07-18
txn_0002852,cust_00026,merch_0127,groceries,2026-05-18 20:46:48,586.16,dev_3d6886d22a,region_08,card,success,2025-12-24
txn_0003728,cust_00038,merch_0174,groceries,2026-05-18 22:22:30,633.87,dev_52f1883043,region_06,card,success,2025-08-04
txn_0001880,cust_00017,merch_0039,fashion,2026-05-18 22:53:58,167.27,dev_e5dfc6a9a5,region_12,card,success,2026-01-13
txn_0003809,cust_00039,merch_0014,digital_goods,2026-05-18 23:58:57,2971.6,dev_4899813274,region_24,upi,success,2026-02-23
txn_0002169,cust_00020,merch_0079,fashion,2026-05-19 00:04:34,699.84,dev_44ebf7337f,region_16,card,success,2026-02-23
txn_0002168,cust_00020,merch_0138,digital_goods,2026-05-19 00:31:28,688.2,dev_44ebf7337f,region_16,card,success,2026-02-23
txn_0002714,cust_00025,merch_0126,food_delivery,2026-05-19 01:28:04,687.37,dev_c61377a306,region_09,netbanking,success,2025-08-13
txn_0002853,cust_00026,merch_0004,digital_goods,2026-05-19 01:48:00,630.87,dev_3d6886d22a,region_08,upi,success,2025-12-24
txn_0001125,cust_00011,merch_0149,electronics,2026-05-19 02:25:46,367.47,dev_d97d35dfcc,region_16,card,success,2025-12-23
txn_0000539,cust_00004,merch_0025,groceries,2026-05-19 02:35:19,1502.77,dev_5d98562187,region_22,upi,success,2025-10-27
txn_0000454,cust_00003,merch_0005,electronics,2026-05-19 02:42:02,810.31,dev_61c49512f5,region_20,card,success,2025-12-30
txn_0003357,cust_00034,merch_0004,digital_goods,2026-05-19 03:15:40,1435.25,dev_b983ceccdc,region_23,upi,success,2025-12-14
txn_0001290,cust_00013,merch_0072,home_goods,2026-05-19 03:24:56,542.39,dev_1e3cfb13fa,region_16,upi,success,2025-01-05
txn_0001789,cust_00016,merch_0088,groceries,2026-05-19 03:58:16,1727.72,dev_ff4d7123cb,region_05,card,success,2026-03-16
txn_0000224,cust_00001,merch_0032,digital_goods,2026-05-19 03:58:35,1398.61,dev_8b01cc1cb7,region_11,upi,success,2026-03-16
txn_0000631,cust_00005,merch_0150,food_delivery,2026-05-19 04:05:07,729.64,dev_88a6698d70,region_09,netbanking,success,2025-06-11
txn_0001124,cust_00011,merch_0092,travel,2026-05-19 04:41:39,456.38,dev_d97d35dfcc,region_16,upi,success,2025-12-23
txn_0002358,cust_00022,merch_0069,electronics,2026-05-19 05:09:52,580.57,dev_a7c1738df4,region_15,card,success,2026-01-24
txn_0001576,cust_00015,merch_0029,food_delivery,2026-05-19 05:12:58,578.85,dev_c85f2cd462,region_11,card,success,2025-04-26
txn_0001788,cust_00016,merch_0000,travel,2026-05-19 05:17:27,1488.14,dev_ff4d7123cb,region_05,netbanking,success,2026-03-16
txn_0001924,cust_00018,merch_0075,travel,2026-05-19 05:36:58,2343.77,dev_e3250f6388,region_07,card,success,2026-02-06
txn_0001001,cust_00010,merch_0054,digital_goods,2026-05-19 05:37:13,598.86,dev_f3a63af8f4,region_24,wallet,success,2025-10-17
txn_0003638,cust_00037,merch_0050,digital_goods,2026-05-19 06:10:22,185.98,dev_e5a094c0cb,region_22,upi,success,2026-03-22
txn_0001786,cust_00016,merch_0115,home_goods,2026-05-19 06:44:21,1681.84,dev_ff4d7123cb,region_05,card,success,2026-03-16
txn_0003025,cust_00028,merch_0022,groceries,2026-05-19 06:48:33,376.03,dev_0fd2ab5f2c,region_20,card,success,2025-03-16
txn_0003356,cust_00034,merch_0032,digital_goods,2026-05-19 06:50:30,1194.04,dev_b983ceccdc,region_23,card,success,2025-12-14
txn_0000632,cust_00005,merch_0078,digital_goods,2026-05-19 07:04:07,1021.08,dev_88a6698d70,region_09,wallet,success,2025-06-11
txn_0002856,cust_00026,merch_0134,electronics,2026-05-19 07:50:03,386.3,dev_3d6886d22a,region_08,card,success,2025-12-24
txn_0002712,cust_00025,merch_0171,food_delivery,2026-05-19 07:54:25,556.11,dev_c61377a306,region_09,wallet,success,2025-08-13
txn_0000223,cust_00001,merch_0139,digital_goods,2026-05-19 08:10:16,1422.36,dev_8b01cc1cb7,region_11,wallet,success,2026-03-16
txn_0000222,cust_00001,merch_0177,fashion,2026-05-19 08:31:48,1872.3,dev_8b01cc1cb7,region_11,wallet,success,2026-03-16
txn_0002854,cust_00026,merch_0153,electronics,2026-05-19 08:32:12,579.68,dev_3d6886d22a,region_08,upi,success,2025-12-24
txn_0001391,cust_00014,merch_0064,food_delivery,2026-05-19 08:51:47,168.14,dev_a3fb82f6fb,region_04,card,success,2024-12-15
txn_0000226,cust_00001,merch_0176,electronics,2026-05-19 09:44:03,1545.19,dev_8b01cc1cb7,region_11,card,success,2026-03-16
txn_0001287,cust_00013,merch_0123,fashion,2026-05-19 10:53:23,2128.48,dev_1e3cfb13fa,region_16,wallet,success,2025-01-05
txn_0003141,cust_00029,merch_0156,digital_goods,2026-05-19 11:05:23,384.78,dev_9fe5b185ac,region_04,card,success,2025-05-28
txn_0003810,cust_00039,merch_0090,home_goods,2026-05-19 11:47:26,1190.29,dev_4899813274,region_24,upi,success,2026-02-23
txn_0002715,cust_00025,merch_0129,digital_goods,2026-05-19 11:47:46,640.98,dev_c61377a306,region_09,upi,failed,2025-08-13
txn_0003024,cust_00028,merch_0109,food_delivery,2026-05-19 12:47:14,358.74,dev_0fd2ab5f2c,region_20,netbanking,success,2025-03-16
txn_0002857,cust_00026,merch_0108,food_delivery,2026-05-19 13:17:29,632.07,dev_3d6886d22a,region_08,upi,success,2025-12-24
txn_0001127,cust_00011,merch_0047,groceries,2026-05-19 13:33:09,414.22,dev_d97d35dfcc,region_16,netbanking,success,2025-12-23
txn_0001289,cust_00013,merch_0136,groceries,2026-05-19 13:53:09,2433.37,dev_1e3cfb13fa,region_16,card,success,2025-01-05
txn_0000067,cust_00000,merch_0127,groceries,2026-05-19 14:42:53,928.06,dev_d8eee72e0e,region_16,card,success,2024-10-19
txn_0000225,cust_00001,merch_0028,digital_goods,2026-05-19 14:44:13,1243.62,dev_8b01cc1cb7,region_11,upi,success,2026-03-16
txn_0001882,cust_00017,merch_0139,digital_goods,2026-05-19 16:16:20,215.24,dev_e5dfc6a9a5,region_12,card,success,2026-01-13
txn_0000068,cust_00000,merch_0010,food_delivery,2026-05-19 16:43:45,721.39,dev_d8eee72e0e,region_16,wallet,success,2024-10-19
txn_0001787,cust_00016,merch_0059,digital_goods,2026-05-19 16:46:07,1528.63,dev_ff4d7123cb,region_05,card,success,2026-03-16
txn_0002440,cust_00023,merch_0099,fashion,2026-05-19 17:01:07,3601.22,dev_ae0251997d,region_13,upi,success,2025-09-03
txn_0001288,cust_00013,merch_0133,home_goods,2026-05-19 17:04:32,2336.8,dev_1e3cfb13fa,region_16,upi,success,2025-01-05
txn_0003023,cust_00028,merch_0130,food_delivery,2026-05-19 17:08:46,385.83,dev_0fd2ab5f2c,region_20,upi,success,2025-03-16
txn_0002713,cust_00025,merch_0067,travel,2026-05-19 17:22:05,707.55,dev_c61377a306,region_09,card,success,2025-08-13
txn_0003548,cust_00036,merch_0075,travel,2026-05-19 17:51:24,271.01,dev_f10e01fbae,region_18,card,failed,2026-02-20
txn_0000453,cust_00003,merch_0115,home_goods,2026-05-19 19:14:43,842.42,dev_61c49512f5,region_20,card,success,2025-12-30
txn_0001881,cust_00017,merch_0111,digital_goods,2026-05-19 20:27:55,135.27,dev_e5dfc6a9a5,region_12,netbanking,success,2026-01-13
txn_0003637,cust_00037,merch_0172,travel,2026-05-19 20:47:32,216.32,dev_e5a094c0cb,region_22,netbanking,success,2026-03-22
txn_0000945,cust_00009,merch_0174,groceries,2026-05-19 22:26:45,251.18,dev_c5b5464c6f,region_14,card,success,2025-01-09
txn_0002167,cust_00020,merch_0055,digital_goods,2026-05-19 22:27:05,196.78,dev_44ebf7337f,region_16,upi,failed,2026-02-23
txn_0002855,cust_00026,merch_0176,electronics,2026-05-19 22:31:25,1127.03,dev_3d6886d22a,region_08,netbanking,success,2025-12-24
txn_0001126,cust_00011,merch_0092,travel,2026-05-19 22:36:47,440.87,dev_d97d35dfcc,region_16,card,success,2025-12-23
txn_0000066,cust_00000,merch_0017,travel,2026-05-19 22:55:05,275.12,dev_d8eee72e0e,region_16,upi,success,2024-10-19
txn_0003731,cust_00038,merch_0100,groceries,2026-05-20 00:14:55,361.5,dev_52f1883043,region_06,card,success,2025-08-04
txn_0002719,cust_00025,merch_0024,fashion,2026-05-20 00:56:30,700.13,dev_c61377a306,region_09,netbanking,success,2025-08-13
txn_0002893,cust_00027,merch_0164,travel,2026-05-20 01:03:33,647.72,dev_a2803eee45,region_24,card,success,2026-03-08
txn_0001791,cust_00016,merch_0030,home_goods,2026-05-20 01:31:29,1604.31,dev_ff4d7123cb,region_05,card,success,2026-03-16
txn_0002063,cust_00019,merch_0131,electronics,2026-05-20 01:40:57,254.4,dev_c16cfa8786,region_12,wallet,success,2025-12-18
txn_0002892,cust_00027,merch_0176,electronics,2026-05-20 02:13:07,952.71,dev_a2803eee45,region_24,upi,success,2026-03-08
txn_0002170,cust_00020,merch_0065,food_delivery,2026-05-20 02:25:31,905.84,dev_44ebf7337f,region_16,card,success,2026-02-23
txn_0001128,cust_00011,merch_0062,groceries,2026-05-20 02:58:01,483.37,dev_d97d35dfcc,region_16,card,success,2025-12-23
txn_0003459,cust_00035,merch_0143,electronics,2026-05-20 03:07:46,822.69,dev_26cb4432c0,region_04,card,success,2026-03-06
txn_0003811,cust_00039,merch_0111,digital_goods,2026-05-20 03:11:36,3100.86,dev_4899813274,region_24,card,success,2026-02-23
txn_0002858,cust_00026,merch_0067,travel,2026-05-20 03:17:02,661.03,dev_3d6886d22a,region_08,card,success,2025-12-24
txn_0003029,cust_00028,merch_0122,electronics,2026-05-20 04:25:09,246.64,dev_0fd2ab5f2c,region_20,card,success,2025-03-16
txn_0001165,cust_00012,merch_0085,travel,2026-05-20 04:28:29,134.55,dev_a68aa3d101,region_17,card,success,2026-02-15
txn_0001792,cust_00016,merch_0110,digital_goods,2026-05-20 05:39:54,1252.41,dev_ff4d7123cb,region_05,card,success,2026-03-16
txn_0003030,cust_00028,merch_0140,food_delivery,2026-05-20 05:59:01,327.52,dev_0fd2ab5f2c,region_20,card,success,2025-03-16
txn_0002062,cust_00019,merch_0175,groceries,2026-05-20 07:25:36,489.52,dev_c16cfa8786,region_12,card,success,2025-12-18
txn_0003142,cust_00029,merch_0015,food_delivery,2026-05-20 08:00:10,375.31,dev_9fe5b185ac,region_04,card,success,2025-05-28
txn_0003239,cust_00031,merch_0139,digital_goods,2026-05-20 08:06:03,487.9,dev_b8ce223e2d,region_15,card,success,2025-02-16
txn_0003026,cust_00028,merch_0160,electronics,2026-05-20 08:23:43,340.37,dev_0fd2ab5f2c,region_20,card,success,2025-03-16
txn_0002716,cust_00025,merch_0067,travel,2026-05-20 09:03:14,524.79,dev_c61377a306,region_09,card,success,2025-08-13
txn_0000455,cust_00003,merch_0105,fashion,2026-05-20 09:11:02,840.58,dev_61c49512f5,region_20,upi,success,2025-12-30
txn_0000860,cust_00008,merch_0125,fashion,2026-05-20 09:28:30,1159.72,dev_ddb545484a,region_14,upi,success,2024-12-23
txn_0001579,cust_00015,merch_0000,travel,2026-05-20 09:29:11,225.04,dev_c85f2cd462,region_11,netbanking,success,2025-04-26
txn_0001580,cust_00015,merch_0121,digital_goods,2026-05-20 09:36:28,721.31,dev_c85f2cd462,region_11,card,success,2025-04-26
txn_0001291,cust_00013,merch_0059,digital_goods,2026-05-20 09:46:49,1684.67,dev_1e3cfb13fa,region_16,upi,success,2025-01-05
txn_0001577,cust_00015,merch_0107,groceries,2026-05-20 10:12:25,883.68,dev_c85f2cd462,region_11,card,success,2025-04-26
txn_0002442,cust_00023,merch_0019,travel,2026-05-20 10:15:47,2262.97,dev_ae0251997d,region_13,card,failed,2025-09-03
txn_0003238,cust_00031,merch_0171,food_delivery,2026-05-20 10:56:27,348.14,dev_b8ce223e2d,region_15,upi,success,2025-02-16
txn_0003028,cust_00028,merch_0144,groceries,2026-05-20 10:57:47,465.29,dev_0fd2ab5f2c,region_20,card,success,2025-03-16
txn_0000227,cust_00001,merch_0057,digital_goods,2026-05-20 11:22:39,1337.52,dev_8b01cc1cb7,region_11,card,success,2026-03-16
txn_0003143,cust_00029,merch_0132,groceries,2026-05-20 11:56:55,670.32,dev_9fe5b185ac,region_04,card,success,2025-05-28
txn_0002859,cust_00026,merch_0036,travel,2026-05-20 12:13:45,624.83,dev_3d6886d22a,region_08,card,success,2025-12-24
txn_0002718,cust_00025,merch_0058,fashion,2026-05-20 13:38:44,708.43,dev_c61377a306,region_09,card,success,2025-08-13
txn_0002441,cust_00023,merch_0105,fashion,2026-05-20 13:40:24,1763.17,dev_ae0251997d,region_13,upi,success,2025-09-03
txn_0001790,cust_00016,merch_0120,travel,2026-05-20 14:00:52,1430.55,dev_ff4d7123cb,region_05,upi,success,2026-03-16
txn_0002247,cust_00021,merch_0029,food_delivery,2026-05-20 14:41:25,263.62,dev_23cb667f8d,region_17,upi,success,2026-01-27
txn_0003730,cust_00038,merch_0028,digital_goods,2026-05-20 14:45:23,396.04,dev_52f1883043,region_06,card,success,2025-08-04
txn_0002717,cust_00025,merch_0142,fashion,2026-05-20 14:50:30,369.81,dev_c61377a306,region_09,netbanking,success,2025-08-13
txn_0002720,cust_00025,merch_0142,fashion,2026-05-20 14:52:15,586.6,dev_c61377a306,region_09,upi,success,2025-08-13
txn_0001002,cust_00010,merch_0000,travel,2026-05-20 16:47:06,689.64,dev_f3a63af8f4,region_24,netbanking,success,2025-10-17
txn_0003729,cust_00038,merch_0109,food_delivery,2026-05-20 18:02:49,841.25,dev_52f1883043,region_06,netbanking,success,2025-08-04
txn_0003358,cust_00034,merch_0118,groceries,2026-05-20 18:24:21,1699.57,dev_b983ceccdc,region_23,netbanking,success,2025-12-14
txn_0003240,cust_00031,merch_0030,home_goods,2026-05-20 18:39:11,339.68,dev_b8ce223e2d,region_15,card,success,2025-02-16
txn_0001925,cust_00018,merch_0094,home_goods,2026-05-20 18:59:16,12458.02,dev_e3250f6388,region_07,netbanking,success,2026-02-06
txn_0002360,cust_00022,merch_0019,travel,2026-05-20 19:01:03,1226.48,dev_a7c1738df4,region_15,card,success,2026-01-24
txn_0001578,cust_00015,merch_0024,fashion,2026-05-20 20:32:48,661.5,dev_c85f2cd462,region_11,card,success,2025-04-26
txn_0003550,cust_00036,merch_0107,groceries,2026-05-20 20:44:25,310.81,dev_f10e01fbae,region_18,netbanking,success,2026-02-20
txn_0002359,cust_00022,merch_0017,travel,2026-05-20 21:05:10,916.25,dev_a7c1738df4,region_15,card,success,2026-01-24
txn_0003549,cust_00036,merch_0097,electronics,2026-05-20 21:15:09,341.5,dev_f10e01fbae,region_18,card,success,2026-02-20
txn_0000069,cust_00000,merch_0171,food_delivery,2026-05-20 21:39:56,2227.5,dev_d8eee72e0e,region_16,card,failed,2024-10-19
txn_0002891,cust_00027,merch_0028,digital_goods,2026-05-20 22:08:19,390.03,dev_a2803eee45,region_24,upi,failed,2026-03-08
txn_0003812,cust_00039,merch_0085,travel,2026-05-20 22:20:26,1132.54,dev_4899813274,region_24,card,success,2026-02-23
txn_0002860,cust_00026,merch_0005,electronics,2026-05-20 23:00:54,672.82,dev_3d6886d22a,region_08,upi,success,2025-12-24
txn_0003027,cust_00028,merch_0020,digital_goods,2026-05-20 23:04:25,341.4,dev_2cf8783cc8,region_20,upi,success,2025-03-16
txn_0001581,cust_00015,merch_0042,home_goods,2026-05-20 23:35:54,582.94,dev_c85f2cd462,region_11,card,success,2025-04-26
txn_0002061,cust_00019,merch_0104,travel,2026-05-20 23:39:33,264.57,dev_c16cfa8786,region_12,netbanking,failed,2025-12-18
txn_0000633,cust_00005,merch_0178,travel,2026-05-21 00:11:59,1120.87,dev_88a6698d70,region_09,netbanking,success,2025-06-11
txn_0003242,cust_00031,merch_0126,food_delivery,2026-05-21 01:27:24,360.57,dev_b8ce223e2d,region_15,netbanking,success,2025-02-16
txn_0001884,cust_00017,merch_0077,home_goods,2026-05-21 01:42:06,237.01,dev_e5dfc6a9a5,region_12,card,success,2026-01-13
txn_0000946,cust_00009,merch_0123,fashion,2026-05-21 01:59:00,276.41,dev_c5b5464c6f,region_14,upi,success,2025-01-09
txn_0000541,cust_00004,merch_0009,travel,2026-05-21 02:01:43,1519.37,dev_5d98562187,region_22,upi,success,2025-10-27
txn_0000296,cust_00002,merch_0142,fashion,2026-05-21 02:02:16,163.85,dev_c2fe882877,region_21,upi,success,2026-01-21
txn_0000295,cust_00002,merch_0167,electronics,2026-05-21 02:38:46,746.69,dev_c2fe882877,region_21,upi,success,2026-01-21
txn_0002443,cust_00023,merch_0165,groceries,2026-05-21 02:44:56,3803.74,dev_ae0251997d,region_13,card,success,2025-09-03
txn_0003462,cust_00035,merch_0121,digital_goods,2026-05-21 03:56:39,649.71,dev_26cb4432c0,region_04,card,success,2026-03-06
txn_0001883,cust_00017,merch_0111,digital_goods,2026-05-21 04:18:57,181.55,dev_e5dfc6a9a5,region_12,netbanking,success,2026-01-13
txn_0003179,cust_00030,merch_0012,food_delivery,2026-05-21 04:31:03,528.4,dev_b012ae2533,region_15,upi,success,2025-01-10
txn_0001130,cust_00011,merch_0114,food_delivery,2026-05-21 04:57:10,368.44,dev_d97d35dfcc,region_16,upi,success,2025-12-23
txn_0001394,cust_00014,merch_0086,electronics,2026-05-21 05:43:04,147.44,dev_a3fb82f6fb,region_04,card,success,2024-12-15
txn_0001392,cust_00014,merch_0143,electronics,2026-05-21 06:05:53,118.68,dev_a3fb82f6fb,region_04,upi,success,2024-12-15
txn_0003814,cust_00039,merch_0003,food_delivery,2026-05-21 06:27:38,1189.98,dev_4899813274,region_24,netbanking,success,2026-02-23
txn_0001796,cust_00016,merch_0173,electronics,2026-05-21 06:43:11,995.83,dev_ff4d7123cb,region_05,card,success,2026-03-16
txn_0001393,cust_00014,merch_0164,travel,2026-05-21 06:48:47,214.35,dev_a3fb82f6fb,region_04,card,success,2024-12-15
txn_0000803,cust_00007,merch_0165,groceries,2026-05-21 06:53:04,462.09,dev_ded833c13d,region_05,card,success,2026-01-03
txn_0001292,cust_00013,merch_0039,fashion,2026-05-21 07:10:25,2174.62,dev_1e3cfb13fa,region_16,upi,success,2025-01-05
txn_0003553,cust_00036,merch_0002,fashion,2026-05-21 08:06:11,265.05,dev_f10e01fbae,region_18,upi,failed,2026-02-20
txn_0001795,cust_00016,merch_0166,groceries,2026-05-21 08:38:07,721.43,dev_ff4d7123cb,region_05,card,success,2026-03-16
txn_0001582,cust_00015,merch_0143,electronics,2026-05-21 09:22:27,544.92,dev_c85f2cd462,region_11,upi,success,2025-04-26
txn_0002722,cust_00025,merch_0000,travel,2026-05-21 09:46:32,486.96,dev_c61377a306,region_09,card,success,2025-08-13
txn_0001166,cust_00012,merch_0051,fashion,2026-05-21 09:49:14,146.86,dev_a68aa3d101,region_17,upi,failed,2026-02-15
txn_0000746,cust_00006,merch_0168,digital_goods,2026-05-21 09:52:18,411.42,dev_306b522224,region_20,card,success,2026-02-23
txn_0002065,cust_00019,merch_0111,digital_goods,2026-05-21 10:15:50,281.99,dev_c16cfa8786,region_12,upi,success,2025-12-18
txn_0002721,cust_00025,merch_0019,travel,2026-05-21 11:01:12,488.52,dev_c61377a306,region_09,netbanking,success,2025-08-13
txn_0003031,cust_00028,merch_0112,electronics,2026-05-21 11:15:26,410.94,dev_0fd2ab5f2c,region_20,card,success,2025-03-16
txn_0000748,cust_00006,merch_0077,home_goods,2026-05-21 11:36:55,661.47,dev_306b522224,region_20,netbanking,success,2026-02-23
txn_0000747,cust_00006,merch_0043,travel,2026-05-21 11:53:14,1110.61,dev_306b522224,region_20,upi,success,2026-02-23
txn_0003032,cust_00028,merch_0005,electronics,2026-05-21 12:02:58,203.81,dev_0fd2ab5f2c,region_20,netbanking,success,2025-03-16
txn_0001129,cust_00011,merch_0136,groceries,2026-05-21 12:19:49,650.15,dev_d97d35dfcc,region_16,card,success,2025-12-23
txn_0002539,cust_00024,merch_0040,groceries,2026-05-21 12:46:46,1318.65,dev_fbb25b4e5c,region_10,card,success,2024-07-18
txn_0000229,cust_00001,merch_0144,groceries,2026-05-21 12:56:38,1413.45,dev_8b01cc1cb7,region_11,upi,success,2026-03-16
txn_0001794,cust_00016,merch_0157,travel,2026-05-21 13:16:02,803.23,dev_ff4d7123cb,region_05,card,success,2026-03-16
txn_0003461,cust_00035,merch_0114,food_delivery,2026-05-21 14:19:36,866.16,dev_26cb4432c0,region_04,upi,success,2026-03-06
txn_0000230,cust_00001,merch_0163,digital_goods,2026-05-21 14:22:50,799.42,dev_8b01cc1cb7,region_11,upi,success,2026-03-16
txn_0000948,cust_00009,merch_0062,groceries,2026-05-21 15:23:16,185.52,dev_c5b5464c6f,region_14,upi,failed,2025-01-09
txn_0003463,cust_00035,merch_0030,home_goods,2026-05-21 15:33:15,814.37,dev_26cb4432c0,region_04,netbanking,success,2026-03-06
txn_0003639,cust_00037,merch_0086,electronics,2026-05-21 15:33:34,241.38,dev_e5a094c0cb,region_22,upi,success,2026-03-22
txn_0000456,cust_00003,merch_0050,digital_goods,2026-05-21 15:33:56,1158.63,dev_61c49512f5,region_20,card,success,2025-12-30
txn_0003033,cust_00028,merch_0140,food_delivery,2026-05-21 15:42:47,209.83,dev_0fd2ab5f2c,region_20,upi,success,2025-03-16
txn_0000070,cust_00000,merch_0172,travel,2026-05-21 15:45:09,864.16,dev_d8eee72e0e,region_16,netbanking,failed,2024-10-19
txn_0003552,cust_00036,merch_0104,travel,2026-05-21 15:49:40,184.83,dev_f10e01fbae,region_18,upi,success,2026-02-20
txn_0002542,cust_00024,merch_0042,home_goods,2026-05-21 15:57:03,1017.35,dev_fbb25b4e5c,region_10,card,success,2024-07-18
txn_0000861,cust_00008,merch_0090,home_goods,2026-05-21 17:26:28,1104.66,dev_ddb545484a,region_14,card,success,2024-12-23
txn_0000949,cust_00009,merch_0088,groceries,2026-05-21 18:02:26,264.22,dev_c5b5464c6f,region_14,card,success,2025-01-09
txn_0001793,cust_00016,merch_0083,digital_goods,2026-05-21 18:16:43,1426.2,dev_ff4d7123cb,region_05,card,success,2026-03-16
txn_0002540,cust_00024,merch_0133,home_goods,2026-05-21 18:24:56,1165.1,dev_fbb25b4e5c,region_10,card,success,2024-07-18
txn_0003034,cust_00028,merch_0072,home_goods,2026-05-21 19:29:59,338.52,dev_0fd2ab5f2c,region_20,upi,success,2025-03-16
txn_0003241,cust_00031,merch_0098,electronics,2026-05-21 20:25:56,413.84,dev_b8ce223e2d,region_15,card,failed,2025-02-16
txn_0001583,cust_00015,merch_0058,fashion,2026-05-21 21:12:58,649.86,dev_c85f2cd462,region_11,upi,success,2025-04-26
txn_0000228,cust_00001,merch_0161,food_delivery,2026-05-21 21:22:45,843.39,dev_8b01cc1cb7,region_11,upi,success,2026-03-16
txn_0002064,cust_00019,merch_0061,electronics,2026-05-21 21:29:11,270.42,dev_c16cfa8786,region_12,upi,failed,2025-12-18
txn_0001131,cust_00011,merch_0076,electronics,2026-05-21 21:54:31,425.04,dev_d97d35dfcc,region_16,card,success,2025-12-23
txn_0000947,cust_00009,merch_0161,food_delivery,2026-05-21 21:54:55,249.21,dev_c5b5464c6f,region_14,card,success,2025-01-09
txn_0003813,cust_00039,merch_0008,travel,2026-05-21 21:55:54,2863.92,dev_4899813274,region_24,card,success,2026-02-23
txn_0003551,cust_00036,merch_0060,food_delivery,2026-05-21 22:11:21,248.76,dev_f10e01fbae,region_18,upi,success,2026-02-20
txn_0002361,cust_00022,merch_0178,travel,2026-05-21 22:47:58,403.1,dev_a7c1738df4,region_15,upi,success,2026-01-24
txn_0001584,cust_00015,merch_0090,home_goods,2026-05-21 22:59:04,361.82,dev_c85f2cd462,region_11,upi,failed,2025-04-26
txn_0003460,cust_00035,merch_0067,travel,2026-05-21 23:01:00,685.46,dev_26cb4432c0,region_04,card,success,2026-03-06
txn_0000540,cust_00004,merch_0132,groceries,2026-05-21 23:14:18,1396.65,dev_5d98562187,region_22,card,success,2025-10-27
txn_0002541,cust_00024,merch_0160,electronics,2026-05-21 23:22:32,1019.04,dev_fbb25b4e5c,region_10,netbanking,success,2024-07-18
txn_0000862,cust_00008,merch_0028,digital_goods,2026-05-21 23:30:17,1982.28,dev_ddb545484a,region_14,card,success,2024-12-23
txn_0002248,cust_00021,merch_0034,home_goods,2026-05-21 23:50:09,419.1,dev_23cb667f8d,region_17,netbanking,success,2026-01-27
txn_0001588,cust_00015,merch_0025,groceries,2026-05-22 00:08:48,700.7,dev_c85f2cd462,region_11,upi,success,2025-04-26
txn_0003640,cust_00037,merch_0050,digital_goods,2026-05-22 00:18:48,165.43,dev_e5a094c0cb,region_22,upi,failed,2026-03-22
txn_0001798,cust_00016,merch_0086,electronics,2026-05-22 00:40:21,1741.4,dev_ff4d7123cb,region_05,card,success,2026-03-16
txn_0003469,cust_00035,merch_0081,fashion,2026-05-22 01:24:51,811.68,dev_26cb4432c0,region_04,netbanking,success,2026-03-06
txn_0001803,cust_00016,merch_0095,digital_goods,2026-05-22 01:59:11,2356.16,dev_ff4d7123cb,region_05,upi,success,2026-03-16
txn_0001802,cust_00016,merch_0152,electronics,2026-05-22 02:13:25,1271.54,dev_ff4d7123cb,region_05,card,success,2026-03-16
txn_0000232,cust_00001,merch_0059,digital_goods,2026-05-22 02:35:49,1198.51,dev_8b01cc1cb7,region_11,card,success,2026-03-16
txn_0002725,cust_00025,merch_0030,home_goods,2026-05-22 03:03:28,585.81,dev_c61377a306,region_09,upi,success,2025-08-13
txn_0003467,cust_00035,merch_0159,electronics,2026-05-22 03:15:43,889.79,dev_26cb4432c0,region_04,card,success,2026-03-06
txn_0003243,cust_00031,merch_0169,electronics,2026-05-22 03:54:59,438.03,dev_b8ce223e2d,region_15,netbanking,success,2025-02-16
txn_0003732,cust_00038,merch_0063,groceries,2026-05-22 03:58:40,690.35,dev_52f1883043,region_06,card,success,2025-08-04
txn_0001800,cust_00016,merch_0111,digital_goods,2026-05-22 04:04:45,1683.49,dev_ff4d7123cb,region_05,wallet,success,2026-03-16
txn_0002543,cust_00024,merch_0016,fashion,2026-05-22 04:13:36,517.18,dev_fbb25b4e5c,region_10,card,success,2024-07-18
txn_0002862,cust_00026,merch_0132,groceries,2026-05-22 04:48:48,743.65,dev_3d6886d22a,region_08,card,success,2025-12-24
txn_0002362,cust_00022,merch_0038,travel,2026-05-22 04:56:52,251.39,dev_a7c1738df4,region_15,upi,success,2026-01-24
txn_0000543,cust_00004,merch_0012,food_delivery,2026-05-22 05:34:47,1193.02,dev_5d98562187,region_22,upi,success,2025-10-27
txn_0001804,cust_00016,merch_0006,food_delivery,2026-05-22 05:36:47,1514.02,dev_ff4d7123cb,region_05,netbanking,success,2026-03-16
txn_0000950,cust_00009,merch_0094,home_goods,2026-05-22 05:54:02,266.84,dev_c5b5464c6f,region_14,upi,success,2025-01-09
txn_0001587,cust_00015,merch_0145,digital_goods,2026-05-22 06:00:16,974.62,dev_c85f2cd462,region_11,netbanking,success,2025-04-26
txn_0000234,cust_00001,merch_0063,groceries,2026-05-22 06:05:05,937.15,dev_8b01cc1cb7,region_11,netbanking,success,2026-03-16
txn_0002068,cust_00019,merch_0002,fashion,2026-05-22 06:18:53,462.61,dev_c16cfa8786,region_12,card,success,2025-12-18
txn_0002544,cust_00024,merch_0023,food_delivery,2026-05-22 06:30:38,949.09,dev_fbb25b4e5c,region_10,upi,failed,2024-07-18
txn_0003293,cust_00033,merch_0094,home_goods,2026-05-22 07:51:26,3822.09,dev_3b4c2de63a,region_09,upi,success,2025-12-09
txn_0003145,cust_00029,merch_0002,fashion,2026-05-22 08:04:03,639.5,dev_9fe5b185ac,region_04,upi,success,2025-05-28
txn_0002723,cust_00025,merch_0045,home_goods,2026-05-22 08:28:23,716.85,dev_c61377a306,region_09,netbanking,success,2025-08-13
txn_0001585,cust_00015,merch_0123,fashion,2026-05-22 09:36:35,1177.14,dev_c85f2cd462,region_11,upi,success,2025-04-26
txn_0002066,cust_00019,merch_0044,groceries,2026-05-22 09:53:19,431.71,dev_c16cfa8786,region_12,upi,failed,2025-12-18
txn_0000804,cust_00007,merch_0028,digital_goods,2026-05-22 10:05:24,450.16,dev_ded833c13d,region_05,netbanking,success,2026-01-03
txn_0000233,cust_00001,merch_0102,food_delivery,2026-05-22 11:00:09,663.49,dev_8b01cc1cb7,region_11,upi,success,2026-03-16
txn_0001132,cust_00011,merch_0123,fashion,2026-05-22 11:16:39,605.3,dev_d97d35dfcc,region_16,netbanking,success,2025-12-23
txn_0000231,cust_00001,merch_0140,food_delivery,2026-05-22 11:30:19,406.16,dev_8b01cc1cb7,region_11,upi,success,2026-03-16
txn_0001799,cust_00016,merch_0051,fashion,2026-05-22 11:51:33,1558.08,dev_ff4d7123cb,region_05,upi,success,2026-03-16
txn_0000542,cust_00004,merch_0070,home_goods,2026-05-22 12:04:50,1211.37,dev_5d98562187,region_22,wallet,success,2025-10-27
txn_0001926,cust_00018,merch_0038,travel,2026-05-22 12:12:26,10600.82,dev_e3250f6388,region_07,upi,failed,2026-02-06
txn_0003359,cust_00034,merch_0019,travel,2026-05-22 12:16:05,1389.94,dev_b983ceccdc,region_23,upi,success,2025-12-14
txn_0001797,cust_00016,merch_0000,travel,2026-05-22 12:18:09,1657.53,dev_ff4d7123cb,region_05,card,success,2026-03-16
txn_0003815,cust_00039,merch_0124,electronics,2026-05-22 12:18:28,1973.49,dev_4899813274,region_24,netbanking,success,2026-02-23
txn_0001801,cust_00016,merch_0082,groceries,2026-05-22 13:06:33,1491.09,dev_ff4d7123cb,region_05,upi,success,2026-03-16
txn_0001586,cust_00015,merch_0094,home_goods,2026-05-22 13:13:29,1297.8,dev_c85f2cd462,region_11,card,success,2025-04-26
txn_0002069,cust_00019,merch_0008,travel,2026-05-22 14:10:18,393.23,dev_c16cfa8786,region_12,netbanking,success,2025-12-18
txn_0003468,cust_00035,merch_0101,digital_goods,2026-05-22 15:28:21,848.34,dev_26cb4432c0,region_04,card,success,2026-03-06
txn_0001927,cust_00018,merch_0068,travel,2026-05-22 15:33:47,17448.96,dev_e3250f6388,region_07,netbanking,success,2026-02-06
txn_0003733,cust_00038,merch_0132,groceries,2026-05-22 15:46:10,560.55,dev_52f1883043,region_06,card,success,2025-08-04
txn_0000235,cust_00001,merch_0057,digital_goods,2026-05-22 15:48:49,2223.76,dev_8b01cc1cb7,region_11,upi,success,2026-03-16
txn_0002067,cust_00019,merch_0155,travel,2026-05-22 17:53:13,281.34,dev_c16cfa8786,region_12,netbanking,failed,2025-12-18
txn_0003035,cust_00028,merch_0173,electronics,2026-05-22 18:54:59,456.69,dev_0fd2ab5f2c,region_20,card,success,2025-03-16
txn_0002363,cust_00022,merch_0023,food_delivery,2026-05-22 18:57:40,262.78,dev_a7c1738df4,region_15,upi,success,2026-01-24
txn_0002364,cust_00022,merch_0148,home_goods,2026-05-22 19:15:11,987.8,dev_a7c1738df4,region_15,upi,success,2026-01-24
txn_0002724,cust_00025,merch_0074,travel,2026-05-22 19:34:10,631.29,dev_c61377a306,region_09,upi,success,2025-08-13
txn_0003360,cust_00034,merch_0024,fashion,2026-05-22 19:47:33,1259.37,dev_b983ceccdc,region_23,card,success,2025-12-14
txn_0000863,cust_00008,merch_0168,digital_goods,2026-05-22 19:54:43,1332.74,dev_ddb545484a,region_14,netbanking,success,2024-12-23
txn_0002171,cust_00020,merch_0009,travel,2026-05-22 20:12:07,451.86,dev_44ebf7337f,region_16,card,success,2026-02-23
txn_0003464,cust_00035,merch_0062,groceries,2026-05-22 20:27:56,804.49,dev_26cb4432c0,region_04,upi,success,2026-03-06
txn_0000749,cust_00006,merch_0006,food_delivery,2026-05-22 20:28:49,728.36,dev_306b522224,region_20,card,success,2026-02-23
txn_0000750,cust_00006,merch_0066,fashion,2026-05-22 20:41:38,339.1,dev_306b522224,region_20,netbanking,success,2026-02-23
txn_0003466,cust_00035,merch_0040,groceries,2026-05-22 21:57:29,647.87,dev_26cb4432c0,region_04,card,success,2026-03-06
txn_0002894,cust_00027,merch_0060,food_delivery,2026-05-22 22:09:51,1011.63,dev_a2803eee45,region_24,upi,success,2026-03-08
txn_0003144,cust_00029,merch_0025,groceries,2026-05-22 22:45:24,10.0,dev_9fe5b185ac,region_04,card,success,2025-05-28
txn_0003465,cust_00035,merch_0148,home_goods,2026-05-22 23:18:05,743.42,dev_26cb4432c0,region_04,card,success,2026-03-06
txn_0002444,cust_00023,merch_0051,fashion,2026-05-22 23:19:54,2845.71,dev_ae0251997d,region_13,card,success,2025-09-03
txn_0002861,cust_00026,merch_0062,groceries,2026-05-22 23:32:37,793.86,dev_3d6886d22a,region_08,upi,success,2025-12-24
txn_0000071,cust_00000,merch_0039,fashion,2026-05-23 00:20:34,2101.93,dev_d8eee72e0e,region_16,card,success,2024-10-19
txn_0003642,cust_00037,merch_0010,food_delivery,2026-05-23 00:26:20,74.24,dev_e5a094c0cb,region_22,netbanking,success,2026-03-22
txn_0000458,cust_00003,merch_0144,groceries,2026-05-23 00:43:39,885.08,dev_61c49512f5,region_20,card,success,2025-12-30
txn_0003038,cust_00028,merch_0173,electronics,2026-05-23 00:45:46,402.92,dev_0fd2ab5f2c,region_20,card,success,2025-03-16
txn_0002545,cust_00024,merch_0141,electronics,2026-05-23 00:48:28,477.08,dev_fbb25b4e5c,region_10,card,failed,2024-07-18
txn_0002728,cust_00025,merch_0017,travel,2026-05-23 00:50:01,431.99,dev_c61377a306,region_09,card,success,2025-08-13
txn_0001294,cust_00013,merch_0079,fashion,2026-05-23 01:16:14,865.97,dev_1e3cfb13fa,region_16,upi,success,2025-01-05
txn_0002546,cust_00024,merch_0108,food_delivery,2026-05-23 01:20:51,432.31,dev_fbb25b4e5c,region_10,card,success,2024-07-18
txn_0002727,cust_00025,merch_0004,digital_goods,2026-05-23 01:50:51,539.0,dev_c61377a306,region_09,card,success,2025-08-13
txn_0003245,cust_00031,merch_0169,electronics,2026-05-23 02:10:05,321.4,dev_b8ce223e2d,region_15,card,success,2025-02-16
txn_0000545,cust_00004,merch_0086,electronics,2026-05-23 02:11:58,593.34,dev_5d98562187,region_22,card,success,2025-10-27
txn_0002864,cust_00026,merch_0119,home_goods,2026-05-23 02:40:34,768.11,dev_3d6886d22a,region_08,card,success,2025-12-24
txn_0001589,cust_00015,merch_0178,travel,2026-05-23 03:12:06,664.99,dev_c85f2cd462,region_11,card,success,2025-04-26
txn_0001167,cust_00012,merch_0153,electronics,2026-05-23 04:21:14,146.72,dev_a68aa3d101,region_17,upi,success,2026-02-15
txn_0001590,cust_00015,merch_0118,groceries,2026-05-23 04:26:16,1155.61,dev_c85f2cd462,region_11,upi,success,2025-04-26
txn_0001293,cust_00013,merch_0043,travel,2026-05-23 04:40:30,1408.33,dev_1e3cfb13fa,region_16,card,success,2025-01-05
txn_0002863,cust_00026,merch_0051,fashion,2026-05-23 04:54:31,596.81,dev_3d6886d22a,region_08,card,success,2025-12-24
txn_0001133,cust_00011,merch_0076,electronics,2026-05-23 05:33:15,309.95,dev_d97d35dfcc,region_16,card,success,2025-12-23
txn_0002729,cust_00025,merch_0119,home_goods,2026-05-23 05:45:06,469.58,dev_c61377a306,region_09,upi,success,2025-08-13
txn_0003246,cust_00031,merch_0062,groceries,2026-05-23 06:20:04,308.84,dev_b8ce223e2d,region_15,card,success,2025-02-16
txn_0003039,cust_00028,merch_0015,food_delivery,2026-05-23 07:08:55,341.93,dev_0fd2ab5f2c,region_20,card,success,2025-03-16
txn_0001591,cust_00015,merch_0120,travel,2026-05-23 07:17:59,610.57,dev_c85f2cd462,region_11,card,success,2025-04-26
txn_0000753,cust_00006,merch_0090,home_goods,2026-05-23 07:23:36,644.17,dev_306b522224,region_20,card,success,2026-02-23
txn_0002172,cust_00020,merch_0133,home_goods,2026-05-23 07:49:15,54.3,dev_44ebf7337f,region_16,wallet,success,2026-02-23
txn_0002070,cust_00019,merch_0052,food_delivery,2026-05-23 09:13:01,470.35,dev_c16cfa8786,region_12,card,success,2025-12-18
txn_0003147,cust_00029,merch_0151,fashion,2026-05-23 09:17:10,646.79,dev_9fe5b185ac,region_04,card,success,2025-05-28
txn_0003263,cust_00032,merch_0130,food_delivery,2026-05-23 09:30:26,2074.56,dev_d8c019dd2b,region_03,card,success,2025-08-21
txn_0001592,cust_00015,merch_0015,food_delivery,2026-05-23 09:58:28,1352.91,dev_c85f2cd462,region_11,card,success,2025-04-26
txn_0001003,cust_00010,merch_0177,fashion,2026-05-23 10:15:30,1039.6,dev_f3a63af8f4,region_24,upi,success,2025-10-17
txn_0001805,cust_00016,merch_0024,fashion,2026-05-23 10:24:40,1296.15,dev_ff4d7123cb,region_05,card,success,2026-03-16
txn_0003470,cust_00035,merch_0075,travel,2026-05-23 12:05:43,964.02,dev_26cb4432c0,region_04,upi,success,2026-03-06
txn_0003294,cust_00033,merch_0123,fashion,2026-05-23 12:06:02,4689.79,dev_3b4c2de63a,region_09,netbanking,success,2025-12-09
txn_0002071,cust_00019,merch_0095,digital_goods,2026-05-23 12:19:18,418.74,dev_c16cfa8786,region_12,wallet,success,2025-12-18
txn_0000457,cust_00003,merch_0074,travel,2026-05-23 12:32:04,1147.69,dev_61c49512f5,region_20,upi,success,2025-12-30
txn_0001806,cust_00016,merch_0083,digital_goods,2026-05-23 12:40:50,1805.45,dev_ff4d7123cb,region_05,card,success,2026-03-16
txn_0001885,cust_00017,merch_0041,digital_goods,2026-05-23 12:44:30,240.66,dev_e5dfc6a9a5,region_12,upi,success,2026-01-13
txn_0000752,cust_00006,merch_0174,groceries,2026-05-23 13:20:56,656.67,dev_306b522224,region_20,upi,success,2026-02-23
txn_0002249,cust_00021,merch_0064,food_delivery,2026-05-23 13:31:04,229.33,dev_23cb667f8d,region_17,upi,success,2026-01-27
txn_0003148,cust_00029,merch_0036,travel,2026-05-23 13:56:24,665.5,dev_9fe5b185ac,region_04,card,success,2025-05-28
txn_0000751,cust_00006,merch_0029,food_delivery,2026-05-23 14:46:25,453.62,dev_306b522224,region_20,upi,success,2026-02-23
txn_0003036,cust_00028,merch_0016,fashion,2026-05-23 15:07:03,375.04,dev_0fd2ab5f2c,region_20,card,success,2025-03-16
txn_0003641,cust_00037,merch_0096,digital_goods,2026-05-23 15:36:29,276.45,dev_e5a094c0cb,region_22,card,success,2026-03-22
txn_0003146,cust_00029,merch_0004,digital_goods,2026-05-23 15:40:39,519.92,dev_9fe5b185ac,region_04,upi,success,2025-05-28
txn_0003037,cust_00028,merch_0027,digital_goods,2026-05-23 15:49:15,150.21,dev_0fd2ab5f2c,region_20,card,success,2025-03-16
txn_0000951,cust_00009,merch_0006,food_delivery,2026-05-23 16:32:24,256.07,dev_c5b5464c6f,region_14,card,success,2025-01-09
txn_0002365,cust_00022,merch_0148,home_goods,2026-05-23 17:01:18,620.51,dev_a7c1738df4,region_15,upi,success,2026-01-24
txn_0000236,cust_00001,merch_0134,electronics,2026-05-23 18:26:14,1050.25,dev_8b01cc1cb7,region_11,card,success,2026-03-16
txn_0002726,cust_00025,merch_0097,electronics,2026-05-23 18:41:29,721.35,dev_c61377a306,region_09,upi,success,2025-08-13
txn_0000459,cust_00003,merch_0023,food_delivery,2026-05-23 18:57:44,1193.2,dev_61c49512f5,region_20,card,success,2025-12-30
txn_0003244,cust_00031,merch_0105,fashion,2026-05-23 20:30:08,312.67,dev_b8ce223e2d,region_15,card,success,2025-02-16
txn_0000544,cust_00004,merch_0014,digital_goods,2026-05-23 20:43:40,1129.94,dev_5d98562187,region_22,card,success,2025-10-27
txn_0003149,cust_00029,merch_0148,home_goods,2026-05-23 21:04:58,549.47,dev_9fe5b185ac,region_04,card,success,2025-05-28
txn_0000865,cust_00008,merch_0016,fashion,2026-05-23 21:17:52,1390.38,dev_ddb545484a,region_14,upi,failed,2024-12-23
txn_0003734,cust_00038,merch_0037,electronics,2026-05-23 22:07:11,579.64,dev_52f1883043,region_06,upi,success,2025-08-04
txn_0000864,cust_00008,merch_0096,digital_goods,2026-05-23 22:37:46,1333.44,dev_ddb545484a,region_14,card,success,2024-12-23
txn_0001004,cust_00010,merch_0072,home_goods,2026-05-23 23:30:08,847.89,dev_f3a63af8f4,region_24,netbanking,success,2025-10-17
txn_0001134,cust_00011,merch_0079,fashion,2026-05-24 00:17:44,529.13,dev_d97d35dfcc,region_16,upi,failed,2025-12-23
txn_0001593,cust_00015,merch_0068,travel,2026-05-24 00:47:15,719.72,dev_c85f2cd462,region_11,upi,success,2025-04-26
txn_0002447,cust_00023,merch_0125,fashion,2026-05-24 01:15:23,893.14,dev_ae0251997d,region_13,upi,success,2025-09-03
txn_0000805,cust_00007,merch_0105,fashion,2026-05-24 01:31:55,578.25,dev_ded833c13d,region_05,upi,success,2026-01-03
txn_0000073,cust_00000,merch_0113,food_delivery,2026-05-24 01:47:29,1273.02,dev_d8eee72e0e,region_16,wallet,success,2024-10-19
txn_0000546,cust_00004,merch_0089,fashion,2026-05-24 02:06:12,575.4,dev_5d98562187,region_22,card,success,2025-10-27
txn_0003249,cust_00031,merch_0022,groceries,2026-05-24 02:23:02,489.24,dev_b8ce223e2d,region_15,upi,success,2025-02-16
txn_0003816,cust_00039,merch_0151,fashion,2026-05-24 02:33:05,2627.25,dev_4899813274,region_24,netbanking,success,2026-02-23
txn_0000241,cust_00001,merch_0089,fashion,2026-05-24 02:44:10,1390.53,dev_8b01cc1cb7,region_11,card,success,2026-03-16
txn_0003735,cust_00038,merch_0072,home_goods,2026-05-24 03:00:49,160.79,dev_52f1883043,region_06,upi,success,2025-08-04
txn_0002250,cust_00021,merch_0150,food_delivery,2026-05-24 04:24:25,363.16,dev_23cb667f8d,region_17,upi,success,2026-01-27
txn_0002366,cust_00022,merch_0135,home_goods,2026-05-24 04:42:42,191.71,dev_a7c1738df4,region_15,upi,success,2026-01-24
txn_0001005,cust_00010,merch_0059,digital_goods,2026-05-24 04:49:42,822.94,dev_f3a63af8f4,region_24,upi,success,2025-10-17
txn_0002445,cust_00023,merch_0056,digital_goods,2026-05-24 06:12:54,3153.69,dev_ae0251997d,region_13,netbanking,success,2025-09-03
txn_0003643,cust_00037,merch_0146,food_delivery,2026-05-24 06:36:58,170.96,dev_e5a094c0cb,region_22,card,success,2026-03-22
txn_0000952,cust_00009,merch_0166,groceries,2026-05-24 06:37:06,217.79,dev_c5b5464c6f,region_14,upi,success,2025-01-09
txn_0003645,cust_00037,merch_0113,food_delivery,2026-05-24 06:52:59,291.82,dev_e5a094c0cb,region_22,upi,success,2026-03-22
txn_0001135,cust_00011,merch_0151,fashion,2026-05-24 07:00:41,412.84,dev_d97d35dfcc,region_16,card,success,2025-12-23
txn_0000460,cust_00003,merch_0109,food_delivery,2026-05-24 07:07:05,948.09,dev_61c49512f5,region_20,card,failed,2025-12-30
txn_0000754,cust_00006,merch_0164,travel,2026-05-24 07:16:20,1043.12,dev_306b522224,region_20,upi,success,2026-02-23
txn_0000634,cust_00005,merch_0042,home_goods,2026-05-24 07:31:42,1683.59,dev_88a6698d70,region_09,netbanking,success,2025-06-11
txn_0000243,cust_00001,merch_0016,fashion,2026-05-24 07:48:42,1489.64,dev_8b01cc1cb7,region_11,card,success,2026-03-16
txn_0002865,cust_00026,merch_0164,travel,2026-05-24 08:13:45,935.63,dev_3d6886d22a,region_08,card,success,2025-12-24
txn_0001395,cust_00014,merch_0103,home_goods,2026-05-24 08:16:14,160.67,dev_a3fb82f6fb,region_04,netbanking,success,2024-12-15
txn_0001596,cust_00015,merch_0076,electronics,2026-05-24 08:41:10,783.8,dev_c85f2cd462,region_11,wallet,failed,2025-04-26
txn_0001807,cust_00016,merch_0006,food_delivery,2026-05-24 09:13:26,1019.32,dev_ff4d7123cb,region_05,card,success,2026-03-16
txn_0002731,cust_00025,merch_0163,digital_goods,2026-05-24 09:26:59,470.64,dev_c61377a306,region_09,card,success,2025-08-13
txn_0003361,cust_00034,merch_0014,digital_goods,2026-05-24 09:31:23,1129.38,dev_b983ceccdc,region_23,card,success,2025-12-14
txn_0001168,cust_00012,merch_0066,fashion,2026-05-24 09:32:30,128.08,dev_a68aa3d101,region_17,card,success,2026-02-15
txn_0002446,cust_00023,merch_0114,food_delivery,2026-05-24 09:41:15,1345.77,dev_ae0251997d,region_13,card,success,2025-09-03
txn_0003041,cust_00028,merch_0161,food_delivery,2026-05-24 09:44:15,337.9,dev_0fd2ab5f2c,region_20,card,success,2025-03-16
txn_0000636,cust_00005,merch_0114,food_delivery,2026-05-24 09:56:20,1142.82,dev_88a6698d70,region_09,upi,success,2025-06-11
txn_0002173,cust_00020,merch_0036,travel,2026-05-24 10:05:27,658.45,dev_44ebf7337f,region_16,wallet,success,2026-02-23
txn_0003363,cust_00034,merch_0168,digital_goods,2026-05-24 10:05:28,956.36,dev_b983ceccdc,region_23,upi,success,2025-12-14
txn_0003364,cust_00034,merch_0100,groceries,2026-05-24 11:31:10,1027.42,dev_b983ceccdc,region_23,card,success,2025-12-14
txn_0000635,cust_00005,merch_0005,electronics,2026-05-24 11:48:39,1441.87,dev_88a6698d70,region_09,upi,success,2025-06-11
txn_0003362,cust_00034,merch_0172,travel,2026-05-24 12:37:54,1474.07,dev_b983ceccdc,region_23,card,success,2025-12-14
txn_0002072,cust_00019,merch_0128,electronics,2026-05-24 12:53:13,251.98,dev_c16cfa8786,region_12,wallet,success,2025-12-18
txn_0002549,cust_00024,merch_0155,travel,2026-05-24 13:01:33,362.86,dev_fbb25b4e5c,region_10,card,failed,2024-07-18
txn_0003554,cust_00036,merch_0106,fashion,2026-05-24 13:14:43,298.54,dev_f10e01fbae,region_18,netbanking,success,2026-02-20
txn_0002174,cust_00020,merch_0118,groceries,2026-05-24 13:24:06,992.15,dev_44ebf7337f,region_16,card,success,2026-02-23
txn_0003247,cust_00031,merch_0127,groceries,2026-05-24 13:26:50,258.73,dev_b8ce223e2d,region_15,card,success,2025-02-16
txn_0001595,cust_00015,merch_0110,digital_goods,2026-05-24 13:36:30,1272.55,dev_c85f2cd462,region_11,upi,success,2025-04-26
txn_0003180,cust_00030,merch_0099,fashion,2026-05-24 13:49:11,449.99,dev_b012ae2533,region_04,netbanking,success,2025-01-10
txn_0002732,cust_00025,merch_0092,travel,2026-05-24 14:08:36,469.28,dev_c61377a306,region_09,upi,success,2025-08-13
txn_0000237,cust_00001,merch_0031,home_goods,2026-05-24 14:13:30,1838.57,dev_8b01cc1cb7,region_11,card,success,2026-03-16
txn_0002548,cust_00024,merch_0012,food_delivery,2026-05-24 14:41:36,113.22,dev_fbb25b4e5c,region_10,card,success,2024-07-18
txn_0001886,cust_00017,merch_0163,digital_goods,2026-05-24 14:59:32,61.23,dev_e5dfc6a9a5,region_12,card,success,2026-01-13
txn_0002547,cust_00024,merch_0157,travel,2026-05-24 15:02:56,1571.78,dev_fbb25b4e5c,region_10,upi,success,2024-07-18
txn_0003817,cust_00039,merch_0044,groceries,2026-05-24 15:19:42,1843.86,dev_4899813274,region_24,card,success,2026-02-23
txn_0001594,cust_00015,merch_0022,groceries,2026-05-24 15:37:37,865.18,dev_c85f2cd462,region_11,wallet,success,2025-04-26
txn_0000242,cust_00001,merch_0098,electronics,2026-05-24 16:52:46,292.77,dev_8b01cc1cb7,region_11,card,success,2026-03-16
txn_0003150,cust_00029,merch_0106,fashion,2026-05-24 17:05:37,314.13,dev_9fe5b185ac,region_04,upi,success,2025-05-28
txn_0003646,cust_00037,merch_0133,home_goods,2026-05-24 17:38:23,308.83,dev_e5a094c0cb,region_22,netbanking,success,2026-03-22
txn_0001810,cust_00016,merch_0047,groceries,2026-05-24 17:52:09,2017.64,dev_ff4d7123cb,region_05,card,success,2026-03-16
txn_0003471,cust_00035,merch_0013,travel,2026-05-24 18:27:37,700.71,dev_26cb4432c0,region_04,card,success,2026-03-06
txn_0000240,cust_00001,merch_0166,groceries,2026-05-24 18:32:11,1087.42,dev_8b01cc1cb7,region_11,upi,success,2026-03-16
txn_0001169,cust_00012,merch_0096,digital_goods,2026-05-24 18:34:23,126.42,dev_a68aa3d101,region_17,card,success,2026-02-15
txn_0000239,cust_00001,merch_0049,fashion,2026-05-24 18:44:44,1793.96,dev_8b01cc1cb7,region_11,card,success,2026-03-16
txn_0003248,cust_00031,merch_0024,fashion,2026-05-24 19:20:32,435.08,dev_b8ce223e2d,region_15,upi,success,2025-02-16
txn_0002251,cust_00021,merch_0131,electronics,2026-05-24 20:13:30,412.87,dev_23cb667f8d,region_17,upi,success,2026-01-27
txn_0000238,cust_00001,merch_0022,groceries,2026-05-24 20:18:08,1043.46,dev_8b01cc1cb7,region_11,card,success,2026-03-16
txn_0003365,cust_00034,merch_0014,digital_goods,2026-05-24 20:24:11,1981.09,dev_b983ceccdc,region_23,netbanking,failed,2025-12-14
txn_0001808,cust_00016,merch_0149,electronics,2026-05-24 21:04:28,1594.4,dev_ff4d7123cb,region_05,wallet,success,2026-03-16
txn_0001809,cust_00016,merch_0053,travel,2026-05-24 21:18:52,1809.49,dev_ff4d7123cb,region_05,card,failed,2026-03-16
txn_0002730,cust_00025,merch_0037,electronics,2026-05-24 22:02:08,484.84,dev_c61377a306,region_09,card,success,2025-08-13
txn_0003040,cust_00028,merch_0142,fashion,2026-05-24 22:35:32,297.22,dev_0fd2ab5f2c,region_20,upi,success,2025-03-16
txn_0000072,cust_00000,merch_0157,travel,2026-05-24 22:49:58,1631.27,dev_d8eee72e0e,region_16,upi,success,2024-10-19
txn_0003644,cust_00037,merch_0147,food_delivery,2026-05-24 22:50:55,342.59,dev_e5a094c0cb,region_22,card,success,2026-03-22
txn_0001597,cust_00015,merch_0041,digital_goods,2026-05-24 23:13:44,695.88,dev_c85f2cd462,region_11,card,success,2025-04-26
txn_0001295,cust_00013,merch_0082,groceries,2026-05-24 23:14:54,2060.17,dev_1e3cfb13fa,region_16,card,success,2025-01-05
txn_0002175,cust_00020,merch_0020,digital_goods,2026-05-25 00:16:43,417.01,dev_44ebf7337f,region_16,wallet,success,2026-02-23
txn_0001815,cust_00016,merch_0111,digital_goods,2026-05-25 00:17:56,1480.26,dev_ff4d7123cb,region_05,card,success,2026-03-16
txn_0002551,cust_00024,merch_0143,electronics,2026-05-25 00:26:44,742.35,dev_fbb25b4e5c,region_10,card,success,2024-07-18
txn_0003557,cust_00036,merch_0094,home_goods,2026-05-25 00:40:48,273.86,dev_f10e01fbae,region_18,card,success,2026-02-20
txn_0003737,cust_00038,merch_0049,fashion,2026-05-25 00:53:30,418.02,dev_52f1883043,region_06,card,success,2025-08-04
txn_0000074,cust_00000,merch_0016,fashion,2026-05-25 00:57:10,1335.78,dev_d8eee72e0e,region_16,upi,success,2024-10-19
txn_0001817,cust_00016,merch_0108,food_delivery,2026-05-25 01:10:08,986.41,dev_ff4d7123cb,region_05,card,success,2026-03-16
txn_0002867,cust_00026,merch_0057,digital_goods,2026-05-25 01:44:14,700.45,dev_3d6886d22a,region_08,upi,success,2025-12-24
txn_0000547,cust_00004,merch_0135,home_goods,2026-05-25 01:48:24,1159.93,dev_5d98562187,region_22,card,failed,2025-10-27
txn_0003555,cust_00036,merch_0034,home_goods,2026-05-25 02:02:08,353.93,dev_f10e01fbae,region_18,netbanking,success,2026-02-20
txn_0002077,cust_00019,merch_0092,travel,2026-05-25 02:27:04,250.58,dev_c16cfa8786,region_12,card,success,2025-12-18
txn_0002078,cust_00019,merch_0050,digital_goods,2026-05-25 02:58:14,382.52,dev_c16cfa8786,region_12,card,success,2025-12-18
txn_0002075,cust_00019,merch_0042,home_goods,2026-05-25 03:32:20,440.89,dev_c16cfa8786,region_12,card,success,2025-12-18
txn_0001812,cust_00016,merch_0143,electronics,2026-05-25 04:42:57,1093.82,dev_ff4d7123cb,region_05,card,success,2026-03-16
txn_0002369,cust_00022,merch_0012,food_delivery,2026-05-25 04:48:22,536.41,dev_a7c1738df4,region_15,upi,success,2026-01-24
txn_0000297,cust_00002,merch_0038,travel,2026-05-25 05:34:09,711.63,dev_c2fe882877,region_21,card,success,2026-01-21
txn_0001137,cust_00011,merch_0086,electronics,2026-05-25 05:38:16,482.26,dev_d97d35dfcc,region_16,upi,success,2025-12-23
txn_0002868,cust_00026,merch_0112,electronics,2026-05-25 06:13:38,633.96,dev_3d6886d22a,region_08,upi,success,2025-12-24
txn_0000756,cust_00006,merch_0021,digital_goods,2026-05-25 06:17:54,1308.34,dev_306b522224,region_20,card,success,2026-02-23
txn_0002368,cust_00022,merch_0175,groceries,2026-05-25 06:19:04,300.71,dev_a7c1738df4,region_15,card,success,2026-01-24
txn_0002553,cust_00024,merch_0059,digital_goods,2026-05-25 07:39:25,1082.56,dev_fbb25b4e5c,region_10,card,success,2024-07-18
txn_0002076,cust_00019,merch_0052,food_delivery,2026-05-25 07:43:02,488.05,dev_c16cfa8786,region_12,card,success,2025-12-18
txn_0003556,cust_00036,merch_0033,home_goods,2026-05-25 07:50:40,347.77,dev_f10e01fbae,region_18,netbanking,success,2026-02-20
txn_0001296,cust_00013,merch_0113,food_delivery,2026-05-25 08:36:43,3582.24,dev_1e3cfb13fa,region_16,card,success,2025-01-05
txn_0000757,cust_00006,merch_0024,fashion,2026-05-25 08:40:13,953.09,dev_306b522224,region_20,card,success,2026-02-23
txn_0000246,cust_00001,merch_0025,groceries,2026-05-25 09:06:40,751.43,dev_8b01cc1cb7,region_11,card,success,2026-03-16
txn_0003473,cust_00035,merch_0106,fashion,2026-05-25 09:45:35,921.03,dev_26cb4432c0,region_04,upi,success,2026-03-06
txn_0002367,cust_00022,merch_0083,digital_goods,2026-05-25 10:06:45,481.27,dev_a7c1738df4,region_15,upi,success,2026-01-24
txn_0001136,cust_00011,merch_0174,groceries,2026-05-25 10:31:08,323.8,dev_d97d35dfcc,region_16,upi,success,2025-12-23
txn_0002252,cust_00021,merch_0164,travel,2026-05-25 11:04:37,332.03,dev_23cb667f8d,region_17,netbanking,success,2026-01-27
txn_0001816,cust_00016,merch_0089,fashion,2026-05-25 11:10:25,1129.94,dev_ff4d7123cb,region_05,upi,success,2026-03-16
txn_0002733,cust_00025,merch_0082,groceries,2026-05-25 11:23:26,628.42,dev_c61377a306,region_09,card,success,2025-08-13
txn_0003736,cust_00038,merch_0056,digital_goods,2026-05-25 11:33:35,206.79,dev_52f1883043,region_06,upi,success,2025-08-04
txn_0002370,cust_00022,merch_0034,home_goods,2026-05-25 11:39:26,427.46,dev_a7c1738df4,region_15,card,success,2026-01-24
txn_0000953,cust_00009,merch_0146,food_delivery,2026-05-25 11:45:56,144.3,dev_c5b5464c6f,region_14,upi,success,2025-01-09
txn_0000806,cust_00007,merch_0021,digital_goods,2026-05-25 12:08:17,427.8,dev_ded833c13d,region_05,card,success,2026-01-03
txn_0001811,cust_00016,merch_0121,digital_goods,2026-05-25 12:10:11,1559.42,dev_ff4d7123cb,region_05,card,success,2026-03-16
txn_0001006,cust_00010,merch_0029,food_delivery,2026-05-25 13:38:12,425.27,dev_f3a63af8f4,region_24,card,success,2025-10-17
txn_0002074,cust_00019,merch_0171,food_delivery,2026-05-25 14:03:41,459.94,dev_c16cfa8786,region_12,upi,success,2025-12-18
txn_0003474,cust_00035,merch_0028,digital_goods,2026-05-25 14:31:40,955.5,dev_26cb4432c0,region_04,card,success,2026-03-06
txn_0001929,cust_00018,merch_0096,digital_goods,2026-05-25 14:55:56,17775.64,dev_e3250f6388,region_07,card,success,2026-02-06
txn_0003366,cust_00034,merch_0177,fashion,2026-05-25 15:03:42,1473.87,dev_b983ceccdc,region_23,card,success,2025-12-14
txn_0003738,cust_00038,merch_0003,food_delivery,2026-05-25 15:21:27,818.11,dev_52f1883043,region_06,netbanking,success,2025-08-04
txn_0000755,cust_00006,merch_0039,fashion,2026-05-25 15:32:19,503.25,dev_306b522224,region_20,card,success,2026-02-23
txn_0002550,cust_00024,merch_0056,digital_goods,2026-05-25 15:43:21,840.69,dev_fbb25b4e5c,region_10,upi,success,2024-07-18
txn_0002176,cust_00020,merch_0115,home_goods,2026-05-25 16:14:06,357.44,dev_44ebf7337f,region_16,netbanking,success,2026-02-23
txn_0002073,cust_00019,merch_0037,electronics,2026-05-25 16:21:44,372.43,dev_c16cfa8786,region_12,upi,success,2025-12-18
txn_0000639,cust_00005,merch_0129,digital_goods,2026-05-25 16:30:36,1270.11,dev_88a6698d70,region_09,card,success,2025-06-11
txn_0001813,cust_00016,merch_0063,groceries,2026-05-25 16:30:43,924.95,dev_ff4d7123cb,region_05,card,success,2026-03-16
txn_0002552,cust_00024,merch_0118,groceries,2026-05-25 16:44:57,1127.82,dev_fbb25b4e5c,region_10,card,success,2024-07-18
txn_0002895,cust_00027,merch_0072,home_goods,2026-05-25 16:56:40,278.93,dev_a2803eee45,region_24,netbanking,success,2026-03-08
txn_0000461,cust_00003,merch_0158,groceries,2026-05-25 17:12:12,1105.61,dev_61c49512f5,region_20,netbanking,success,2025-12-30
txn_0000245,cust_00001,merch_0120,travel,2026-05-25 17:18:16,508.09,dev_8b01cc1cb7,region_11,upi,success,2026-03-16
txn_0000548,cust_00004,merch_0047,groceries,2026-05-25 17:23:37,1209.86,dev_5d98562187,region_22,upi,success,2025-10-27
txn_0001598,cust_00015,merch_0150,food_delivery,2026-05-25 17:59:39,664.21,dev_c85f2cd462,region_11,card,success,2025-04-26
txn_0003472,cust_00035,merch_0163,digital_goods,2026-05-25 19:02:56,570.74,dev_26cb4432c0,region_04,netbanking,success,2026-03-06
txn_0003152,cust_00029,merch_0102,food_delivery,2026-05-25 19:22:02,482.33,dev_9fe5b185ac,region_04,upi,success,2025-05-28
txn_0001887,cust_00017,merch_0141,electronics,2026-05-25 19:36:59,203.18,dev_e5dfc6a9a5,region_12,wallet,success,2026-01-13
txn_0003647,cust_00037,merch_0155,travel,2026-05-25 19:42:58,406.33,dev_e5a094c0cb,region_22,card,success,2026-03-22
txn_0003558,cust_00036,merch_0012,food_delivery,2026-05-25 20:19:55,376.17,dev_f10e01fbae,region_18,upi,success,2026-02-20
txn_0002869,cust_00026,merch_0072,home_goods,2026-05-25 20:31:55,413.02,dev_3d6886d22a,region_08,upi,success,2025-12-24
txn_0001814,cust_00016,merch_0126,food_delivery,2026-05-25 20:35:23,1228.0,dev_ff4d7123cb,region_05,upi,success,2026-03-16
txn_0002734,cust_00025,merch_0166,groceries,2026-05-25 21:31:34,323.41,dev_c61377a306,region_09,card,success,2025-08-13
txn_0000247,cust_00001,merch_0020,digital_goods,2026-05-25 22:22:30,1243.48,dev_8b01cc1cb7,region_11,wallet,success,2026-03-16
txn_0000244,cust_00001,merch_0123,fashion,2026-05-25 22:53:37,1343.98,dev_8b01cc1cb7,region_11,card,failed,2026-03-16
txn_0001928,cust_00018,merch_0029,food_delivery,2026-05-25 23:19:58,9073.47,dev_e3250f6388,region_07,card,success,2026-02-06
txn_0000637,cust_00005,merch_0130,food_delivery,2026-05-25 23:31:10,1231.72,dev_88a6698d70,region_09,card,success,2025-06-11
txn_0000638,cust_00005,merch_0173,electronics,2026-05-25 23:50:20,445.25,dev_88a6698d70,region_09,netbanking,success,2025-06-11
txn_0002866,cust_00026,merch_0032,digital_goods,2026-05-25 23:51:33,662.11,dev_3d6886d22a,region_08,card,success,2025-12-24
txn_0003151,cust_00029,merch_0113,food_delivery,2026-05-25 23:57:53,1035.84,dev_9fe5b185ac,region_04,card,success,2025-05-28
txn_0001820,cust_00016,merch_0100,groceries,2026-05-26 00:06:00,1570.99,dev_ff4d7123cb,region_05,card,success,2026-03-16
txn_0000462,cust_00003,merch_0166,groceries,2026-05-26 00:24:14,1139.34,dev_61c49512f5,region_20,card,success,2025-12-30
txn_0002448,cust_00023,merch_0042,home_goods,2026-05-26 00:27:46,2371.67,dev_ae0251997d,region_13,card,success,2025-09-03
txn_0003560,cust_00036,merch_0095,digital_goods,2026-05-26 00:55:59,132.55,dev_f10e01fbae,region_18,upi,failed,2026-02-20
txn_0000549,cust_00004,merch_0094,home_goods,2026-05-26 01:10:43,1460.37,dev_5d98562187,region_22,upi,success,2025-10-27
txn_0001602,cust_00015,merch_0043,travel,2026-05-26 01:16:09,840.61,dev_c85f2cd462,region_11,upi,success,2025-04-26
txn_0001297,cust_00013,merch_0151,fashion,2026-05-26 01:40:12,3927.75,dev_1e3cfb13fa,region_16,card,success,2025-01-05
txn_0000463,cust_00003,merch_0119,home_goods,2026-05-26 03:17:35,922.02,dev_61c49512f5,region_20,card,success,2025-12-30
txn_0001603,cust_00015,merch_0004,digital_goods,2026-05-26 03:31:37,700.57,dev_c85f2cd462,region_11,wallet,success,2025-04-26
txn_0002371,cust_00022,merch_0076,electronics,2026-05-26 04:54:55,782.75,dev_a7c1738df4,region_15,upi,success,2026-01-24
txn_0002555,cust_00024,merch_0115,home_goods,2026-05-26 05:06:09,887.35,dev_fbb25b4e5c,region_10,upi,success,2024-07-18
txn_0002080,cust_00019,merch_0075,travel,2026-05-26 05:33:11,370.3,dev_c16cfa8786,region_12,card,success,2025-12-18
txn_0001601,cust_00015,merch_0150,food_delivery,2026-05-26 06:31:07,1083.88,dev_c85f2cd462,region_11,card,success,2025-04-26
txn_0001299,cust_00013,merch_0111,digital_goods,2026-05-26 07:31:31,980.54,dev_1e3cfb13fa,region_16,upi,success,2025-01-05
txn_0002736,cust_00025,merch_0016,fashion,2026-05-26 07:51:31,513.02,dev_c61377a306,region_09,card,success,2025-08-13
txn_0001888,cust_00017,merch_0081,fashion,2026-05-26 08:51:45,266.54,dev_e5dfc6a9a5,region_12,netbanking,failed,2026-01-13
txn_0003368,cust_00034,merch_0020,digital_goods,2026-05-26 09:21:03,1228.86,dev_b983ceccdc,region_23,upi,success,2025-12-14
txn_0002253,cust_00021,merch_0056,digital_goods,2026-05-26 10:08:21,483.88,dev_23cb667f8d,region_17,wallet,success,2026-01-27
txn_0001600,cust_00015,merch_0167,electronics,2026-05-26 10:15:01,948.02,dev_c85f2cd462,region_11,upi,failed,2025-04-26
txn_0001599,cust_00015,merch_0159,electronics,2026-05-26 10:40:34,498.0,dev_c85f2cd462,region_11,card,success,2025-04-26
txn_0003649,cust_00037,merch_0155,travel,2026-05-26 10:59:37,85.51,dev_e5a094c0cb,region_22,card,success,2026-03-22
txn_0001396,cust_00014,merch_0007,electronics,2026-05-26 12:12:31,168.98,dev_a3fb82f6fb,region_04,upi,success,2024-12-15
txn_0003818,cust_00039,merch_0142,fashion,2026-05-26 12:14:05,1795.01,dev_4899813274,region_24,card,success,2026-02-23
txn_0003367,cust_00034,merch_0096,digital_goods,2026-05-26 12:36:15,1717.82,dev_b983ceccdc,region_23,upi,success,2025-12-14
txn_0002373,cust_00022,merch_0087,travel,2026-05-26 12:38:29,606.42,dev_a7c1738df4,region_15,netbanking,success,2026-01-24
txn_0000249,cust_00001,merch_0041,digital_goods,2026-05-26 12:49:28,1573.94,dev_8b01cc1cb7,region_11,card,success,2026-03-16
txn_0001819,cust_00016,merch_0171,food_delivery,2026-05-26 12:59:10,907.07,dev_ff4d7123cb,region_05,card,failed,2026-03-16
txn_0002079,cust_00019,merch_0028,digital_goods,2026-05-26 13:04:42,241.43,dev_c16cfa8786,region_12,upi,success,2025-12-18
txn_0001138,cust_00011,merch_0087,travel,2026-05-26 13:11:32,425.55,dev_d97d35dfcc,region_16,upi,success,2025-12-23
txn_0001818,cust_00016,merch_0131,electronics,2026-05-26 13:35:32,578.63,dev_ff4d7123cb,region_05,wallet,success,2026-03-16
txn_0001300,cust_00013,merch_0096,digital_goods,2026-05-26 14:47:25,3447.74,dev_1e3cfb13fa,region_16,upi,success,2025-01-05
txn_0000954,cust_00009,merch_0016,fashion,2026-05-26 15:10:36,208.77,dev_c5b5464c6f,region_14,upi,success,2025-01-09
txn_0003650,cust_00037,merch_0086,electronics,2026-05-26 15:26:18,89.85,dev_e5a094c0cb,region_22,netbanking,success,2026-03-22
txn_0003153,cust_00029,merch_0019,travel,2026-05-26 16:11:00,1057.91,dev_9fe5b185ac,region_04,card,success,2025-05-28
txn_0001298,cust_00013,merch_0131,electronics,2026-05-26 16:13:03,1819.41,dev_1e3cfb13fa,region_16,upi,success,2025-01-05
txn_0000248,cust_00001,merch_0036,travel,2026-05-26 16:26:45,548.44,dev_8b01cc1cb7,region_11,netbanking,success,2026-03-16
txn_0003042,cust_00028,merch_0064,food_delivery,2026-05-26 16:59:38,390.22,dev_0fd2ab5f2c,region_20,card,success,2025-03-16
txn_0000758,cust_00006,merch_0119,home_goods,2026-05-26 18:06:33,743.75,dev_306b522224,region_20,card,success,2026-02-23
txn_0001930,cust_00018,merch_0074,travel,2026-05-26 18:48:47,17658.02,dev_e3250f6388,region_07,card,success,2026-02-06
txn_0003648,cust_00037,merch_0008,travel,2026-05-26 18:57:14,212.99,dev_e5a094c0cb,region_22,card,success,2026-03-22
txn_0000808,cust_00007,merch_0060,food_delivery,2026-05-26 19:04:41,665.33,dev_ded833c13d,region_05,netbanking,success,2026-01-03
txn_0000759,cust_00006,merch_0009,travel,2026-05-26 19:25:21,904.01,dev_306b522224,region_20,card,success,2026-02-23
txn_0001398,cust_00014,merch_0025,groceries,2026-05-26 19:38:13,132.12,dev_a3fb82f6fb,region_04,card,success,2024-12-15
txn_0000640,cust_00005,merch_0066,fashion,2026-05-26 20:23:13,946.0,dev_88a6698d70,region_09,card,success,2025-06-11
txn_0000807,cust_00007,merch_0165,groceries,2026-05-26 20:43:50,561.28,dev_ded833c13d,region_05,upi,success,2026-01-03
txn_0002554,cust_00024,merch_0004,digital_goods,2026-05-26 20:46:23,928.93,dev_fbb25b4e5c,region_10,netbanking,success,2024-07-18
txn_0003559,cust_00036,merch_0131,electronics,2026-05-26 21:14:52,392.6,dev_f10e01fbae,region_18,card,success,2026-02-20
txn_0001397,cust_00014,merch_0021,digital_goods,2026-05-26 21:48:31,66.53,dev_a3fb82f6fb,region_04,upi,success,2024-12-15
txn_0003250,cust_00031,merch_0147,food_delivery,2026-05-26 22:16:28,503.59,dev_b8ce223e2d,region_15,card,success,2025-02-16
txn_0002372,cust_00022,merch_0109,food_delivery,2026-05-26 22:33:22,489.79,dev_a7c1738df4,region_15,upi,success,2026-01-24
txn_0002870,cust_00026,merch_0075,travel,2026-05-26 22:42:57,653.32,dev_3d6886d22a,region_08,upi,success,2025-12-24
txn_0002735,cust_00025,merch_0003,food_delivery,2026-05-26 23:56:41,616.0,dev_c61377a306,region_09,card,success,2025-08-13
txn_0003251,cust_00031,merch_0019,travel,2026-05-27 00:24:09,109.28,dev_b8ce223e2d,region_15,card,success,2025-02-16
txn_0002449,cust_00023,merch_0152,electronics,2026-05-27 00:31:09,3629.98,dev_ae0251997d,region_13,card,success,2025-09-03
txn_0001308,cust_00013,merch_0119,home_goods,2026-05-27 00:52:08,1459.17,dev_1e3cfb13fa,region_16,card,success,2025-01-05
txn_0000762,cust_00006,merch_0062,groceries,2026-05-27 01:44:28,952.37,dev_147c9d6225,region_20,upi,failed,2026-02-23
txn_0000250,cust_00001,merch_0167,electronics,2026-05-27 01:59:02,2025.38,dev_8b01cc1cb7,region_11,card,success,2026-03-16
txn_0003819,cust_00039,merch_0023,food_delivery,2026-05-27 02:02:52,3745.11,dev_4899813274,region_24,netbanking,success,2026-02-23
txn_0001170,cust_00012,merch_0132,groceries,2026-05-27 02:44:22,34.07,dev_a68aa3d101,region_17,upi,success,2026-02-15
txn_0002255,cust_00021,merch_0149,electronics,2026-05-27 02:55:00,322.28,dev_23cb667f8d,region_17,card,success,2026-01-27
txn_0001825,cust_00016,merch_0094,home_goods,2026-05-27 03:05:57,1993.01,dev_ff4d7123cb,region_05,netbanking,success,2026-03-16
txn_0001889,cust_00017,merch_0176,electronics,2026-05-27 03:47:35,66.58,dev_e5dfc6a9a5,region_12,card,success,2026-01-13
txn_0003476,cust_00035,merch_0086,electronics,2026-05-27 03:55:00,1109.36,dev_26cb4432c0,region_04,upi,failed,2026-03-06
txn_0002740,cust_00025,merch_0012,food_delivery,2026-05-27 04:23:12,576.47,dev_c61377a306,region_09,upi,success,2025-08-13
txn_0003155,cust_00029,merch_0028,digital_goods,2026-05-27 04:31:34,580.31,dev_9fe5b185ac,region_04,netbanking,failed,2025-05-28
txn_0002081,cust_00019,merch_0096,digital_goods,2026-05-27 04:35:47,380.98,dev_c16cfa8786,region_12,card,success,2025-12-18
txn_0002737,cust_00025,merch_0042,home_goods,2026-05-27 04:49:01,864.78,dev_c61377a306,region_09,netbanking,failed,2025-08-13
txn_0003563,cust_00036,merch_0035,electronics,2026-05-27 04:53:18,182.78,dev_f10e01fbae,region_18,card,success,2026-02-20
txn_0001821,cust_00016,merch_0069,electronics,2026-05-27 04:54:04,1560.77,dev_ff4d7123cb,region_05,netbanking,failed,2026-03-16
txn_0001306,cust_00013,merch_0101,digital_goods,2026-05-27 04:58:46,1578.07,dev_1e3cfb13fa,region_16,netbanking,success,2025-01-05
txn_0001301,cust_00013,merch_0101,digital_goods,2026-05-27 06:13:00,1172.31,dev_1e3cfb13fa,region_16,upi,success,2025-01-05
txn_0001399,cust_00014,merch_0051,fashion,2026-05-27 07:04:41,135.88,dev_a3fb82f6fb,region_04,netbanking,success,2024-12-15
txn_0000550,cust_00004,merch_0066,fashion,2026-05-27 07:06:17,988.54,dev_5d98562187,region_22,netbanking,success,2025-10-27
txn_0001605,cust_00015,merch_0136,groceries,2026-05-27 07:32:54,1018.03,dev_c85f2cd462,region_11,card,success,2025-04-26
txn_0001307,cust_00013,merch_0105,fashion,2026-05-27 08:44:17,3070.18,dev_1e3cfb13fa,region_16,wallet,success,2025-01-05
txn_0001171,cust_00012,merch_0153,electronics,2026-05-27 09:01:56,152.0,dev_a68aa3d101,region_17,netbanking,success,2026-02-15
txn_0001401,cust_00014,merch_0049,fashion,2026-05-27 09:32:21,127.57,dev_a3fb82f6fb,region_04,upi,success,2024-12-15
txn_0001606,cust_00015,merch_0174,groceries,2026-05-27 10:05:52,1229.41,dev_c85f2cd462,region_11,upi,success,2025-04-26
txn_0002254,cust_00021,merch_0162,digital_goods,2026-05-27 10:07:52,361.81,dev_23cb667f8d,region_17,upi,success,2026-01-27
txn_0001604,cust_00015,merch_0123,fashion,2026-05-27 10:22:42,1113.71,dev_c85f2cd462,region_11,card,success,2025-04-26
txn_0001304,cust_00013,merch_0057,digital_goods,2026-05-27 11:25:56,1181.06,dev_1e3cfb13fa,region_16,card,success,2025-01-05
txn_0002556,cust_00024,merch_0078,digital_goods,2026-05-27 11:51:21,1106.82,dev_fbb25b4e5c,region_10,card,success,2024-07-18
txn_0001891,cust_00017,merch_0116,groceries,2026-05-27 13:25:20,242.24,dev_e5dfc6a9a5,region_12,card,success,2026-01-13
txn_0000809,cust_00007,merch_0100,groceries,2026-05-27 14:05:14,552.4,dev_ded833c13d,region_05,upi,success,2026-01-03
txn_0000867,cust_00008,merch_0048,groceries,2026-05-27 14:08:05,1561.73,dev_ddb545484a,region_14,netbanking,success,2024-12-23
txn_0003820,cust_00039,merch_0094,home_goods,2026-05-27 14:36:38,1744.04,dev_4899813274,region_24,wallet,success,2026-02-23
txn_0000075,cust_00000,merch_0063,groceries,2026-05-27 15:32:51,859.82,dev_d8eee72e0e,region_16,card,failed,2024-10-19
txn_0001140,cust_00011,merch_0002,fashion,2026-05-27 15:39:21,235.4,dev_d97d35dfcc,region_16,card,success,2025-12-23
txn_0001400,cust_00014,merch_0103,home_goods,2026-05-27 16:21:32,198.09,dev_a3fb82f6fb,region_04,upi,success,2024-12-15
txn_0003252,cust_00031,merch_0078,digital_goods,2026-05-27 17:07:35,463.11,dev_b8ce223e2d,region_15,card,success,2025-02-16
txn_0000641,cust_00005,merch_0011,digital_goods,2026-05-27 17:25:29,1708.59,dev_88a6698d70,region_09,upi,success,2025-06-11
txn_0002177,cust_00020,merch_0067,travel,2026-05-27 17:34:37,565.24,dev_44ebf7337f,region_16,card,success,2026-02-23
txn_0003562,cust_00036,merch_0175,groceries,2026-05-27 18:16:30,280.84,dev_f10e01fbae,region_18,card,success,2026-02-20
txn_0000866,cust_00008,merch_0179,travel,2026-05-27 18:27:20,1888.38,dev_ddb545484a,region_14,card,success,2024-12-23
txn_0002082,cust_00019,merch_0108,food_delivery,2026-05-27 18:56:44,418.63,dev_c16cfa8786,region_12,card,success,2025-12-18
txn_0002083,cust_00019,merch_0078,digital_goods,2026-05-27 19:06:15,390.17,dev_c16cfa8786,region_12,upi,success,2025-12-18
txn_0001890,cust_00017,merch_0103,home_goods,2026-05-27 19:22:39,324.76,dev_e5dfc6a9a5,region_12,card,success,2026-01-13
txn_0003154,cust_00029,merch_0179,travel,2026-05-27 19:33:46,670.86,dev_9fe5b185ac,region_04,card,success,2025-05-28
txn_0001822,cust_00016,merch_0024,fashion,2026-05-27 19:43:43,420.93,dev_ff4d7123cb,region_05,upi,success,2026-03-16
txn_0001139,cust_00011,merch_0067,travel,2026-05-27 20:08:56,233.06,dev_d97d35dfcc,region_16,card,success,2025-12-23
txn_0001824,cust_00016,merch_0083,digital_goods,2026-05-27 20:48:15,2157.32,dev_ff4d7123cb,region_05,netbanking,success,2026-03-16
txn_0001305,cust_00013,merch_0156,digital_goods,2026-05-27 20:57:13,90.34,dev_1e3cfb13fa,region_16,card,success,2025-01-05
txn_0001302,cust_00013,merch_0027,digital_goods,2026-05-27 21:27:57,768.06,dev_1e3cfb13fa,region_16,upi,success,2025-01-05
txn_0003475,cust_00035,merch_0014,digital_goods,2026-05-27 21:42:11,817.08,dev_26cb4432c0,region_04,upi,success,2026-03-06
txn_0001931,cust_00018,merch_0179,travel,2026-05-27 21:45:23,2170.69,dev_e3250f6388,region_07,upi,success,2026-02-06
txn_0001303,cust_00013,merch_0143,electronics,2026-05-27 21:55:46,10.0,dev_1e3cfb13fa,region_16,upi,success,2025-01-05
txn_0003739,cust_00038,merch_0078,digital_goods,2026-05-27 21:57:08,724.45,dev_52f1883043,region_06,wallet,success,2025-08-04
txn_0001823,cust_00016,merch_0169,electronics,2026-05-27 22:25:45,1883.27,dev_ff4d7123cb,region_05,card,success,2026-03-16
txn_0002738,cust_00025,merch_0140,food_delivery,2026-05-27 22:27:58,305.31,dev_c61377a306,region_09,upi,success,2025-08-13
txn_0003561,cust_00036,merch_0138,digital_goods,2026-05-27 22:42:51,266.31,dev_f10e01fbae,region_18,upi,success,2026-02-20
txn_0002739,cust_00025,merch_0065,food_delivery,2026-05-27 23:06:53,677.72,dev_c61377a306,region_09,upi,success,2025-08-13
txn_0000760,cust_00006,merch_0103,home_goods,2026-05-27 23:22:13,984.35,dev_306b522224,region_20,card,success,2026-02-23
txn_0001932,cust_00018,merch_0010,food_delivery,2026-05-27 23:25:03,13112.43,dev_e3250f6388,region_07,card,success,2026-02-06
txn_0000251,cust_00001,merch_0119,home_goods,2026-05-27 23:33:32,1639.16,dev_8b01cc1cb7,region_11,card,success,2026-03-16
txn_0002256,cust_00021,merch_0067,travel,2026-05-27 23:51:41,293.47,dev_23cb667f8d,region_17,card,success,2026-01-27
txn_0000761,cust_00006,merch_0070,home_goods,2026-05-27 23:52:19,309.73,dev_306b522224,region_20,card,success,2026-02-23
txn_0003043,cust_00028,merch_0054,digital_goods,2026-05-27 23:53:17,433.9,dev_0fd2ab5f2c,region_20,upi,success,2025-03-16
txn_0003651,cust_00037,merch_0086,electronics,2026-05-28 00:01:56,178.36,dev_e5a094c0cb,region_22,card,success,2026-03-22
txn_0002087,cust_00019,merch_0159,electronics,2026-05-28 00:25:44,324.15,dev_c16cfa8786,region_12,upi,success,2025-12-18
txn_0003264,cust_00032,merch_0016,fashion,2026-05-28 00:42:12,1512.41,dev_d8c019dd2b,region_03,card,success,2025-08-21
txn_0000078,cust_00000,merch_0038,travel,2026-05-28 00:53:44,2405.83,dev_d8eee72e0e,region_16,card,success,2024-10-19
txn_0003254,cust_00031,merch_0090,home_goods,2026-05-28 01:06:11,378.31,dev_b8ce223e2d,region_15,upi,success,2025-02-16
txn_0002871,cust_00026,merch_0078,digital_goods,2026-05-28 01:33:07,794.06,dev_3d6886d22a,region_08,upi,success,2025-12-24
txn_0002086,cust_00019,merch_0149,electronics,2026-05-28 01:43:51,309.69,dev_c16cfa8786,region_12,card,success,2025-12-18
txn_0002257,cust_00021,merch_0072,home_goods,2026-05-28 01:55:07,273.07,dev_23cb667f8d,region_17,card,success,2026-01-27
txn_0002085,cust_00019,merch_0045,home_goods,2026-05-28 02:00:57,444.82,dev_c16cfa8786,region_12,upi,success,2025-12-18
txn_0003046,cust_00028,merch_0020,digital_goods,2026-05-28 02:05:05,278.84,dev_0fd2ab5f2c,region_20,upi,success,2025-03-16
txn_0003477,cust_00035,merch_0002,fashion,2026-05-28 02:05:22,650.87,dev_26cb4432c0,region_04,card,success,2026-03-06
txn_0002376,cust_00022,merch_0032,digital_goods,2026-05-28 02:11:52,478.67,dev_a7c1738df4,region_15,upi,success,2026-01-24
txn_0000076,cust_00000,merch_0117,groceries,2026-05-28 02:22:16,10.0,dev_d8eee72e0e,region_16,card,success,2024-10-19
txn_0003157,cust_00029,merch_0163,digital_goods,2026-05-28 02:29:54,244.54,dev_9fe5b185ac,region_04,upi,success,2025-05-28
txn_0001144,cust_00011,merch_0136,groceries,2026-05-28 03:00:43,627.8,dev_d97d35dfcc,region_16,card,success,2025-12-23
txn_0002741,cust_00025,merch_0096,digital_goods,2026-05-28 03:30:42,421.87,dev_c61377a306,region_09,upi,success,2025-08-13
txn_0003821,cust_00039,merch_0158,groceries,2026-05-28 03:42:05,2298.89,dev_4899813274,region_24,card,success,2026-02-23
txn_0001142,cust_00011,merch_0095,digital_goods,2026-05-28 04:05:49,358.33,dev_d97d35dfcc,region_16,card,success,2025-12-23
txn_0001892,cust_00017,merch_0080,food_delivery,2026-05-28 04:06:34,263.97,dev_e5dfc6a9a5,region_12,card,success,2026-01-13
txn_0001607,cust_00015,merch_0111,digital_goods,2026-05-28 04:30:21,1195.08,dev_c85f2cd462,region_11,netbanking,success,2025-04-26
txn_0002558,cust_00024,merch_0057,digital_goods,2026-05-28 04:50:36,860.79,dev_fbb25b4e5c,region_10,upi,success,2024-07-18
txn_0003045,cust_00028,merch_0010,food_delivery,2026-05-28 04:53:09,424.45,dev_0fd2ab5f2c,region_20,netbanking,success,2025-03-16
txn_0003048,cust_00028,merch_0145,digital_goods,2026-05-28 05:34:41,206.05,dev_0fd2ab5f2c,region_20,upi,success,2025-03-16
txn_0000464,cust_00003,merch_0110,digital_goods,2026-05-28 05:59:24,847.11,dev_61c49512f5,region_20,netbanking,success,2025-12-30
txn_0001141,cust_00011,merch_0117,groceries,2026-05-28 06:23:33,170.15,dev_d97d35dfcc,region_16,netbanking,success,2025-12-23
txn_0000551,cust_00004,merch_0040,groceries,2026-05-28 06:30:02,1003.53,dev_5d98562187,region_22,card,success,2025-10-27
txn_0000465,cust_00003,merch_0151,fashion,2026-05-28 06:35:55,1197.31,dev_61c49512f5,region_20,upi,success,2025-12-30
txn_0002872,cust_00026,merch_0102,food_delivery,2026-05-28 07:51:57,483.72,dev_3d6886d22a,region_08,card,success,2025-12-24
txn_0003478,cust_00035,merch_0152,electronics,2026-05-28 08:14:26,918.74,dev_26cb4432c0,region_04,card,success,2026-03-06
txn_0002084,cust_00019,merch_0179,travel,2026-05-28 08:25:31,362.3,dev_c16cfa8786,region_12,card,success,2025-12-18
txn_0001172,cust_00012,merch_0101,digital_goods,2026-05-28 08:31:23,140.29,dev_a68aa3d101,region_17,card,success,2026-02-15
txn_0000077,cust_00000,merch_0178,travel,2026-05-28 08:50:43,1648.84,dev_d8eee72e0e,region_16,upi,success,2024-10-19
txn_0000298,cust_00002,merch_0041,digital_goods,2026-05-28 09:37:12,751.34,dev_c2fe882877,region_21,card,success,2026-01-21
txn_0000763,cust_00006,merch_0083,digital_goods,2026-05-28 10:07:30,1067.2,dev_306b522224,region_20,card,success,2026-02-23
txn_0002375,cust_00022,merch_0004,digital_goods,2026-05-28 10:20:04,342.75,dev_a7c1738df4,region_15,upi,success,2026-01-24
txn_0003369,cust_00034,merch_0163,digital_goods,2026-05-28 10:31:08,1701.8,dev_b983ceccdc,region_23,upi,success,2025-12-14
txn_0000868,cust_00008,merch_0149,electronics,2026-05-28 10:50:36,1158.16,dev_ddb545484a,region_14,upi,success,2024-12-23
txn_0003740,cust_00038,merch_0129,digital_goods,2026-05-28 11:10:23,251.73,dev_52f1883043,region_06,card,success,2025-08-04
txn_0001893,cust_00017,merch_0131,electronics,2026-05-28 11:40:40,205.0,dev_e5dfc6a9a5,region_12,upi,success,2026-01-13
txn_0001933,cust_00018,merch_0049,fashion,2026-05-28 11:46:29,7131.56,dev_e3250f6388,region_07,wallet,success,2026-02-06
txn_0001403,cust_00014,merch_0024,fashion,2026-05-28 12:00:30,82.69,dev_a3fb82f6fb,region_04,card,success,2024-12-15
txn_0002451,cust_00023,merch_0054,digital_goods,2026-05-28 12:26:10,2177.83,dev_ae0251997d,region_13,netbanking,success,2025-09-03
txn_0000869,cust_00008,merch_0085,travel,2026-05-28 12:54:21,1724.83,dev_ddb545484a,region_14,card,success,2024-12-23
txn_0001143,cust_00011,merch_0149,electronics,2026-05-28 13:12:25,645.03,dev_d97d35dfcc,region_16,card,success,2025-12-23
txn_0002873,cust_00026,merch_0110,digital_goods,2026-05-28 13:22:54,608.68,dev_3d6886d22a,region_08,netbanking,success,2025-12-24
txn_0001608,cust_00015,merch_0043,travel,2026-05-28 13:44:21,788.41,dev_c85f2cd462,region_11,upi,success,2025-04-26
txn_0003295,cust_00033,merch_0134,electronics,2026-05-28 13:52:59,4448.06,dev_3b4c2de63a,region_09,netbanking,success,2025-12-09
txn_0001402,cust_00014,merch_0161,food_delivery,2026-05-28 13:59:18,134.34,dev_a3fb82f6fb,region_04,upi,success,2024-12-15
txn_0003253,cust_00031,merch_0040,groceries,2026-05-28 14:00:46,299.17,dev_b8ce223e2d,region_15,card,success,2025-02-16
txn_0000956,cust_00009,merch_0021,digital_goods,2026-05-28 14:22:43,267.39,dev_c5b5464c6f,region_14,card,success,2025-01-09
txn_0001404,cust_00014,merch_0026,digital_goods,2026-05-28 15:23:15,245.6,dev_a3fb82f6fb,region_04,card,success,2024-12-15
txn_0002557,cust_00024,merch_0140,food_delivery,2026-05-28 15:42:43,1300.43,dev_fbb25b4e5c,region_10,upi,success,2024-07-18
txn_0003652,cust_00037,merch_0114,food_delivery,2026-05-28 16:54:15,250.19,dev_e5a094c0cb,region_22,card,success,2026-03-22
txn_0003564,cust_00036,merch_0117,groceries,2026-05-28 17:31:38,240.63,dev_f10e01fbae,region_18,netbanking,success,2026-02-20
txn_0003741,cust_00038,merch_0171,food_delivery,2026-05-28 17:46:19,312.83,dev_52f1883043,region_06,wallet,success,2025-08-04
txn_0003047,cust_00028,merch_0058,fashion,2026-05-28 17:46:59,289.56,dev_0fd2ab5f2c,region_20,card,success,2025-03-16
txn_0002374,cust_00022,merch_0148,home_goods,2026-05-28 17:52:46,561.4,dev_a7c1738df4,region_15,upi,success,2026-01-24
txn_0003044,cust_00028,merch_0022,groceries,2026-05-28 17:59:48,501.17,dev_0fd2ab5f2c,region_20,wallet,success,2025-03-16
txn_0001828,cust_00016,merch_0125,fashion,2026-05-28 18:49:10,1219.1,dev_ff4d7123cb,region_05,upi,success,2026-03-16
txn_0002088,cust_00019,merch_0135,home_goods,2026-05-28 19:09:06,480.1,dev_c16cfa8786,region_12,card,success,2025-12-18
txn_0000955,cust_00009,merch_0069,electronics,2026-05-28 19:30:36,229.96,dev_c5b5464c6f,region_14,upi,success,2025-01-09
txn_0001827,cust_00016,merch_0101,digital_goods,2026-05-28 20:38:29,1522.16,dev_ff4d7123cb,region_05,card,success,2026-03-16
txn_0000299,cust_00002,merch_0092,travel,2026-05-28 21:08:33,462.59,dev_c2fe882877,region_21,upi,success,2026-01-21
txn_0002377,cust_00022,merch_0138,digital_goods,2026-05-28 21:26:44,428.69,dev_a7c1738df4,region_15,upi,success,2026-01-24
txn_0002450,cust_00023,merch_0064,food_delivery,2026-05-28 21:30:44,4120.68,dev_ae0251997d,region_13,card,success,2025-09-03
txn_0003822,cust_00039,merch_0150,food_delivery,2026-05-28 21:43:05,547.3,dev_4899813274,region_10,upi,success,2026-02-23
txn_0001826,cust_00016,merch_0128,electronics,2026-05-28 22:08:19,1935.41,dev_ff4d7123cb,region_05,card,success,2026-03-16
txn_0000466,cust_00003,merch_0112,electronics,2026-05-28 22:36:55,1009.27,dev_61c49512f5,region_20,netbanking,success,2025-12-30
txn_0003156,cust_00029,merch_0152,electronics,2026-05-28 23:07:56,537.2,dev_9fe5b185ac,region_04,upi,success,2025-05-28
txn_0002745,cust_00025,merch_0072,home_goods,2026-05-29 00:09:43,692.94,dev_c61377a306,region_09,wallet,success,2025-08-13
txn_0002562,cust_00024,merch_0168,digital_goods,2026-05-29 00:19:40,898.76,dev_fbb25b4e5c,region_10,card,success,2024-07-18
txn_0002258,cust_00021,merch_0085,travel,2026-05-29 00:43:52,327.4,dev_23cb667f8d,region_17,card,success,2026-01-27
txn_0003565,cust_00036,merch_0096,digital_goods,2026-05-29 00:59:39,215.52,dev_f10e01fbae,region_18,netbanking,success,2026-02-20
txn_0000766,cust_00006,merch_0086,electronics,2026-05-29 01:18:28,685.94,dev_306b522224,region_20,upi,success,2026-02-23
txn_0003479,cust_00035,merch_0032,digital_goods,2026-05-29 01:35:49,1046.67,dev_26cb4432c0,region_04,card,success,2026-03-06
txn_0003655,cust_00037,merch_0086,electronics,2026-05-29 01:55:39,157.15,dev_e5a094c0cb,region_22,upi,success,2026-03-22
txn_0003566,cust_00036,merch_0148,home_goods,2026-05-29 02:00:38,338.94,dev_f10e01fbae,region_18,card,success,2026-02-20
txn_0000642,cust_00005,merch_0153,electronics,2026-05-29 02:26:20,1374.44,dev_88a6698d70,region_09,upi,success,2025-06-11
txn_0000256,cust_00001,merch_0129,digital_goods,2026-05-29 02:54:28,831.77,dev_8b01cc1cb7,region_11,card,failed,2026-03-16
txn_0001145,cust_00011,merch_0147,food_delivery,2026-05-29 03:29:16,185.02,dev_d97d35dfcc,region_16,card,success,2025-12-23
txn_0003265,cust_00032,merch_0015,food_delivery,2026-05-29 04:07:27,808.89,dev_d8c019dd2b,region_03,upi,success,2025-08-21
txn_0003049,cust_00028,merch_0154,digital_goods,2026-05-29 04:13:49,609.89,dev_0fd2ab5f2c,region_20,upi,success,2025-03-16
txn_0002743,cust_00025,merch_0092,travel,2026-05-29 04:19:01,612.57,dev_c61377a306,region_09,card,success,2025-08-13
txn_0001406,cust_00014,merch_0028,digital_goods,2026-05-29 04:29:33,133.0,dev_a3fb82f6fb,region_04,card,success,2024-12-15
txn_0001829,cust_00016,merch_0004,digital_goods,2026-05-29 04:36:24,1385.63,dev_ff4d7123cb,region_05,card,success,2026-03-16
txn_0003297,cust_00033,merch_0033,home_goods,2026-05-29 04:59:04,3543.58,dev_3b4c2de63a,region_09,card,success,2025-12-09
txn_0001611,cust_00015,merch_0060,food_delivery,2026-05-29 05:04:07,1105.14,dev_c85f2cd462,region_11,card,success,2025-04-26
txn_0003653,cust_00037,merch_0166,groceries,2026-05-29 05:48:05,69.89,dev_e5a094c0cb,region_22,card,success,2026-03-22
txn_0003053,cust_00028,merch_0002,fashion,2026-05-29 06:06:15,318.39,dev_0fd2ab5f2c,region_20,card,success,2025-03-16
txn_0001309,cust_00013,merch_0081,fashion,2026-05-29 06:20:24,3194.64,dev_1e3cfb13fa,region_16,card,success,2025-01-05
txn_0002747,cust_00025,merch_0021,digital_goods,2026-05-29 06:36:49,613.91,dev_c61377a306,region_09,upi,success,2025-08-13
txn_0000643,cust_00005,merch_0099,fashion,2026-05-29 06:48:41,600.43,dev_88a6698d70,region_09,card,failed,2025-06-11
txn_0003743,cust_00038,merch_0104,travel,2026-05-29 08:41:18,445.01,dev_52f1883043,region_06,upi,success,2025-08-04
txn_0002746,cust_00025,merch_0108,food_delivery,2026-05-29 08:44:31,474.83,dev_c61377a306,region_09,netbanking,success,2025-08-13
txn_0002744,cust_00025,merch_0058,fashion,2026-05-29 08:59:17,757.53,dev_c61377a306,region_09,card,success,2025-08-13
txn_0001405,cust_00014,merch_0018,home_goods,2026-05-29 09:34:46,176.28,dev_a3fb82f6fb,region_04,upi,success,2024-12-15
txn_0003296,cust_00033,merch_0178,travel,2026-05-29 09:39:01,2607.1,dev_3b4c2de63a,region_09,card,failed,2025-12-09
txn_0003654,cust_00037,merch_0078,digital_goods,2026-05-29 09:44:23,380.17,dev_e5a094c0cb,region_22,card,success,2026-03-22
txn_0000080,cust_00000,merch_0123,fashion,2026-05-29 10:34:07,1351.31,dev_d8eee72e0e,region_16,card,success,2024-10-19
txn_0000252,cust_00001,merch_0065,food_delivery,2026-05-29 11:23:12,1286.89,dev_8b01cc1cb7,region_11,card,success,2026-03-16
txn_0000957,cust_00009,merch_0042,home_goods,2026-05-29 11:30:04,299.84,dev_c5b5464c6f,region_14,upi,success,2025-01-09
txn_0000467,cust_00003,merch_0174,groceries,2026-05-29 13:08:32,1398.9,dev_61c49512f5,region_20,card,success,2025-12-30
txn_0002742,cust_00025,merch_0094,home_goods,2026-05-29 13:25:34,493.27,dev_c61377a306,region_09,upi,success,2025-08-13
txn_0002559,cust_00024,merch_0118,groceries,2026-05-29 13:26:54,863.99,dev_fbb25b4e5c,region_10,wallet,success,2024-07-18
txn_0003050,cust_00028,merch_0062,groceries,2026-05-29 14:32:02,569.78,dev_0fd2ab5f2c,region_20,card,success,2025-03-16
txn_0000254,cust_00001,merch_0134,electronics,2026-05-29 14:49:05,443.51,dev_8b01cc1cb7,region_11,card,success,2026-03-16
txn_0002748,cust_00025,merch_0092,travel,2026-05-29 14:58:02,608.25,dev_c61377a306,region_09,netbanking,success,2025-08-13
txn_0000644,cust_00005,merch_0031,home_goods,2026-05-29 15:13:08,579.73,dev_88a6698d70,region_09,upi,success,2025-06-11
txn_0002560,cust_00024,merch_0106,fashion,2026-05-29 15:29:15,792.92,dev_fbb25b4e5c,region_10,upi,failed,2024-07-18
txn_0003823,cust_00039,merch_0173,electronics,2026-05-29 15:34:31,2870.68,dev_4899813274,region_02,wallet,success,2026-02-23
txn_0003742,cust_00038,merch_0064,food_delivery,2026-05-29 15:35:03,229.58,dev_52f1883043,region_06,netbanking,success,2025-08-04
txn_0000253,cust_00001,merch_0002,fashion,2026-05-29 15:48:36,1760.24,dev_8b01cc1cb7,region_11,upi,failed,2026-03-16
txn_0001310,cust_00013,merch_0154,digital_goods,2026-05-29 15:55:38,3492.33,dev_1e3cfb13fa,region_16,upi,success,2025-01-05
txn_0003255,cust_00031,merch_0021,digital_goods,2026-05-29 17:10:10,236.43,dev_b8ce223e2d,region_15,wallet,success,2025-02-16
txn_0003052,cust_00028,merch_0000,travel,2026-05-29 17:36:00,271.58,dev_0fd2ab5f2c,region_20,card,success,2025-03-16
txn_0002259,cust_00021,merch_0069,electronics,2026-05-29 18:14:01,403.13,dev_23cb667f8d,region_17,card,failed,2026-01-27
txn_0000255,cust_00001,merch_0155,travel,2026-05-29 18:19:48,351.46,dev_8b01cc1cb7,region_11,card,success,2026-03-16
txn_0001610,cust_00015,merch_0169,electronics,2026-05-29 18:57:34,1384.76,dev_c85f2cd462,region_11,netbanking,success,2025-04-26
txn_0003370,cust_00034,merch_0152,electronics,2026-05-29 19:25:54,1735.3,dev_b983ceccdc,region_23,upi,success,2025-12-14
txn_0000764,cust_00006,merch_0126,food_delivery,2026-05-29 19:27:15,734.44,dev_306b522224,region_20,card,success,2026-02-23
txn_0003051,cust_00028,merch_0000,travel,2026-05-29 19:47:28,367.34,dev_0fd2ab5f2c,region_20,upi,success,2025-03-16
txn_0000765,cust_00006,merch_0137,digital_goods,2026-05-29 19:52:10,10.0,dev_306b522224,region_20,upi,success,2026-02-23
txn_0001609,cust_00015,merch_0004,digital_goods,2026-05-29 20:35:54,770.47,dev_c85f2cd462,region_11,card,success,2025-04-26
txn_0000468,cust_00003,merch_0072,home_goods,2026-05-29 20:43:33,1382.45,dev_61c49512f5,region_20,card,success,2025-12-30
txn_0002561,cust_00024,merch_0107,groceries,2026-05-29 22:02:58,949.2,dev_fbb25b4e5c,region_10,upi,success,2024-07-18
txn_0000079,cust_00000,merch_0031,home_goods,2026-05-29 22:31:59,634.38,dev_d8eee72e0e,region_16,upi,success,2024-10-19
txn_0000552,cust_00004,merch_0134,electronics,2026-05-29 22:36:26,991.6,dev_5d98562187,region_22,upi,success,2025-10-27
txn_0003158,cust_00029,merch_0065,food_delivery,2026-05-29 23:46:57,463.18,dev_9fe5b185ac,region_04,card,success,2025-05-28
txn_0003056,cust_00028,merch_0165,groceries,2026-05-30 00:01:11,210.01,dev_0fd2ab5f2c,region_20,upi,success,2025-03-16
txn_0003159,cust_00029,merch_0135,home_goods,2026-05-30 01:27:52,497.69,dev_9fe5b185ac,region_04,wallet,success,2025-05-28
txn_0000471,cust_00003,merch_0019,travel,2026-05-30 01:28:31,1075.09,dev_61c49512f5,region_20,card,success,2025-12-30
txn_0001612,cust_00015,merch_0031,home_goods,2026-05-30 02:26:08,1161.07,dev_c85f2cd462,region_11,upi,success,2025-04-26
txn_0002749,cust_00025,merch_0142,fashion,2026-05-30 02:26:10,558.78,dev_c61377a306,region_09,card,success,2025-08-13
txn_0002750,cust_00025,merch_0088,groceries,2026-05-30 02:42:42,615.16,dev_c61377a306,region_09,upi,success,2025-08-13
txn_0003480,cust_00035,merch_0081,fashion,2026-05-30 03:14:30,658.7,dev_26cb4432c0,region_04,netbanking,success,2026-03-06
txn_0001616,cust_00015,merch_0130,food_delivery,2026-05-30 03:15:13,871.11,dev_c85f2cd462,region_11,netbanking,success,2025-04-26
txn_0001007,cust_00010,merch_0014,digital_goods,2026-05-30 03:15:21,586.33,dev_f3a63af8f4,region_24,card,success,2025-10-17
txn_0002452,cust_00023,merch_0013,travel,2026-05-30 04:07:41,2087.86,dev_ae0251997d,region_13,upi,success,2025-09-03
txn_0001407,cust_00014,merch_0026,digital_goods,2026-05-30 04:26:31,146.27,dev_a3fb82f6fb,region_04,card,failed,2024-12-15
txn_0003824,cust_00039,merch_0152,electronics,2026-05-30 05:21:18,1720.69,dev_4899813274,region_24,upi,success,2026-02-23
txn_0003298,cust_00033,merch_0013,travel,2026-05-30 05:44:53,3482.39,dev_3b4c2de63a,region_09,card,success,2025-12-09
txn_0003656,cust_00037,merch_0162,digital_goods,2026-05-30 06:45:00,122.32,dev_e5a094c0cb,region_22,card,success,2026-03-22
txn_0002751,cust_00025,merch_0135,home_goods,2026-05-30 07:03:52,565.53,dev_c61377a306,region_09,card,success,2025-08-13
txn_0000646,cust_00005,merch_0136,groceries,2026-05-30 07:07:38,1892.2,dev_88a6698d70,region_09,card,success,2025-06-11
txn_0002564,cust_00024,merch_0083,digital_goods,2026-05-30 07:20:05,434.7,dev_fbb25b4e5c,region_10,upi,success,2024-07-18
txn_0003481,cust_00035,merch_0067,travel,2026-05-30 07:21:34,895.02,dev_26cb4432c0,region_04,card,success,2026-03-06
txn_0000470,cust_00003,merch_0077,home_goods,2026-05-30 07:44:32,838.54,dev_61c49512f5,region_20,card,success,2025-12-30
txn_0000645,cust_00005,merch_0043,travel,2026-05-30 08:06:26,943.33,dev_88a6698d70,region_09,card,success,2025-06-11
txn_0003055,cust_00028,merch_0094,home_goods,2026-05-30 08:19:35,300.69,dev_0fd2ab5f2c,region_20,netbanking,success,2025-03-16
txn_0002089,cust_00019,merch_0068,travel,2026-05-30 08:34:18,427.32,dev_c16cfa8786,region_12,upi,success,2025-12-18
txn_0002378,cust_00022,merch_0094,home_goods,2026-05-30 08:56:46,829.57,dev_a7c1738df4,region_15,card,success,2026-01-24
txn_0000958,cust_00009,merch_0154,digital_goods,2026-05-30 09:03:15,335.5,dev_c5b5464c6f,region_14,upi,success,2025-01-09
txn_0002565,cust_00024,merch_0154,digital_goods,2026-05-30 09:23:58,1074.3,dev_fbb25b4e5c,region_10,card,success,2024-07-18
txn_0001832,cust_00016,merch_0100,groceries,2026-05-30 10:02:50,1375.05,dev_ff4d7123cb,region_05,card,success,2026-03-16
txn_0001311,cust_00013,merch_0012,food_delivery,2026-05-30 10:05:23,2842.71,dev_1e3cfb13fa,region_16,netbanking,success,2025-01-05
txn_0001615,cust_00015,merch_0006,food_delivery,2026-05-30 11:00:18,1340.84,dev_c85f2cd462,region_11,upi,success,2025-04-26
txn_0003371,cust_00034,merch_0154,digital_goods,2026-05-30 11:31:15,1336.22,dev_b983ceccdc,region_01,upi,success,2025-12-14
txn_0003825,cust_00039,merch_0168,digital_goods,2026-05-30 12:17:17,3177.08,dev_4899813274,region_24,wallet,success,2026-02-23
txn_0003745,cust_00038,merch_0051,fashion,2026-05-30 12:19:38,403.2,dev_52f1883043,region_06,upi,success,2025-08-04
txn_0001830,cust_00016,merch_0050,digital_goods,2026-05-30 12:47:01,1094.96,dev_ff4d7123cb,region_05,upi,success,2026-03-16
txn_0002379,cust_00022,merch_0033,home_goods,2026-05-30 12:59:35,538.11,dev_a7c1738df4,region_15,card,success,2026-01-24
txn_0001894,cust_00017,merch_0104,travel,2026-05-30 13:51:00,119.15,dev_e5dfc6a9a5,region_12,card,success,2026-01-13
txn_0003657,cust_00037,merch_0075,travel,2026-05-30 14:02:02,234.4,dev_e5a094c0cb,region_22,netbanking,success,2026-03-22
txn_0002896,cust_00027,merch_0119,home_goods,2026-05-30 15:16:33,591.91,dev_a2803eee45,region_24,card,success,2026-03-08
txn_0002563,cust_00024,merch_0114,food_delivery,2026-05-30 15:43:25,1306.95,dev_fbb25b4e5c,region_10,upi,success,2024-07-18
txn_0000258,cust_00001,merch_0103,home_goods,2026-05-30 15:47:29,853.43,dev_8b01cc1cb7,region_11,card,success,2026-03-16
txn_0000472,cust_00003,merch_0088,groceries,2026-05-30 16:26:02,941.88,dev_61c49512f5,region_20,upi,success,2025-12-30
txn_0001173,cust_00012,merch_0111,digital_goods,2026-05-30 16:45:44,98.33,dev_a68aa3d101,region_17,upi,success,2026-02-15
txn_0002091,cust_00019,merch_0142,fashion,2026-05-30 16:55:15,302.36,dev_c16cfa8786,region_12,upi,success,2025-12-18
txn_0002381,cust_00022,merch_0099,fashion,2026-05-30 17:06:34,676.88,dev_a7c1738df4,region_15,card,success,2026-01-24
txn_0003160,cust_00029,merch_0142,fashion,2026-05-30 17:10:11,774.87,dev_9fe5b185ac,region_04,upi,failed,2025-05-28
txn_0003567,cust_00036,merch_0005,electronics,2026-05-30 18:12:45,356.76,dev_f10e01fbae,region_18,upi,success,2026-02-20
txn_0000300,cust_00002,merch_0040,groceries,2026-05-30 18:23:53,310.87,dev_c2fe882877,region_21,card,success,2026-01-21
txn_0000767,cust_00006,merch_0012,food_delivery,2026-05-30 18:44:11,1210.87,dev_306b522224,region_20,card,success,2026-02-23
txn_0002092,cust_00019,merch_0075,travel,2026-05-30 18:55:51,330.84,dev_c16cfa8786,region_12,card,success,2025-12-18
txn_0001831,cust_00016,merch_0145,digital_goods,2026-05-30 19:06:10,1498.02,dev_ff4d7123cb,region_05,card,success,2026-03-16
txn_0003744,cust_00038,merch_0137,digital_goods,2026-05-30 19:33:18,161.59,dev_52f1883043,region_06,card,success,2025-08-04
txn_0001614,cust_00015,merch_0054,digital_goods,2026-05-30 20:13:14,1314.76,dev_c85f2cd462,region_11,wallet,success,2025-04-26
txn_0003054,cust_00028,merch_0129,digital_goods,2026-05-30 20:24:11,491.87,dev_0fd2ab5f2c,region_20,card,success,2025-03-16
txn_0002380,cust_00022,merch_0012,food_delivery,2026-05-30 20:25:02,325.95,dev_a7c1738df4,region_15,upi,success,2026-01-24
txn_0003826,cust_00039,merch_0134,electronics,2026-05-30 20:29:43,2733.51,dev_4899813274,region_24,card,success,2026-02-23
txn_0001613,cust_00015,merch_0079,fashion,2026-05-30 20:34:23,810.05,dev_c85f2cd462,region_11,card,success,2025-04-26
txn_0001408,cust_00014,merch_0067,travel,2026-05-30 21:39:31,73.49,dev_a3fb82f6fb,region_04,upi,success,2024-12-15
txn_0002752,cust_00025,merch_0035,electronics,2026-05-30 21:40:36,440.17,dev_c61377a306,region_09,card,success,2025-08-13
txn_0000469,cust_00003,merch_0039,fashion,2026-05-30 22:24:20,1323.97,dev_61c49512f5,region_20,netbanking,failed,2025-12-30
txn_0002090,cust_00019,merch_0126,food_delivery,2026-05-30 22:38:57,467.16,dev_c16cfa8786,region_12,netbanking,success,2025-12-18
txn_0003256,cust_00031,merch_0124,electronics,2026-05-30 22:47:24,323.24,dev_b8ce223e2d,region_15,card,success,2025-02-16
txn_0002753,cust_00025,merch_0016,fashion,2026-05-30 22:51:31,560.52,dev_c61377a306,region_09,upi,success,2025-08-13
txn_0002874,cust_00026,merch_0027,digital_goods,2026-05-30 23:06:08,491.8,dev_3d6886d22a,region_08,card,success,2025-12-24
txn_0000257,cust_00001,merch_0063,groceries,2026-05-30 23:11:16,1360.65,dev_8b01cc1cb7,region_11,netbanking,success,2026-03-16
txn_0000081,cust_00000,merch_0162,digital_goods,2026-05-30 23:12:15,1803.62,dev_d8eee72e0e,region_16,upi,success,2024-10-19
txn_0003746,cust_00038,merch_0115,home_goods,2026-05-30 23:43:12,697.68,dev_52f1883043,region_06,wallet,success,2025-08-04
txn_0000473,cust_00003,merch_0150,food_delivery,2026-05-30 23:52:09,1135.97,dev_61c49512f5,region_20,netbanking,success,2025-12-30
